[20:57:48] SELECT ItemCount FROM GameServerInfo WHERE Number = 0
[20:57:48] SELECT ItemCount FROM GameServerInfo WHERE Number = 0
[20:57:48] SELECT param_value FROM IGC_Config WHERE param_name = 'db_version'
[20:57:48] IF ((SELECT data_type FROM INFORMATION_SCHEMA.columns WHERE table_name = 'IGC_PentagramInfo_old' AND column_name = 'PentagramInfo') = 'varbinary') SELECT 1 AS Result
[20:57:48] SELECT GensRankingMonth FROM GameServerInfo WHERE Number=0
[20:57:48] SELECT * From IGC_Gens WHERE Influence=1 ORDER By Points DESC
[20:57:48] UPDATE IGC_Gens SET Class=14 WHERE Name = 'Ikashka'
[20:57:48] UPDATE IGC_Gens SET Class=14 WHERE Name = 'uckyBcTBo'
[20:57:48] UPDATE IGC_Gens SET Class=14 WHERE Name = 'Zlato4ka'
[20:57:48] SELECT * From IGC_Gens WHERE Influence=2 ORDER By Points DESC
[20:57:48] UPDATE IGC_Gens SET Class=13 WHERE Name = 'Alesis'
[20:57:48] UPDATE IGC_Gens SET Class=14 WHERE Name = 'isk5'
[20:57:48] UPDATE IGC_Gens SET Class=14 WHERE Name = 'isk6'
[20:57:48] UPDATE IGC_Gens SET Class=14 WHERE Name = 'isk7'
[20:57:48] UPDATE IGC_Gens SET Class=14 WHERE Name = 'Buff666'
[20:57:48] UPDATE IGC_Gens SET Class=14 WHERE Name = 'Buff87'
[20:57:48] UPDATE IGC_Gens SET Class=14 WHERE Name = 'Sm87'
[20:57:48] UPDATE IGC_Gens SET Class=14 WHERE Name = 'CnokouHo'
[20:57:48] UPDATE IGC_Gens SET Class=14 WHERE Name = 'CowMD'
[20:57:48] UPDATE IGC_Gens SET Class=14 WHERE Name = '4RAGORN'
[20:57:48] UPDATE IGC_Gens SET Class=14 WHERE Name = '101IK'
[20:57:48] UPDATE IGC_Gens SET Class=14 WHERE Name = '2MeThienHa'
[20:57:48] UPDATE IGC_Gens SET Class=14 WHERE Name = '3KunDun'
[20:57:48] UPDATE IGC_Gens SET Class=14 WHERE Name = 'Deva'
[20:57:48] UPDATE IGC_Gens SET Class=14 WHERE Name = 'Elvis'
[20:57:48] UPDATE IGC_Gens SET Class=14 WHERE Name = 'Hapkomuk'
[20:57:48] UPDATE IGC_Gens SET Class=14 WHERE Name = 'Ladyzinha'
[20:57:48] UPDATE IGC_Gens SET Class=14 WHERE Name = 'RatLaVL'
[20:57:48] UPDATE IGC_Gens SET Class=14 WHERE Name = 'refuseDL'
[20:57:48] UPDATE IGC_Gens SET Class=14 WHERE Name = 'Sororitas'
[20:57:48] SELECT * FROM IGC_MonsterSoul_Config
[20:57:48] IF ((SELECT data_type FROM INFORMATION_SCHEMA.columns WHERE table_name = 'IGC_PStore_Items_old' AND column_name = 'ItemData') = 'varbinary') SELECT 1 AS Result
[20:57:48] EXEC IGC_PersonalStore_LoadAllStores
[20:57:48] EXEC IGC_PersonalStore_LoadOffer 174
[20:57:48] EXEC IGC_PersonalStore_LoadItem 290
[20:57:48] EXEC IGC_PersonalStore_LoadItem 291
[20:57:48] EXEC IGC_PersonalStore_LoadItem 292
[20:57:48] EXEC IGC_PersonalStore_LoadItem 293
[20:57:48] EXEC IGC_PersonalStore_LoadItem 294
[20:57:48] EXEC IGC_PersonalStore_LoadOffer 175
[20:57:48] EXEC IGC_PersonalStore_LoadItem 295
[20:57:48] EXEC IGC_PersonalStore_LoadItem 296
[20:57:48] EXEC IGC_PersonalStore_LoadItem 297
[20:57:48] EXEC IGC_PersonalStore_LoadItem 298
[20:57:48] EXEC IGC_PersonalStore_LoadItem 299
[20:57:48] EXEC IGC_PersonalStore_LoadOffer 540
[20:57:48] EXEC IGC_PersonalStore_LoadOffer 541
[20:57:48] EXEC IGC_PersonalStore_LoadItem 1027
[20:57:48] EXEC IGC_PersonalStore_LoadOffer 542
[20:57:48] EXEC IGC_PersonalStore_LoadItem 1028
[20:57:48] EXEC IGC_PersonalStore_LoadOffer 543
[20:57:48] EXEC IGC_PersonalStore_LoadItem 1029
[20:57:48] EXEC IGC_PersonalStore_LoadOffer 74
[20:57:48] EXEC IGC_PersonalStore_LoadItem 139
[20:57:48] EXEC IGC_PersonalStore_LoadOffer 754
[20:57:48] EXEC IGC_PersonalStore_LoadOffer 428
[20:57:48] EXEC IGC_PersonalStore_LoadOffer 767
[20:57:48] EXEC IGC_PersonalStore_LoadItem 1403
[20:57:48] EXEC IGC_PersonalStore_LoadItem 1404
[20:57:48] EXEC IGC_PersonalStore_LoadItem 1405
[20:57:48] EXEC IGC_PersonalStore_LoadItem 1406
[20:57:48] EXEC IGC_PersonalStore_LoadItem 1407
[20:57:48] EXEC IGC_PersonalStore_LoadOffer 351
[20:57:48] EXEC IGC_PersonalStore_LoadItem 638
[20:57:48] EXEC IGC_PersonalStore_LoadItem 639
[20:57:48] EXEC IGC_PersonalStore_LoadItem 640
[20:57:48] EXEC IGC_PersonalStore_LoadItem 641
[20:57:48] EXEC IGC_PersonalStore_LoadItem 642
[20:57:48] EXEC IGC_PersonalStore_LoadOffer 367
[20:57:48] EXEC IGC_PersonalStore_LoadItem 662
[20:57:48] EXEC IGC_PersonalStore_LoadItem 663
[20:57:48] EXEC IGC_PersonalStore_LoadItem 664
[20:57:48] EXEC IGC_PersonalStore_LoadItem 665
[20:57:48] EXEC IGC_PersonalStore_LoadItem 666
[20:57:48] EXEC IGC_PersonalStore_LoadOffer 368
[20:57:48] EXEC IGC_PersonalStore_LoadItem 667
[20:57:48] EXEC IGC_PersonalStore_LoadItem 668
[20:57:48] EXEC IGC_PersonalStore_LoadItem 669
[20:57:48] EXEC IGC_PersonalStore_LoadItem 670
[20:57:48] EXEC IGC_PersonalStore_LoadItem 671
[20:57:48] EXEC IGC_PersonalStore_LoadOffer 446
[20:57:48] EXEC IGC_PersonalStore_LoadItem 843
[20:57:48] EXEC IGC_PersonalStore_LoadItem 844
[20:57:48] EXEC IGC_PersonalStore_LoadItem 845
[20:57:48] EXEC IGC_PersonalStore_LoadItem 846
[20:57:48] EXEC IGC_PersonalStore_LoadItem 847
[20:57:48] EXEC IGC_PersonalStore_LoadOffer 447
[20:57:48] EXEC IGC_PersonalStore_LoadItem 848
[20:57:48] EXEC IGC_PersonalStore_LoadItem 849
[20:57:48] EXEC IGC_PersonalStore_LoadItem 850
[20:57:48] EXEC IGC_PersonalStore_LoadItem 851
[20:57:48] EXEC IGC_PersonalStore_LoadOffer 483
[20:57:48] EXEC IGC_PersonalStore_LoadItem 931
[20:57:48] EXEC IGC_PersonalStore_LoadItem 932
[20:57:48] EXEC IGC_PersonalStore_LoadItem 933
[20:57:48] EXEC IGC_PersonalStore_LoadItem 934
[20:57:48] EXEC IGC_PersonalStore_LoadItem 935
[20:57:48] EXEC IGC_PersonalStore_LoadOffer 691
[20:57:48] EXEC IGC_PersonalStore_LoadItem 1270
[20:57:48] EXEC IGC_PersonalStore_LoadItem 1271
[20:57:48] EXEC IGC_PersonalStore_LoadItem 1272
[20:57:48] EXEC IGC_PersonalStore_LoadItem 1273
[20:57:48] EXEC IGC_PersonalStore_LoadItem 1274
[20:57:48] EXEC IGC_PersonalStore_LoadOffer 162
[20:57:48] EXEC IGC_PersonalStore_LoadItem 273
[20:57:48] EXEC IGC_PersonalStore_LoadItem 274
[20:57:48] EXEC IGC_PersonalStore_LoadItem 275
[20:57:48] EXEC IGC_PersonalStore_LoadItem 276
[20:57:48] EXEC IGC_PersonalStore_LoadItem 277
[20:57:48] EXEC IGC_PersonalStore_LoadOffer 160
[20:57:48] EXEC IGC_PersonalStore_LoadItem 263
[20:57:48] EXEC IGC_PersonalStore_LoadItem 264
[20:57:48] EXEC IGC_PersonalStore_LoadItem 265
[20:57:48] EXEC IGC_PersonalStore_LoadItem 266
[20:57:48] EXEC IGC_PersonalStore_LoadItem 267
[20:57:48] EXEC IGC_PersonalStore_LoadOffer 177
[20:57:48] EXEC IGC_PersonalStore_LoadItem 305
[20:57:48] EXEC IGC_PersonalStore_LoadItem 306
[20:57:48] EXEC IGC_PersonalStore_LoadItem 307
[20:57:48] EXEC IGC_PersonalStore_LoadItem 308
[20:57:48] EXEC IGC_PersonalStore_LoadItem 309
[20:57:48] EXEC IGC_PersonalStore_LoadOffer 656
[20:57:48] EXEC IGC_PersonalStore_LoadItem 1206
[20:57:48] EXEC IGC_PersonalStore_LoadItem 1207
[20:57:48] EXEC IGC_PersonalStore_LoadItem 1208
[20:57:48] EXEC IGC_PersonalStore_LoadItem 1209
[20:57:48] EXEC IGC_PersonalStore_LoadItem 1210
[20:57:48] EXEC IGC_PersonalStore_LoadOffer 544
[20:57:48] EXEC IGC_PersonalStore_LoadItem 1030
[20:57:48] EXEC IGC_PersonalStore_LoadItem 1031
[20:57:48] EXEC IGC_PersonalStore_LoadItem 1032
[20:57:48] EXEC IGC_PersonalStore_LoadItem 1033
[20:57:48] EXEC IGC_PersonalStore_LoadItem 1034
[20:57:48] EXEC IGC_PersonalStore_LoadOffer 685
[20:57:48] EXEC IGC_PersonalStore_LoadItem 1244
[20:57:48] EXEC IGC_PersonalStore_LoadItem 1245
[20:57:48] EXEC IGC_PersonalStore_LoadItem 1246
[20:57:48] EXEC IGC_PersonalStore_LoadItem 1247
[20:57:48] EXEC IGC_PersonalStore_LoadItem 1248
[20:57:48] EXEC IGC_PersonalStore_LoadOffer 23
[20:57:48] EXEC IGC_PersonalStore_LoadItem 61
[20:57:48] EXEC IGC_PersonalStore_LoadOffer 293
[20:57:48] EXEC IGC_PersonalStore_LoadOffer 546
[20:57:48] EXEC IGC_PersonalStore_LoadItem 1040
[20:57:48] EXEC IGC_PersonalStore_LoadItem 1041
[20:57:48] EXEC IGC_PersonalStore_LoadItem 1042
[20:57:48] EXEC IGC_PersonalStore_LoadItem 1043
[20:57:48] EXEC IGC_PersonalStore_LoadItem 1044
[20:57:48] EXEC IGC_PersonalStore_LoadOffer 226
[20:57:48] EXEC IGC_PersonalStore_LoadItem 371
[20:57:48] EXEC IGC_PersonalStore_LoadItem 372
[20:57:48] EXEC IGC_PersonalStore_LoadItem 373
[20:57:48] EXEC IGC_PersonalStore_LoadItem 374
[20:57:48] EXEC IGC_PersonalStore_LoadItem 375
[20:57:48] EXEC IGC_PersonalStore_LoadOffer 225
[20:57:48] EXEC IGC_PersonalStore_LoadItem 366
[20:57:48] EXEC IGC_PersonalStore_LoadItem 367
[20:57:48] EXEC IGC_PersonalStore_LoadItem 368
[20:57:48] EXEC IGC_PersonalStore_LoadItem 369
[20:57:48] EXEC IGC_PersonalStore_LoadItem 370
[20:57:48] EXEC IGC_PersonalStore_LoadOffer 315
[20:57:48] EXEC IGC_PersonalStore_LoadItem 555
[20:57:48] EXEC IGC_PersonalStore_LoadItem 556
[20:57:48] EXEC IGC_PersonalStore_LoadItem 557
[20:57:48] EXEC IGC_PersonalStore_LoadItem 558
[20:57:48] EXEC IGC_PersonalStore_LoadItem 559
[20:57:48] EXEC IGC_PersonalStore_LoadOffer 29
[20:57:48] EXEC IGC_PersonalStore_LoadItem 71
[20:57:48] EXEC IGC_PersonalStore_LoadOffer 80
[20:57:48] EXEC IGC_PersonalStore_LoadItem 149
[20:57:48] EXEC IGC_PersonalStore_LoadOffer 382
[20:57:48] EXEC IGC_PersonalStore_LoadItem 693
[20:57:48] EXEC IGC_PersonalStore_LoadItem 694
[20:57:48] EXEC IGC_PersonalStore_LoadItem 695
[20:57:48] EXEC IGC_PersonalStore_LoadOffer 282
[20:57:48] EXEC IGC_PersonalStore_LoadItem 470
[20:57:48] EXEC IGC_PersonalStore_LoadItem 471
[20:57:48] EXEC IGC_PersonalStore_LoadItem 472
[20:57:48] EXEC IGC_PersonalStore_LoadItem 473
[20:57:48] EXEC IGC_PersonalStore_LoadItem 474
[20:57:48] EXEC IGC_PersonalStore_LoadOffer 394
[20:57:48] EXEC IGC_PersonalStore_LoadItem 715
[20:57:48] EXEC IGC_PersonalStore_LoadItem 716
[20:57:48] EXEC IGC_PersonalStore_LoadItem 717
[20:57:48] EXEC IGC_PersonalStore_LoadItem 718
[20:57:48] EXEC IGC_PersonalStore_LoadItem 719
[20:57:48] EXEC IGC_PersonalStore_LoadOffer 186
[20:57:48] EXEC IGC_PersonalStore_LoadItem 321
[20:57:48] EXEC IGC_PersonalStore_LoadOffer 187
[20:57:48] EXEC IGC_PersonalStore_LoadItem 322
[20:57:48] EXEC IGC_PersonalStore_LoadOffer 752
[20:57:48] EXEC IGC_PersonalStore_LoadItem 1384
[20:57:48] EXEC IGC_PersonalStore_LoadOffer 468
[20:57:48] EXEC IGC_PersonalStore_LoadItem 879
[20:57:48] EXEC IGC_PersonalStore_LoadItem 880
[20:57:48] EXEC IGC_PersonalStore_LoadItem 881
[20:57:48] EXEC IGC_PersonalStore_LoadItem 882
[20:57:48] EXEC IGC_PersonalStore_LoadItem 883
[20:57:48] EXEC IGC_PersonalStore_LoadOffer 469
[20:57:48] EXEC IGC_PersonalStore_LoadItem 884
[20:57:48] EXEC IGC_PersonalStore_LoadItem 885
[20:57:48] EXEC IGC_PersonalStore_LoadItem 886
[20:57:48] EXEC IGC_PersonalStore_LoadItem 887
[20:57:48] EXEC IGC_PersonalStore_LoadItem 888
[20:57:48] EXEC IGC_PersonalStore_LoadOffer 470
[20:57:48] EXEC IGC_PersonalStore_LoadItem 889
[20:57:48] EXEC IGC_PersonalStore_LoadItem 890
[20:57:48] EXEC IGC_PersonalStore_LoadItem 891
[20:57:48] EXEC IGC_PersonalStore_LoadItem 892
[20:57:48] EXEC IGC_PersonalStore_LoadItem 893
[20:57:48] EXEC IGC_PersonalStore_LoadOffer 751
[20:57:48] EXEC IGC_PersonalStore_LoadItem 1383
[20:57:48] EXEC IGC_PersonalStore_LoadOffer 753
[20:57:48] EXEC IGC_PersonalStore_LoadItem 1385
[20:57:48] EXEC IGC_PersonalStore_LoadOffer 436
[20:57:48] EXEC IGC_PersonalStore_LoadItem 793
[20:57:48] EXEC IGC_PersonalStore_LoadItem 794
[20:57:48] EXEC IGC_PersonalStore_LoadItem 795
[20:57:48] EXEC IGC_PersonalStore_LoadItem 796
[20:57:48] EXEC IGC_PersonalStore_LoadItem 797
[20:57:48] EXEC IGC_PersonalStore_LoadOffer 437
[20:57:48] EXEC IGC_PersonalStore_LoadItem 798
[20:57:48] EXEC IGC_PersonalStore_LoadItem 799
[20:57:48] EXEC IGC_PersonalStore_LoadItem 800
[20:57:48] EXEC IGC_PersonalStore_LoadItem 801
[20:57:48] EXEC IGC_PersonalStore_LoadItem 802
[20:57:48] EXEC IGC_PersonalStore_LoadOffer 438
[20:57:48] EXEC IGC_PersonalStore_LoadItem 803
[20:57:48] EXEC IGC_PersonalStore_LoadItem 804
[20:57:48] EXEC IGC_PersonalStore_LoadItem 805
[20:57:48] EXEC IGC_PersonalStore_LoadItem 806
[20:57:48] EXEC IGC_PersonalStore_LoadItem 807
[20:57:48] EXEC IGC_PersonalStore_LoadOffer 439
[20:57:48] EXEC IGC_PersonalStore_LoadItem 808
[20:57:48] EXEC IGC_PersonalStore_LoadItem 809
[20:57:48] EXEC IGC_PersonalStore_LoadItem 810
[20:57:48] EXEC IGC_PersonalStore_LoadItem 811
[20:57:48] EXEC IGC_PersonalStore_LoadItem 812
[20:57:48] EXEC IGC_PersonalStore_LoadOffer 440
[20:57:48] EXEC IGC_PersonalStore_LoadItem 813
[20:57:48] EXEC IGC_PersonalStore_LoadItem 814
[20:57:48] EXEC IGC_PersonalStore_LoadItem 815
[20:57:48] EXEC IGC_PersonalStore_LoadItem 816
[20:57:48] EXEC IGC_PersonalStore_LoadItem 817
[20:57:48] EXEC IGC_PersonalStore_LoadOffer 441
[20:57:48] EXEC IGC_PersonalStore_LoadItem 818
[20:57:48] EXEC IGC_PersonalStore_LoadItem 819
[20:57:48] EXEC IGC_PersonalStore_LoadItem 820
[20:57:48] EXEC IGC_PersonalStore_LoadItem 821
[20:57:48] EXEC IGC_PersonalStore_LoadItem 822
[20:57:48] EXEC IGC_PersonalStore_LoadOffer 442
[20:57:48] EXEC IGC_PersonalStore_LoadItem 823
[20:57:48] EXEC IGC_PersonalStore_LoadItem 824
[20:57:48] EXEC IGC_PersonalStore_LoadItem 825
[20:57:48] EXEC IGC_PersonalStore_LoadItem 826
[20:57:48] EXEC IGC_PersonalStore_LoadItem 827
[20:57:48] EXEC IGC_PersonalStore_LoadOffer 443
[20:57:48] EXEC IGC_PersonalStore_LoadItem 828
[20:57:48] EXEC IGC_PersonalStore_LoadItem 829
[20:57:48] EXEC IGC_PersonalStore_LoadItem 830
[20:57:48] EXEC IGC_PersonalStore_LoadItem 831
[20:57:48] EXEC IGC_PersonalStore_LoadItem 832
[20:57:48] EXEC IGC_PersonalStore_LoadOffer 444
[20:57:48] EXEC IGC_PersonalStore_LoadItem 833
[20:57:48] EXEC IGC_PersonalStore_LoadItem 834
[20:57:48] EXEC IGC_PersonalStore_LoadItem 835
[20:57:48] EXEC IGC_PersonalStore_LoadItem 836
[20:57:48] EXEC IGC_PersonalStore_LoadItem 837
[20:57:48] EXEC IGC_PersonalStore_LoadOffer 445
[20:57:48] EXEC IGC_PersonalStore_LoadItem 838
[20:57:48] EXEC IGC_PersonalStore_LoadItem 839
[20:57:48] EXEC IGC_PersonalStore_LoadItem 840
[20:57:48] EXEC IGC_PersonalStore_LoadItem 841
[20:57:48] EXEC IGC_PersonalStore_LoadItem 842
[20:57:48] EXEC IGC_PersonalStore_LoadOffer 575
[20:57:48] EXEC IGC_PersonalStore_LoadItem 1083
[20:57:48] EXEC IGC_PersonalStore_LoadItem 1084
[20:57:48] EXEC IGC_PersonalStore_LoadItem 1085
[20:57:48] EXEC IGC_PersonalStore_LoadItem 1086
[20:57:48] EXEC IGC_PersonalStore_LoadItem 1087
[20:57:48] EXEC IGC_PersonalStore_LoadOffer 576
[20:57:48] EXEC IGC_PersonalStore_LoadItem 1088
[20:57:48] EXEC IGC_PersonalStore_LoadItem 1089
[20:57:48] EXEC IGC_PersonalStore_LoadItem 1090
[20:57:48] EXEC IGC_PersonalStore_LoadItem 1091
[20:57:48] EXEC IGC_PersonalStore_LoadItem 1092
[20:57:48] EXEC IGC_PersonalStore_LoadOffer 577
[20:57:48] EXEC IGC_PersonalStore_LoadItem 1093
[20:57:48] EXEC IGC_PersonalStore_LoadItem 1094
[20:57:48] EXEC IGC_PersonalStore_LoadItem 1095
[20:57:48] EXEC IGC_PersonalStore_LoadItem 1096
[20:57:48] EXEC IGC_PersonalStore_LoadItem 1097
[20:57:48] EXEC IGC_PersonalStore_LoadOffer 86
[20:57:48] EXEC IGC_PersonalStore_LoadItem 155
[20:57:48] EXEC IGC_PersonalStore_LoadOffer 103
[20:57:48] EXEC IGC_PersonalStore_LoadItem 180
[20:57:48] EXEC IGC_PersonalStore_LoadItem 181
[20:57:48] EXEC IGC_PersonalStore_LoadOffer 463
[20:57:48] EXEC IGC_PersonalStore_LoadOffer 579
[20:57:48] EXEC IGC_PersonalStore_LoadOffer 676
[20:57:48] EXEC IGC_PersonalStore_LoadOffer 363
[20:57:48] EXEC IGC_PersonalStore_LoadItem 658
[20:57:48] EXEC IGC_PersonalStore_LoadOffer 364
[20:57:48] EXEC IGC_PersonalStore_LoadItem 659
[20:57:48] EXEC IGC_PersonalStore_LoadOffer 365
[20:57:48] EXEC IGC_PersonalStore_LoadItem 660
[20:57:48] EXEC IGC_PersonalStore_LoadOffer 366
[20:57:48] EXEC IGC_PersonalStore_LoadItem 661
[20:57:48] EXEC IGC_PersonalStore_LoadOffer 82
[20:57:48] EXEC IGC_PersonalStore_LoadItem 151
[20:57:48] EXEC IGC_PersonalStore_LoadOffer 84
[20:57:48] EXEC IGC_PersonalStore_LoadItem 153
[20:57:48] EXEC IGC_PersonalStore_LoadOffer 85
[20:57:48] EXEC IGC_PersonalStore_LoadItem 154
[20:57:48] EXEC IGC_PersonalStore_LoadOffer 566
[20:57:48] EXEC IGC_PersonalStore_LoadItem 1074
[20:57:48] EXEC IGC_PersonalStore_LoadOffer 567
[20:57:48] EXEC IGC_PersonalStore_LoadItem 1075
[20:57:48] EXEC IGC_PersonalStore_LoadOffer 568
[20:57:48] EXEC IGC_PersonalStore_LoadItem 1076
[20:57:48] EXEC IGC_PersonalStore_LoadOffer 569
[20:57:48] EXEC IGC_PersonalStore_LoadItem 1077
[20:57:48] EXEC IGC_PersonalStore_LoadOffer 679
[20:57:48] EXEC IGC_PersonalStore_LoadItem 1234
[20:57:48] EXEC IGC_PersonalStore_LoadOffer 683
[20:57:48] EXEC IGC_PersonalStore_LoadOffer 274
[20:57:48] EXEC IGC_PersonalStore_LoadOffer 549
[20:57:48] EXEC IGC_PersonalStore_LoadItem 1051
[20:57:48] EXEC IGC_PersonalStore_LoadOffer 218
[20:57:48] EXEC IGC_PersonalStore_LoadItem 355
[20:57:48] EXEC IGC_PersonalStore_LoadItem 356
[20:57:48] EXEC IGC_PersonalStore_LoadItem 357
[20:57:48] EXEC IGC_PersonalStore_LoadItem 358
[20:57:48] EXEC IGC_PersonalStore_LoadItem 359
[20:57:48] EXEC IGC_PersonalStore_LoadOffer 732
[20:57:48] EXEC IGC_PersonalStore_LoadItem 1337
[20:57:48] EXEC IGC_PersonalStore_LoadOffer 735
[20:57:48] EXEC IGC_PersonalStore_LoadOffer 682
[20:57:48] EXEC IGC_PersonalStore_LoadOffer 314
[20:57:48] EXEC IGC_PersonalStore_LoadOffer 245
[20:57:48] EXEC IGC_PersonalStore_LoadOffer 538
[20:57:48] EXEC IGC_PersonalStore_LoadOffer 454
[20:57:48] EXEC IGC_PersonalStore_LoadOffer 204
[20:57:48] EXEC IGC_PersonalStore_LoadItem 340
[20:57:48] EXEC IGC_PersonalStore_LoadOffer 531
[20:57:48] EXEC IGC_PersonalStore_LoadItem 1009
[20:57:48] EXEC IGC_PersonalStore_LoadItem 1010
[20:57:48] EXEC IGC_PersonalStore_LoadItem 1011
[20:57:48] EXEC IGC_PersonalStore_LoadItem 1012
[20:57:48] EXEC IGC_PersonalStore_LoadOffer 765
[20:57:48] EXEC IGC_PersonalStore_LoadOffer 743
[20:57:48] EXEC IGC_PersonalStore_LoadOffer 744
[20:57:48] EXEC IGC_PersonalStore_LoadOffer 73
[20:57:48] EXEC IGC_PersonalStore_LoadItem 138
[20:57:48] EXEC IGC_PersonalStore_LoadOffer 283
[20:57:48] EXEC IGC_PersonalStore_LoadItem 475
[20:57:48] EXEC IGC_PersonalStore_LoadItem 476
[20:57:48] EXEC IGC_PersonalStore_LoadItem 477
[20:57:48] EXEC IGC_PersonalStore_LoadItem 478
[20:57:48] EXEC IGC_PersonalStore_LoadItem 479
[20:57:48] EXEC IGC_PersonalStore_LoadOffer 393
[20:57:48] EXEC IGC_PersonalStore_LoadItem 710
[20:57:48] EXEC IGC_PersonalStore_LoadItem 711
[20:57:48] EXEC IGC_PersonalStore_LoadItem 712
[20:57:48] EXEC IGC_PersonalStore_LoadItem 713
[20:57:48] EXEC IGC_PersonalStore_LoadItem 714
[20:57:48] EXEC IGC_PersonalStore_LoadOffer 129
[20:57:48] EXEC IGC_PersonalStore_LoadItem 214
[20:57:48] EXEC IGC_PersonalStore_LoadOffer 377
[20:57:48] EXEC IGC_PersonalStore_LoadItem 680
[20:57:48] EXEC IGC_PersonalStore_LoadOffer 131
[20:57:48] EXEC IGC_PersonalStore_LoadItem 216
[20:57:48] EXEC IGC_PersonalStore_LoadOffer 736
[20:57:48] EXEC IGC_PersonalStore_LoadItem 1345
[20:57:48] EXEC IGC_PersonalStore_LoadItem 1346
[20:57:48] EXEC IGC_PersonalStore_LoadItem 1347
[20:57:48] EXEC IGC_PersonalStore_LoadItem 1348
[20:57:48] EXEC IGC_PersonalStore_LoadOffer 133
[20:57:48] EXEC IGC_PersonalStore_LoadItem 218
[20:57:48] EXEC IGC_PersonalStore_LoadOffer 223
[20:57:48] EXEC IGC_PersonalStore_LoadItem 364
[20:57:48] EXEC IGC_PersonalStore_LoadOffer 465
[20:57:48] EXEC IGC_PersonalStore_LoadItem 872
[20:57:48] EXEC IGC_PersonalStore_LoadOffer 318
[20:57:48] EXEC IGC_PersonalStore_LoadItem 566
[20:57:48] EXEC IGC_PersonalStore_LoadOffer 759
[20:57:48] EXEC IGC_PersonalStore_LoadItem 1391
[20:57:48] EXEC IGC_PersonalStore_LoadOffer 466
[20:57:48] EXEC IGC_PersonalStore_LoadItem 873
[20:57:48] EXEC IGC_PersonalStore_LoadOffer 384
[20:57:48] EXEC IGC_PersonalStore_LoadItem 697
[20:57:48] EXEC IGC_PersonalStore_LoadOffer 322
[20:57:48] EXEC IGC_PersonalStore_LoadItem 570
[20:57:48] EXEC IGC_PersonalStore_LoadOffer 570
[20:57:48] EXEC IGC_PersonalStore_LoadItem 1078
[20:57:48] EXEC IGC_PersonalStore_LoadOffer 758
[20:57:48] EXEC IGC_PersonalStore_LoadOffer 325
[20:57:48] EXEC IGC_PersonalStore_LoadItem 573
[20:57:48] EXEC IGC_PersonalStore_LoadOffer 571
[20:57:48] EXEC IGC_PersonalStore_LoadItem 1079
[20:57:48] EXEC IGC_PersonalStore_LoadOffer 427
[20:57:48] EXEC IGC_PersonalStore_LoadItem 782
[20:57:48] EXEC IGC_PersonalStore_LoadOffer 572
[20:57:48] EXEC IGC_PersonalStore_LoadItem 1080
[20:57:48] EXEC IGC_PersonalStore_LoadOffer 461
[20:57:48] EXEC IGC_PersonalStore_LoadItem 868
[20:57:48] EXEC IGC_PersonalStore_LoadOffer 464
[20:57:48] EXEC IGC_PersonalStore_LoadItem 871
[20:57:48] EXEC IGC_PersonalStore_LoadOffer 504
[20:57:48] EXEC IGC_PersonalStore_LoadItem 960
[20:57:48] EXEC IGC_PersonalStore_LoadOffer 505
[20:57:48] EXEC IGC_PersonalStore_LoadItem 961
[20:57:48] EXEC IGC_PersonalStore_LoadOffer 506
[20:57:48] EXEC IGC_PersonalStore_LoadItem 962
[20:57:48] EXEC IGC_PersonalStore_LoadOffer 507
[20:57:48] EXEC IGC_PersonalStore_LoadItem 963
[20:57:48] EXEC IGC_PersonalStore_LoadOffer 591
[20:57:48] EXEC IGC_PersonalStore_LoadItem 1111
[20:57:48] EXEC IGC_PersonalStore_LoadOffer 592
[20:57:48] EXEC IGC_PersonalStore_LoadItem 1112
[20:57:48] EXEC IGC_PersonalStore_LoadOffer 511
[20:57:48] EXEC IGC_PersonalStore_LoadItem 969
[20:57:48] EXEC IGC_PersonalStore_LoadOffer 512
[20:57:48] EXEC IGC_PersonalStore_LoadItem 970
[20:57:48] EXEC IGC_PersonalStore_LoadOffer 593
[20:57:48] EXEC IGC_PersonalStore_LoadItem 1113
[20:57:48] EXEC IGC_PersonalStore_LoadOffer 594
[20:57:48] EXEC IGC_PersonalStore_LoadItem 1114
[20:57:48] EXEC IGC_PersonalStore_LoadOffer 595
[20:57:48] EXEC IGC_PersonalStore_LoadItem 1115
[20:57:48] EXEC IGC_PersonalStore_LoadOffer 596
[20:57:48] EXEC IGC_PersonalStore_LoadItem 1116
[20:57:48] EXEC IGC_PersonalStore_LoadOffer 597
[20:57:48] EXEC IGC_PersonalStore_LoadItem 1117
[20:57:48] EXEC IGC_PersonalStore_LoadOffer 598
[20:57:48] EXEC IGC_PersonalStore_LoadItem 1118
[20:57:48] EXEC IGC_PersonalStore_LoadOffer 599
[20:57:48] EXEC IGC_PersonalStore_LoadItem 1119
[20:57:48] EXEC IGC_PersonalStore_LoadOffer 515
[20:57:48] EXEC IGC_PersonalStore_LoadItem 973
[20:57:48] EXEC IGC_PersonalStore_LoadOffer 514
[20:57:48] EXEC IGC_PersonalStore_LoadItem 972
[20:57:48] EXEC IGC_PersonalStore_LoadOffer 668
[20:57:48] EXEC IGC_PersonalStore_LoadItem 1222
[20:57:48] EXEC IGC_PersonalStore_LoadOffer 669
[20:57:48] EXEC IGC_PersonalStore_LoadItem 1223
[20:57:48] EXEC IGC_PersonalStore_LoadOffer 563
[20:57:48] EXEC IGC_PersonalStore_LoadItem 1065
[20:57:48] EXEC IGC_PersonalStore_LoadItem 1066
[20:57:48] EXEC IGC_PersonalStore_LoadItem 1067
[20:57:48] EXEC IGC_PersonalStore_LoadItem 1068
[20:57:48] EXEC IGC_PersonalStore_LoadItem 1069
[20:57:48] EXEC IGC_PersonalStore_LoadOffer 302
[20:57:48] EXEC IGC_PersonalStore_LoadItem 502
[20:57:48] EXEC IGC_PersonalStore_LoadItem 503
[20:57:48] EXEC IGC_PersonalStore_LoadItem 504
[20:57:48] EXEC IGC_PersonalStore_LoadItem 505
[20:57:48] EXEC IGC_PersonalStore_LoadItem 506
[20:57:48] EXEC IGC_PersonalStore_LoadOffer 156
[20:57:48] EXEC IGC_PersonalStore_LoadItem 243
[20:57:48] EXEC IGC_PersonalStore_LoadItem 244
[20:57:48] EXEC IGC_PersonalStore_LoadItem 245
[20:57:48] EXEC IGC_PersonalStore_LoadItem 246
[20:57:48] EXEC IGC_PersonalStore_LoadItem 247
[20:57:48] EXEC IGC_PersonalStore_LoadOffer 157
[20:57:48] EXEC IGC_PersonalStore_LoadItem 248
[20:57:48] EXEC IGC_PersonalStore_LoadItem 249
[20:57:48] EXEC IGC_PersonalStore_LoadItem 250
[20:57:48] EXEC IGC_PersonalStore_LoadItem 251
[20:57:48] EXEC IGC_PersonalStore_LoadItem 252
[20:57:48] EXEC IGC_PersonalStore_LoadOffer 545
[20:57:48] EXEC IGC_PersonalStore_LoadItem 1035
[20:57:48] EXEC IGC_PersonalStore_LoadItem 1036
[20:57:48] EXEC IGC_PersonalStore_LoadItem 1037
[20:57:48] EXEC IGC_PersonalStore_LoadItem 1038
[20:57:48] EXEC IGC_PersonalStore_LoadItem 1039
[20:57:48] EXEC IGC_PersonalStore_LoadOffer 696
[20:57:48] EXEC IGC_PersonalStore_LoadItem 1291
[20:57:48] EXEC IGC_PersonalStore_LoadItem 1292
[20:57:48] EXEC IGC_PersonalStore_LoadItem 1293
[20:57:48] EXEC IGC_PersonalStore_LoadItem 1294
[20:57:48] EXEC IGC_PersonalStore_LoadItem 1295
[20:57:48] EXEC IGC_PersonalStore_LoadOffer 693
[20:57:48] EXEC IGC_PersonalStore_LoadItem 1276
[20:57:48] EXEC IGC_PersonalStore_LoadItem 1277
[20:57:48] EXEC IGC_PersonalStore_LoadItem 1278
[20:57:48] EXEC IGC_PersonalStore_LoadItem 1279
[20:57:48] EXEC IGC_PersonalStore_LoadItem 1280
[20:57:48] EXEC IGC_PersonalStore_LoadOffer 523
[20:57:48] EXEC IGC_PersonalStore_LoadItem 997
[20:57:48] EXEC IGC_PersonalStore_LoadItem 998
[20:57:48] EXEC IGC_PersonalStore_LoadItem 999
[20:57:48] EXEC IGC_PersonalStore_LoadItem 1000
[20:57:48] EXEC IGC_PersonalStore_LoadItem 1001
[20:57:48] EXEC IGC_PersonalStore_LoadOffer 272
[20:57:48] EXEC IGC_PersonalStore_LoadItem 436
[20:57:48] EXEC IGC_PersonalStore_LoadItem 437
[20:57:48] EXEC IGC_PersonalStore_LoadItem 438
[20:57:48] EXEC IGC_PersonalStore_LoadItem 439
[20:57:48] EXEC IGC_PersonalStore_LoadItem 440
[20:57:48] EXEC IGC_PersonalStore_LoadOffer 694
[20:57:48] EXEC IGC_PersonalStore_LoadItem 1281
[20:57:48] EXEC IGC_PersonalStore_LoadItem 1282
[20:57:48] EXEC IGC_PersonalStore_LoadItem 1283
[20:57:48] EXEC IGC_PersonalStore_LoadItem 1284
[20:57:48] EXEC IGC_PersonalStore_LoadItem 1285
[20:57:48] EXEC IGC_PersonalStore_LoadOffer 695
[20:57:48] EXEC IGC_PersonalStore_LoadItem 1286
[20:57:48] EXEC IGC_PersonalStore_LoadItem 1287
[20:57:48] EXEC IGC_PersonalStore_LoadItem 1288
[20:57:48] EXEC IGC_PersonalStore_LoadItem 1289
[20:57:48] EXEC IGC_PersonalStore_LoadItem 1290
[20:57:48] EXEC IGC_PersonalStore_LoadOffer 625
[20:57:48] EXEC IGC_PersonalStore_LoadItem 1159
[20:57:48] EXEC IGC_PersonalStore_LoadItem 1160
[20:57:48] EXEC IGC_PersonalStore_LoadItem 1161
[20:57:48] EXEC IGC_PersonalStore_LoadItem 1162
[20:57:48] EXEC IGC_PersonalStore_LoadItem 1163
[20:57:48] EXEC IGC_PersonalStore_LoadOffer 626
[20:57:48] EXEC IGC_PersonalStore_LoadItem 1164
[20:57:48] EXEC IGC_PersonalStore_LoadItem 1165
[20:57:48] EXEC IGC_PersonalStore_LoadItem 1166
[20:57:48] EXEC IGC_PersonalStore_LoadItem 1167
[20:57:48] EXEC IGC_PersonalStore_LoadItem 1168
[20:57:48] EXEC IGC_PersonalStore_LoadOffer 627
[20:57:48] EXEC IGC_PersonalStore_LoadItem 1169
[20:57:48] EXEC IGC_PersonalStore_LoadItem 1170
[20:57:48] EXEC IGC_PersonalStore_LoadItem 1171
[20:57:48] EXEC IGC_PersonalStore_LoadItem 1172
[20:57:48] EXEC IGC_PersonalStore_LoadItem 1173
[20:57:48] EXEC IGC_PersonalStore_LoadOffer 628
[20:57:48] EXEC IGC_PersonalStore_LoadItem 1174
[20:57:48] EXEC IGC_PersonalStore_LoadItem 1175
[20:57:48] EXEC IGC_PersonalStore_LoadItem 1176
[20:57:48] EXEC IGC_PersonalStore_LoadItem 1177
[20:57:48] EXEC IGC_PersonalStore_LoadItem 1178
[20:57:48] EXEC IGC_PersonalStore_LoadOffer 547
[20:57:48] EXEC IGC_PersonalStore_LoadItem 1045
[20:57:48] EXEC IGC_PersonalStore_LoadItem 1046
[20:57:48] EXEC IGC_PersonalStore_LoadItem 1047
[20:57:48] EXEC IGC_PersonalStore_LoadItem 1048
[20:57:48] EXEC IGC_PersonalStore_LoadItem 1049
[20:57:48] EXEC IGC_PersonalStore_LoadOffer 114
[20:57:48] EXEC IGC_PersonalStore_LoadItem 192
[20:57:48] EXEC IGC_PersonalStore_LoadItem 193
[20:57:48] EXEC IGC_PersonalStore_LoadItem 194
[20:57:48] EXEC IGC_PersonalStore_LoadItem 195
[20:57:48] EXEC IGC_PersonalStore_LoadItem 196
[20:57:48] EXEC IGC_PersonalStore_LoadOffer 303
[20:57:48] EXEC IGC_PersonalStore_LoadItem 507
[20:57:48] EXEC IGC_PersonalStore_LoadItem 508
[20:57:48] EXEC IGC_PersonalStore_LoadItem 509
[20:57:48] EXEC IGC_PersonalStore_LoadItem 510
[20:57:48] EXEC IGC_PersonalStore_LoadItem 511
[20:57:48] EXEC IGC_PersonalStore_LoadOffer 158
[20:57:48] EXEC IGC_PersonalStore_LoadItem 253
[20:57:48] EXEC IGC_PersonalStore_LoadItem 254
[20:57:48] EXEC IGC_PersonalStore_LoadItem 255
[20:57:48] EXEC IGC_PersonalStore_LoadItem 256
[20:57:48] EXEC IGC_PersonalStore_LoadItem 257
[20:57:48] EXEC IGC_PersonalStore_LoadOffer 159
[20:57:48] EXEC IGC_PersonalStore_LoadItem 258
[20:57:48] EXEC IGC_PersonalStore_LoadItem 259
[20:57:48] EXEC IGC_PersonalStore_LoadItem 260
[20:57:48] EXEC IGC_PersonalStore_LoadItem 261
[20:57:48] EXEC IGC_PersonalStore_LoadItem 262
[20:57:48] EXEC IGC_PersonalStore_LoadOffer 176
[20:57:48] EXEC IGC_PersonalStore_LoadItem 300
[20:57:48] EXEC IGC_PersonalStore_LoadItem 301
[20:57:48] EXEC IGC_PersonalStore_LoadItem 302
[20:57:48] EXEC IGC_PersonalStore_LoadItem 303
[20:57:48] EXEC IGC_PersonalStore_LoadItem 304
[20:57:48] EXEC IGC_PersonalStore_LoadOffer 624
[20:57:48] EXEC IGC_PersonalStore_LoadItem 1154
[20:57:48] EXEC IGC_PersonalStore_LoadItem 1155
[20:57:48] EXEC IGC_PersonalStore_LoadItem 1156
[20:57:48] EXEC IGC_PersonalStore_LoadItem 1157
[20:57:48] EXEC IGC_PersonalStore_LoadItem 1158
[20:57:48] EXEC IGC_PersonalStore_LoadOffer 250
[20:57:48] EXEC IGC_PersonalStore_LoadItem 409
[20:57:48] EXEC IGC_PersonalStore_LoadItem 410
[20:57:48] EXEC IGC_PersonalStore_LoadItem 411
[20:57:48] EXEC IGC_PersonalStore_LoadItem 412
[20:57:48] EXEC IGC_PersonalStore_LoadItem 413
[20:57:48] EXEC IGC_PersonalStore_LoadOffer 310
[20:57:48] EXEC IGC_PersonalStore_LoadItem 538
[20:57:48] EXEC IGC_PersonalStore_LoadItem 539
[20:57:48] EXEC IGC_PersonalStore_LoadItem 540
[20:57:48] EXEC IGC_PersonalStore_LoadItem 541
[20:57:48] EXEC IGC_PersonalStore_LoadItem 542
[20:57:48] EXEC IGC_PersonalStore_LoadOffer 611
[20:57:48] EXEC IGC_PersonalStore_LoadItem 1135
[20:57:48] EXEC IGC_PersonalStore_LoadItem 1136
[20:57:48] EXEC IGC_PersonalStore_LoadItem 1137
[20:57:48] EXEC IGC_PersonalStore_LoadItem 1138
[20:57:48] EXEC IGC_PersonalStore_LoadItem 1139
[20:57:48] EXEC IGC_PersonalStore_LoadOffer 102
[20:57:48] EXEC IGC_PersonalStore_LoadOffer 677
[20:57:48] EXEC IGC_PersonalStore_LoadItem 1231
[20:57:48] EXEC IGC_PersonalStore_LoadOffer 499
[20:57:48] EXEC IGC_PersonalStore_LoadItem 955
[20:57:48] EXEC IGC_PersonalStore_LoadOffer 680
[20:57:48] EXEC IGC_PersonalStore_LoadItem 1235
[20:57:48] EXEC IGC_PersonalStore_LoadItem 1236
[20:57:48] EXEC IGC_PersonalStore_LoadItem 1237
[20:57:48] EXEC IGC_PersonalStore_LoadItem 1238
[20:57:48] EXEC IGC_PersonalStore_LoadItem 1239
[20:57:48] EXEC IGC_PersonalStore_LoadOffer 264
[20:57:48] EXEC IGC_PersonalStore_LoadItem 428
[20:57:48] EXEC IGC_PersonalStore_LoadOffer 265
[20:57:48] EXEC IGC_PersonalStore_LoadItem 429
[20:57:48] EXEC IGC_PersonalStore_LoadOffer 280
[20:57:48] EXEC IGC_PersonalStore_LoadItem 468
[20:57:48] EXEC IGC_PersonalStore_LoadOffer 281
[20:57:48] EXEC IGC_PersonalStore_LoadItem 469
[20:57:48] EXEC IGC_PersonalStore_LoadOffer 472
[20:57:48] EXEC IGC_PersonalStore_LoadItem 895
[20:57:48] EXEC IGC_PersonalStore_LoadItem 896
[20:57:48] EXEC IGC_PersonalStore_LoadItem 897
[20:57:48] EXEC IGC_PersonalStore_LoadItem 898
[20:57:48] EXEC IGC_PersonalStore_LoadItem 899
[20:57:48] EXEC IGC_PersonalStore_LoadOffer 524
[20:57:48] EXEC IGC_PersonalStore_LoadOffer 525
[20:57:48] EXEC IGC_PersonalStore_LoadOffer 526
[20:57:48] EXEC IGC_PersonalStore_LoadItem 1004
[20:57:48] EXEC IGC_PersonalStore_LoadOffer 109
[20:57:48] EXEC IGC_PersonalStore_LoadItem 187
[20:57:48] EXEC IGC_PersonalStore_LoadOffer 136
[20:57:48] EXEC IGC_PersonalStore_LoadItem 221
[20:57:48] EXEC IGC_PersonalStore_LoadOffer 137
[20:57:48] EXEC IGC_PersonalStore_LoadItem 222
[20:57:48] EXEC IGC_PersonalStore_LoadOffer 249
[20:57:48] EXEC IGC_PersonalStore_LoadItem 408
[20:57:48] EXEC IGC_PersonalStore_LoadOffer 76
[20:57:48] EXEC IGC_PersonalStore_LoadItem 142
[20:57:48] EXEC IGC_PersonalStore_LoadOffer 117
[20:57:48] EXEC IGC_PersonalStore_LoadItem 199
[20:57:48] EXEC IGC_PersonalStore_LoadItem 200
[20:57:48] EXEC IGC_PersonalStore_LoadItem 201
[20:57:48] EXEC IGC_PersonalStore_LoadItem 202
[20:57:48] EXEC IGC_PersonalStore_LoadOffer 161
[20:57:48] EXEC IGC_PersonalStore_LoadItem 268
[20:57:48] EXEC IGC_PersonalStore_LoadItem 269
[20:57:48] EXEC IGC_PersonalStore_LoadItem 270
[20:57:48] EXEC IGC_PersonalStore_LoadItem 271
[20:57:48] EXEC IGC_PersonalStore_LoadItem 272
[20:57:48] EXEC IGC_PersonalStore_LoadOffer 435
[20:57:48] EXEC IGC_PersonalStore_LoadOffer 429
[20:57:48] EXEC IGC_PersonalStore_LoadItem 784
[20:57:48] EXEC IGC_PersonalStore_LoadItem 785
[20:57:48] EXEC IGC_PersonalStore_LoadItem 786
[20:57:48] EXEC IGC_PersonalStore_LoadOffer 88
[20:57:48] EXEC IGC_PersonalStore_LoadItem 161
[20:57:48] EXEC IGC_PersonalStore_LoadItem 162
[20:57:48] EXEC IGC_PersonalStore_LoadItem 163
[20:57:48] EXEC IGC_PersonalStore_LoadItem 164
[20:57:48] EXEC IGC_PersonalStore_LoadItem 165
[20:57:48] EXEC IGC_PersonalStore_LoadOffer 389
[20:57:48] EXEC IGC_PersonalStore_LoadItem 702
[20:57:48] EXEC IGC_PersonalStore_LoadItem 703
[20:57:48] EXEC IGC_PersonalStore_LoadItem 704
[20:57:48] EXEC IGC_PersonalStore_LoadItem 705
[20:57:48] EXEC IGC_PersonalStore_LoadItem 706
[20:57:48] EXEC IGC_PersonalStore_LoadOffer 337
[20:57:48] EXEC IGC_PersonalStore_LoadItem 605
[20:57:48] EXEC IGC_PersonalStore_LoadItem 606
[20:57:48] EXEC IGC_PersonalStore_LoadItem 607
[20:57:48] EXEC IGC_PersonalStore_LoadItem 608
[20:57:48] EXEC IGC_PersonalStore_LoadItem 609
[20:57:48] EXEC IGC_PersonalStore_LoadOffer 338
[20:57:48] EXEC IGC_PersonalStore_LoadItem 610
[20:57:48] EXEC IGC_PersonalStore_LoadItem 611
[20:57:48] EXEC IGC_PersonalStore_LoadItem 612
[20:57:48] EXEC IGC_PersonalStore_LoadItem 613
[20:57:48] EXEC IGC_PersonalStore_LoadItem 614
[20:57:48] EXEC IGC_PersonalStore_LoadOffer 739
[20:57:48] EXEC IGC_PersonalStore_LoadItem 1355
[20:57:48] EXEC IGC_PersonalStore_LoadItem 1356
[20:57:48] EXEC IGC_PersonalStore_LoadItem 1357
[20:57:48] EXEC IGC_PersonalStore_LoadItem 1358
[20:57:48] EXEC IGC_PersonalStore_LoadItem 1359
[20:57:48] EXEC IGC_PersonalStore_LoadOffer 740
[20:57:48] EXEC IGC_PersonalStore_LoadItem 1360
[20:57:48] EXEC IGC_PersonalStore_LoadItem 1361
[20:57:48] EXEC IGC_PersonalStore_LoadItem 1362
[20:57:48] EXEC IGC_PersonalStore_LoadItem 1363
[20:57:48] EXEC IGC_PersonalStore_LoadItem 1364
[20:57:48] EXEC IGC_PersonalStore_LoadOffer 741
[20:57:48] EXEC IGC_PersonalStore_LoadItem 1365
[20:57:48] EXEC IGC_PersonalStore_LoadItem 1366
[20:57:48] EXEC IGC_PersonalStore_LoadItem 1367
[20:57:48] EXEC IGC_PersonalStore_LoadItem 1368
[20:57:48] EXEC IGC_PersonalStore_LoadItem 1369
[20:57:48] EXEC IGC_PersonalStore_LoadOffer 742
[20:57:48] EXEC IGC_PersonalStore_LoadItem 1370
[20:57:48] EXEC IGC_PersonalStore_LoadItem 1371
[20:57:48] EXEC IGC_PersonalStore_LoadItem 1372
[20:57:48] EXEC IGC_PersonalStore_LoadItem 1373
[20:57:48] EXEC IGC_PersonalStore_LoadItem 1374
[20:57:48] EXEC IGC_PersonalStore_LoadOffer 268
[20:57:48] EXEC IGC_PersonalStore_LoadItem 432
[20:57:48] EXEC IGC_PersonalStore_LoadOffer 762
[20:57:48] EXEC IGC_PersonalStore_LoadItem 1394
[20:57:48] EXEC IGC_PersonalStore_LoadOffer 495
[20:57:48] EXEC IGC_PersonalStore_LoadItem 951
[20:57:48] EXEC IGC_PersonalStore_LoadOffer 605
[20:57:48] EXEC IGC_PersonalStore_LoadItem 1129
[20:57:48] EXEC IGC_PersonalStore_LoadOffer 383
[20:57:48] EXEC IGC_PersonalStore_LoadItem 696
[20:57:48] EXEC IGC_PersonalStore_LoadOffer 254
[20:57:48] EXEC IGC_PersonalStore_LoadItem 417
[20:57:48] EXEC IGC_PersonalStore_LoadOffer 374
[20:57:48] EXEC IGC_PersonalStore_LoadItem 677
[20:57:48] EXEC IGC_PersonalStore_LoadOffer 493
[20:57:48] EXEC IGC_PersonalStore_LoadItem 945
[20:57:48] EXEC IGC_PersonalStore_LoadItem 946
[20:57:48] EXEC IGC_PersonalStore_LoadItem 947
[20:57:48] EXEC IGC_PersonalStore_LoadItem 948
[20:57:48] EXEC IGC_PersonalStore_LoadItem 949
[20:57:48] EXEC IGC_PersonalStore_LoadOffer 257
[20:57:48] EXEC IGC_PersonalStore_LoadItem 420
[20:57:48] EXEC IGC_PersonalStore_LoadOffer 270
[20:57:48] EXEC IGC_PersonalStore_LoadItem 434
[20:57:48] EXEC IGC_PersonalStore_LoadOffer 375
[20:57:48] EXEC IGC_PersonalStore_LoadItem 678
[20:57:48] EXEC IGC_PersonalStore_LoadOffer 271
[20:57:48] EXEC IGC_PersonalStore_LoadItem 435
[20:57:48] EXEC IGC_PersonalStore_LoadOffer 376
[20:57:48] EXEC IGC_PersonalStore_LoadItem 679
[20:57:48] EXEC IGC_PersonalStore_LoadOffer 614
[20:57:48] EXEC IGC_PersonalStore_LoadItem 1144
[20:57:48] EXEC IGC_PersonalStore_LoadOffer 417
[20:57:48] EXEC IGC_PersonalStore_LoadItem 772
[20:57:48] EXEC IGC_PersonalStore_LoadOffer 419
[20:57:48] EXEC IGC_PersonalStore_LoadItem 774
[20:57:48] EXEC IGC_PersonalStore_LoadOffer 458
[20:57:48] EXEC IGC_PersonalStore_LoadItem 865
[20:57:48] EXEC IGC_PersonalStore_LoadOffer 421
[20:57:48] EXEC IGC_PersonalStore_LoadItem 776
[20:57:48] EXEC IGC_PersonalStore_LoadOffer 459
[20:57:48] EXEC IGC_PersonalStore_LoadItem 866
[20:57:48] EXEC IGC_PersonalStore_LoadOffer 473
[20:57:48] EXEC IGC_PersonalStore_LoadItem 900
[20:57:48] EXEC IGC_PersonalStore_LoadOffer 24
[20:57:48] EXEC IGC_PersonalStore_LoadOffer 284
[20:57:48] EXEC IGC_PersonalStore_LoadItem 480
[20:57:48] EXEC IGC_PersonalStore_LoadOffer 285
[20:57:48] EXEC IGC_PersonalStore_LoadItem 481
[20:57:48] EXEC IGC_PersonalStore_LoadOffer 286
[20:57:48] EXEC IGC_PersonalStore_LoadItem 482
[20:57:48] EXEC IGC_PersonalStore_LoadOffer 287
[20:57:48] EXEC IGC_PersonalStore_LoadItem 483
[20:57:48] EXEC IGC_PersonalStore_LoadOffer 288
[20:57:48] EXEC IGC_PersonalStore_LoadItem 484
[20:57:48] EXEC IGC_PersonalStore_LoadOffer 603
[20:57:48] EXEC IGC_PersonalStore_LoadOffer 93
[20:57:48] EXEC IGC_PersonalStore_LoadOffer 640
[20:57:48] EXEC IGC_PersonalStore_LoadItem 1190
[20:57:48] EXEC IGC_PersonalStore_LoadOffer 667
[20:57:48] EXEC IGC_PersonalStore_LoadItem 1221
[20:57:48] EXEC IGC_PersonalStore_LoadOffer 664
[20:57:48] EXEC IGC_PersonalStore_LoadItem 1218
[20:57:48] EXEC IGC_PersonalStore_LoadOffer 665
[20:57:48] EXEC IGC_PersonalStore_LoadItem 1219
[20:57:48] EXEC IGC_PersonalStore_LoadOffer 666
[20:57:48] EXEC IGC_PersonalStore_LoadItem 1220
[20:57:48] EXEC IGC_PersonalStore_LoadOffer 61
[20:57:48] EXEC IGC_PersonalStore_LoadItem 114
[20:57:48] EXEC IGC_PersonalStore_LoadOffer 213
[20:57:48] EXEC IGC_PersonalStore_LoadItem 349
[20:57:48] EXEC IGC_PersonalStore_LoadOffer 661
[20:57:48] EXEC IGC_PersonalStore_LoadItem 1215
[20:57:48] EXEC IGC_PersonalStore_LoadOffer 344
[20:57:48] EXEC IGC_PersonalStore_LoadItem 620
[20:57:48] EXEC IGC_PersonalStore_LoadOffer 385
[20:57:48] EXEC IGC_PersonalStore_LoadItem 698
[20:57:48] EXEC IGC_PersonalStore_LoadOffer 434
[20:57:48] EXEC IGC_PersonalStore_LoadItem 791
[20:57:48] EXEC IGC_PersonalStore_LoadOffer 387
[20:57:48] EXEC IGC_PersonalStore_LoadItem 700
[20:57:48] EXEC IGC_PersonalStore_LoadOffer 388
[20:57:48] EXEC IGC_PersonalStore_LoadItem 701
[20:57:48] EXEC IGC_PersonalStore_LoadOffer 658
[20:57:48] EXEC IGC_PersonalStore_LoadOffer 639
[20:57:48] EXEC IGC_PersonalStore_LoadItem 1189
[20:57:48] EXEC IGC_PersonalStore_LoadOffer 422
[20:57:48] EXEC IGC_PersonalStore_LoadItem 777
[20:57:48] EXEC IGC_PersonalStore_LoadOffer 501
[20:57:48] EXEC IGC_PersonalStore_LoadItem 957
[20:57:48] EXEC IGC_PersonalStore_LoadOffer 502
[20:57:48] EXEC IGC_PersonalStore_LoadOffer 55
[20:57:48] EXEC IGC_PersonalStore_LoadItem 108
[20:57:48] EXEC IGC_PersonalStore_LoadOffer 154
[20:57:48] EXEC IGC_PersonalStore_LoadItem 239
[20:57:48] EXEC IGC_PersonalStore_LoadOffer 105
[20:57:48] EXEC IGC_PersonalStore_LoadItem 183
[20:57:48] EXEC IGC_PersonalStore_LoadOffer 122
[20:57:48] EXEC IGC_PersonalStore_LoadItem 207
[20:57:48] EXEC IGC_PersonalStore_LoadOffer 390
[20:57:48] EXEC IGC_PersonalStore_LoadItem 707
[20:57:48] EXEC IGC_PersonalStore_LoadOffer 392
[20:57:48] EXEC IGC_PersonalStore_LoadItem 709
[20:57:48] EXEC IGC_PersonalStore_LoadOffer 391
[20:57:48] EXEC IGC_PersonalStore_LoadItem 708
[20:57:48] EXEC IGC_PersonalStore_LoadOffer 729
[20:57:48] EXEC IGC_PersonalStore_LoadItem 1334
[20:57:48] EXEC IGC_PersonalStore_LoadOffer 730
[20:57:48] EXEC IGC_PersonalStore_LoadItem 1335
[20:57:48] EXEC IGC_PersonalStore_LoadOffer 731
[20:57:48] EXEC IGC_PersonalStore_LoadItem 1336
[20:57:48] EXEC IGC_PersonalStore_LoadOffer 59
[20:57:48] EXEC IGC_PersonalStore_LoadItem 112
[20:57:48] EXEC IGC_PersonalStore_LoadOffer 755
[20:57:48] EXEC IGC_PersonalStore_LoadItem 1387
[20:57:48] EXEC IGC_PersonalStore_LoadOffer 330
[20:57:48] EXEC IGC_PersonalStore_LoadItem 590
[20:57:48] EXEC IGC_PersonalStore_LoadOffer 756
[20:57:48] EXEC IGC_PersonalStore_LoadItem 1388
[20:57:48] EXEC IGC_PersonalStore_LoadOffer 757
[20:57:48] EXEC IGC_PersonalStore_LoadItem 1389
[20:57:48] EXEC IGC_PersonalStore_LoadOffer 675
[20:57:48] EXEC IGC_PersonalStore_LoadItem 1229
[20:57:48] EXEC IGC_PersonalStore_LoadOffer 119
[20:57:48] EXEC IGC_PersonalStore_LoadItem 204
[20:57:48] EXEC IGC_PersonalStore_LoadOffer 120
[20:57:48] EXEC IGC_PersonalStore_LoadItem 205
[20:57:48] EXEC IGC_PersonalStore_LoadOffer 657
[20:57:48] EXEC IGC_PersonalStore_LoadItem 1211
[20:57:48] EXEC IGC_PersonalStore_LoadOffer 138
[20:57:48] EXEC IGC_PersonalStore_LoadItem 223
[20:57:48] EXEC IGC_PersonalStore_LoadOffer 140
[20:57:48] EXEC IGC_PersonalStore_LoadItem 225
[20:57:48] EXEC IGC_PersonalStore_LoadOffer 192
[20:57:48] EXEC IGC_PersonalStore_LoadItem 327
[20:57:48] EXEC IGC_PersonalStore_LoadOffer 198
[20:57:48] EXEC IGC_PersonalStore_LoadItem 333
[20:57:48] EXEC IGC_PersonalStore_LoadOffer 199
[20:57:48] EXEC IGC_PersonalStore_LoadItem 334
[20:57:48] EXEC IGC_PersonalStore_LoadOffer 207
[20:57:48] EXEC IGC_PersonalStore_LoadItem 343
[20:57:48] EXEC IGC_PersonalStore_LoadOffer 573
[20:57:48] EXEC IGC_PersonalStore_LoadItem 1081
[20:57:48] EXEC IGC_PersonalStore_LoadOffer 209
[20:57:48] EXEC IGC_PersonalStore_LoadItem 345
[20:57:48] EXEC IGC_PersonalStore_LoadOffer 210
[20:57:48] EXEC IGC_PersonalStore_LoadItem 346
[20:57:48] EXEC IGC_PersonalStore_LoadOffer 574
[20:57:48] EXEC IGC_PersonalStore_LoadItem 1082
[20:57:48] EXEC IGC_PersonalStore_LoadOffer 339
[20:57:48] EXEC IGC_PersonalStore_LoadItem 615
[20:57:48] EXEC IGC_PersonalStore_LoadOffer 259
[20:57:48] EXEC IGC_PersonalStore_LoadItem 423
[20:57:48] EXEC IGC_PersonalStore_LoadOffer 227
[20:57:48] EXEC IGC_PersonalStore_LoadItem 376
[20:57:48] EXEC IGC_PersonalStore_LoadOffer 228
[20:57:48] EXEC IGC_PersonalStore_LoadItem 377
[20:57:48] EXEC IGC_PersonalStore_LoadOffer 229
[20:57:48] EXEC IGC_PersonalStore_LoadItem 378
[20:57:48] EXEC IGC_PersonalStore_LoadOffer 230
[20:57:48] EXEC IGC_PersonalStore_LoadItem 379
[20:57:48] EXEC IGC_PersonalStore_LoadOffer 231
[20:57:48] EXEC IGC_PersonalStore_LoadItem 380
[20:57:48] EXEC IGC_PersonalStore_LoadOffer 232
[20:57:48] EXEC IGC_PersonalStore_LoadItem 381
[20:57:48] EXEC IGC_PersonalStore_LoadOffer 241
[20:57:48] EXEC IGC_PersonalStore_LoadItem 400
[20:57:48] EXEC IGC_PersonalStore_LoadOffer 242
[20:57:48] EXEC IGC_PersonalStore_LoadItem 401
[20:57:48] EXEC IGC_PersonalStore_LoadOffer 243
[20:57:48] EXEC IGC_PersonalStore_LoadItem 402
[20:57:48] EXEC IGC_PersonalStore_LoadOffer 480
[20:57:48] EXEC IGC_PersonalStore_LoadItem 928
[20:57:48] EXEC IGC_PersonalStore_LoadOffer 482
[20:57:48] EXEC IGC_PersonalStore_LoadItem 930
[20:57:48] EXEC IGC_PersonalStore_LoadOffer 485
[20:57:48] EXEC IGC_PersonalStore_LoadItem 937
[20:57:48] EXEC IGC_PersonalStore_LoadOffer 486
[20:57:48] EXEC IGC_PersonalStore_LoadOffer 496
[20:57:48] EXEC IGC_PersonalStore_LoadItem 952
[20:57:48] EXEC IGC_PersonalStore_LoadOffer 497
[20:57:48] EXEC IGC_PersonalStore_LoadItem 953
[20:57:48] EXEC IGC_PersonalStore_LoadOffer 522
[20:57:48] EXEC IGC_PersonalStore_LoadItem 996
[20:57:48] EXEC IGC_PersonalStore_LoadOffer 537
[20:57:48] EXEC IGC_PersonalStore_LoadItem 1023
[20:57:48] EXEC IGC_PersonalStore_LoadOffer 560
[20:57:48] EXEC IGC_PersonalStore_LoadItem 1062
[20:57:48] EXEC IGC_PersonalStore_LoadOffer 600
[20:57:48] EXEC IGC_PersonalStore_LoadItem 1120
[20:57:48] EXEC IGC_PersonalStore_LoadOffer 601
[20:57:48] EXEC IGC_PersonalStore_LoadItem 1121
[20:57:48] EXEC IGC_PersonalStore_LoadOffer 602
[20:57:48] EXEC IGC_PersonalStore_LoadItem 1122
[20:57:48] EXEC IGC_PersonalStore_LoadOffer 606
[20:57:48] EXEC IGC_PersonalStore_LoadItem 1130
[20:57:48] EXEC IGC_PersonalStore_LoadOffer 607
[20:57:48] EXEC IGC_PersonalStore_LoadItem 1131
[20:57:48] EXEC IGC_PersonalStore_LoadOffer 58
[20:57:48] EXEC IGC_PersonalStore_LoadItem 111
[20:57:48] EXEC IGC_PersonalStore_LoadOffer 63
[20:57:48] EXEC IGC_PersonalStore_LoadItem 116
[20:57:48] EXEC IGC_PersonalStore_LoadOffer 709
[20:57:48] EXEC IGC_PersonalStore_LoadItem 1308
[20:57:48] EXEC IGC_PersonalStore_LoadOffer 65
[20:57:48] EXEC IGC_PersonalStore_LoadItem 118
[20:57:48] EXEC IGC_PersonalStore_LoadOffer 106
[20:57:48] EXEC IGC_PersonalStore_LoadItem 184
[20:57:48] EXEC IGC_PersonalStore_LoadOffer 107
[20:57:48] EXEC IGC_PersonalStore_LoadItem 185
[20:57:48] EXEC IGC_PersonalStore_LoadOffer 57
[20:57:48] EXEC IGC_PersonalStore_LoadOffer 474
[20:57:48] EXEC IGC_PersonalStore_LoadItem 901
[20:57:48] EXEC IGC_PersonalStore_LoadItem 902
[20:57:48] EXEC IGC_PersonalStore_LoadItem 903
[20:57:48] EXEC IGC_PersonalStore_LoadItem 904
[20:57:48] EXEC IGC_PersonalStore_LoadItem 905
[20:57:48] EXEC IGC_PersonalStore_LoadOffer 475
[20:57:48] EXEC IGC_PersonalStore_LoadItem 906
[20:57:48] EXEC IGC_PersonalStore_LoadItem 907
[20:57:48] EXEC IGC_PersonalStore_LoadItem 908
[20:57:48] EXEC IGC_PersonalStore_LoadItem 909
[20:57:48] EXEC IGC_PersonalStore_LoadItem 910
[20:57:48] EXEC IGC_PersonalStore_LoadOffer 476
[20:57:48] EXEC IGC_PersonalStore_LoadItem 911
[20:57:48] EXEC IGC_PersonalStore_LoadItem 912
[20:57:48] EXEC IGC_PersonalStore_LoadItem 913
[20:57:48] EXEC IGC_PersonalStore_LoadItem 914
[20:57:48] EXEC IGC_PersonalStore_LoadItem 915
[20:57:48] EXEC IGC_PersonalStore_LoadOffer 477
[20:57:48] EXEC IGC_PersonalStore_LoadItem 916
[20:57:48] EXEC IGC_PersonalStore_LoadItem 917
[20:57:48] EXEC IGC_PersonalStore_LoadItem 918
[20:57:48] EXEC IGC_PersonalStore_LoadItem 919
[20:57:48] EXEC IGC_PersonalStore_LoadItem 920
[20:57:48] EXEC IGC_PersonalStore_LoadOffer 478
[20:57:48] EXEC IGC_PersonalStore_LoadItem 921
[20:57:48] EXEC IGC_PersonalStore_LoadItem 922
[20:57:48] EXEC IGC_PersonalStore_LoadItem 923
[20:57:48] EXEC IGC_PersonalStore_LoadItem 924
[20:57:48] EXEC IGC_PersonalStore_LoadItem 925
[20:57:48] EXEC IGC_PersonalStore_LoadOffer 519
[20:57:48] EXEC IGC_PersonalStore_LoadItem 981
[20:57:48] EXEC IGC_PersonalStore_LoadItem 982
[20:57:48] EXEC IGC_PersonalStore_LoadItem 983
[20:57:48] EXEC IGC_PersonalStore_LoadItem 984
[20:57:48] EXEC IGC_PersonalStore_LoadItem 985
[20:57:48] EXEC IGC_PersonalStore_LoadOffer 520
[20:57:48] EXEC IGC_PersonalStore_LoadItem 986
[20:57:48] EXEC IGC_PersonalStore_LoadItem 987
[20:57:48] EXEC IGC_PersonalStore_LoadItem 988
[20:57:48] EXEC IGC_PersonalStore_LoadItem 989
[20:57:48] EXEC IGC_PersonalStore_LoadItem 990
[20:57:48] EXEC IGC_PersonalStore_LoadOffer 521
[20:57:48] EXEC IGC_PersonalStore_LoadItem 991
[20:57:48] EXEC IGC_PersonalStore_LoadItem 992
[20:57:48] EXEC IGC_PersonalStore_LoadItem 993
[20:57:48] EXEC IGC_PersonalStore_LoadItem 994
[20:57:48] EXEC IGC_PersonalStore_LoadItem 995
[20:57:48] EXEC IGC_PersonalStore_LoadOffer 550
[20:57:48] EXEC IGC_PersonalStore_LoadItem 1052
[20:57:48] EXEC IGC_PersonalStore_LoadOffer 551
[20:57:48] EXEC IGC_PersonalStore_LoadItem 1053
[20:57:48] EXEC IGC_PersonalStore_LoadOffer 552
[20:57:48] EXEC IGC_PersonalStore_LoadOffer 553
[20:57:48] EXEC IGC_PersonalStore_LoadOffer 554
[20:57:48] EXEC IGC_PersonalStore_LoadOffer 555
[20:57:48] EXEC IGC_PersonalStore_LoadItem 1057
[20:57:48] EXEC IGC_PersonalStore_LoadOffer 556
[20:57:48] EXEC IGC_PersonalStore_LoadItem 1058
[20:57:48] EXEC IGC_PersonalStore_LoadOffer 720
[20:57:48] EXEC IGC_PersonalStore_LoadItem 1319
[20:57:48] EXEC IGC_PersonalStore_LoadOffer 558
[20:57:48] EXEC IGC_PersonalStore_LoadItem 1060
[20:57:48] EXEC IGC_PersonalStore_LoadOffer 559
[20:57:48] EXEC IGC_PersonalStore_LoadItem 1061
[20:57:48] EXEC IGC_PersonalStore_LoadOffer 561
[20:57:48] EXEC IGC_PersonalStore_LoadItem 1063
[20:57:48] EXEC IGC_PersonalStore_LoadOffer 562
[20:57:48] EXEC IGC_PersonalStore_LoadItem 1064
[20:57:48] EXEC IGC_PersonalStore_LoadOffer 77
[20:57:48] EXEC IGC_PersonalStore_LoadItem 143
[20:57:48] EXEC IGC_PersonalStore_LoadOffer 78
[20:57:48] EXEC IGC_PersonalStore_LoadItem 144
[20:57:48] EXEC IGC_PersonalStore_LoadOffer 536
[20:57:48] EXEC IGC_PersonalStore_LoadOffer 94
[20:57:48] EXEC IGC_PersonalStore_LoadItem 171
[20:57:48] EXEC IGC_PersonalStore_LoadOffer 95
[20:57:48] EXEC IGC_PersonalStore_LoadItem 172
[20:57:48] EXEC IGC_PersonalStore_LoadOffer 96
[20:57:48] EXEC IGC_PersonalStore_LoadItem 173
[20:57:48] EXEC IGC_PersonalStore_LoadOffer 193
[20:57:48] EXEC IGC_PersonalStore_LoadItem 328
[20:57:48] EXEC IGC_PersonalStore_LoadOffer 194
[20:57:48] EXEC IGC_PersonalStore_LoadItem 329
[20:57:48] EXEC IGC_PersonalStore_LoadOffer 615
[20:57:48] EXEC IGC_PersonalStore_LoadItem 1145
[20:57:48] EXEC IGC_PersonalStore_LoadOffer 616
[20:57:48] EXEC IGC_PersonalStore_LoadItem 1146
[20:57:48] EXEC IGC_PersonalStore_LoadOffer 617
[20:57:48] EXEC IGC_PersonalStore_LoadItem 1147
[20:57:48] EXEC IGC_PersonalStore_LoadOffer 618
[20:57:48] EXEC IGC_PersonalStore_LoadItem 1148
[20:57:48] EXEC IGC_PersonalStore_LoadOffer 619
[20:57:48] EXEC IGC_PersonalStore_LoadItem 1149
[20:57:48] EXEC IGC_PersonalStore_LoadOffer 620
[20:57:48] EXEC IGC_PersonalStore_LoadItem 1150
[20:57:48] EXEC IGC_PersonalStore_LoadOffer 621
[20:57:48] EXEC IGC_PersonalStore_LoadItem 1151
[20:57:48] EXEC IGC_PersonalStore_LoadOffer 622
[20:57:48] EXEC IGC_PersonalStore_LoadItem 1152
[20:57:48] EXEC IGC_PersonalStore_LoadOffer 623
[20:57:48] EXEC IGC_PersonalStore_LoadItem 1153
[20:57:48] EXEC IGC_PersonalStore_LoadOffer 629
[20:57:48] EXEC IGC_PersonalStore_LoadItem 1179
[20:57:48] EXEC IGC_PersonalStore_LoadOffer 630
[20:57:48] EXEC IGC_PersonalStore_LoadItem 1180
[20:57:48] EXEC IGC_PersonalStore_LoadOffer 147
[20:57:48] EXEC IGC_PersonalStore_LoadItem 232
[20:57:48] EXEC IGC_PersonalStore_LoadOffer 148
[20:57:48] EXEC IGC_PersonalStore_LoadItem 233
[20:57:48] EXEC IGC_PersonalStore_LoadOffer 149
[20:57:48] EXEC IGC_PersonalStore_LoadItem 234
[20:57:48] EXEC IGC_PersonalStore_LoadOffer 150
[20:57:48] EXEC IGC_PersonalStore_LoadItem 235
[20:57:48] EXEC IGC_PersonalStore_LoadOffer 151
[20:57:48] EXEC IGC_PersonalStore_LoadItem 236
[20:57:48] EXEC IGC_PersonalStore_LoadOffer 152
[20:57:48] EXEC IGC_PersonalStore_LoadItem 237
[20:57:48] EXEC IGC_PersonalStore_LoadOffer 153
[20:57:48] EXEC IGC_PersonalStore_LoadItem 238
[20:57:48] EXEC IGC_PersonalStore_LoadOffer 633
[20:57:48] EXEC IGC_PersonalStore_LoadOffer 634
[20:57:48] EXEC IGC_PersonalStore_LoadOffer 635
[20:57:48] EXEC IGC_PersonalStore_LoadOffer 636
[20:57:48] EXEC IGC_PersonalStore_LoadOffer 637
[20:57:48] EXEC IGC_PersonalStore_LoadOffer 728
[20:57:48] EXEC IGC_PersonalStore_LoadOffer 313
[20:57:48] EXEC IGC_PersonalStore_LoadOffer 747
[20:57:48] EXEC IGC_PersonalStore_LoadItem 1379
[20:57:48] EXEC IGC_PersonalStore_LoadOffer 748
[20:57:48] EXEC IGC_PersonalStore_LoadItem 1380
[20:57:48] EXEC IGC_PersonalStore_LoadOffer 749
[20:57:48] EXEC IGC_PersonalStore_LoadItem 1381
[20:57:48] EXEC IGC_PersonalStore_LoadOffer 750
[20:57:48] EXEC IGC_PersonalStore_LoadItem 1382
[20:57:48] EXEC IGC_PersonalStore_LoadOffer 761
[20:57:48] EXEC IGC_PersonalStore_LoadItem 1393
[20:57:48] EXEC IGC_PersonalStore_LoadOffer 492
[20:57:48] EXEC IGC_PersonalStore_LoadOffer 491
[20:57:48] EXEC IGC_PersonalStore_LoadItem 943
[20:57:48] EXEC IGC_PersonalStore_LoadOffer 399
[20:57:48] EXEC IGC_PersonalStore_LoadItem 736
[20:57:48] EXEC IGC_PersonalStore_LoadOffer 400
[20:57:48] EXEC IGC_PersonalStore_LoadItem 737
[20:57:48] EXEC IGC_PersonalStore_LoadOffer 401
[20:57:48] EXEC IGC_PersonalStore_LoadItem 738
[20:57:48] EXEC IGC_PersonalStore_LoadOffer 402
[20:57:48] EXEC IGC_PersonalStore_LoadItem 739
[20:57:48] EXEC IGC_PersonalStore_LoadOffer 403
[20:57:48] EXEC IGC_PersonalStore_LoadItem 740
[20:57:48] EXEC IGC_PersonalStore_LoadOffer 404
[20:57:48] EXEC IGC_PersonalStore_LoadItem 741
[20:57:48] EXEC IGC_PersonalStore_LoadOffer 405
[20:57:48] EXEC IGC_PersonalStore_LoadItem 742
[20:57:48] EXEC IGC_PersonalStore_LoadOffer 406
[20:57:48] EXEC IGC_PersonalStore_LoadItem 743
[20:57:48] EXEC IGC_PersonalStore_LoadOffer 407
[20:57:48] EXEC IGC_PersonalStore_LoadItem 744
[20:57:48] EXEC IGC_PersonalStore_LoadOffer 408
[20:57:48] EXEC IGC_PersonalStore_LoadItem 745
[20:57:48] EXEC IGC_PersonalStore_LoadOffer 409
[20:57:48] EXEC IGC_PersonalStore_LoadItem 746
[20:57:48] EXEC IGC_PersonalStore_LoadOffer 580
[20:57:48] EXEC IGC_PersonalStore_LoadItem 1100
[20:57:48] EXEC IGC_PersonalStore_LoadOffer 581
[20:57:48] EXEC IGC_PersonalStore_LoadItem 1101
[20:57:48] EXEC IGC_PersonalStore_LoadOffer 582
[20:57:48] EXEC IGC_PersonalStore_LoadItem 1102
[20:57:48] EXEC IGC_PersonalStore_LoadOffer 726
[20:57:48] EXEC IGC_PersonalStore_LoadItem 1327
[20:57:48] EXEC IGC_PersonalStore_LoadItem 1328
[20:57:48] EXEC IGC_PersonalStore_LoadItem 1329
[20:57:48] EXEC IGC_PersonalStore_LoadItem 1330
[20:57:48] EXEC IGC_PersonalStore_LoadItem 1331
[20:57:48] EXEC IGC_PersonalStore_LoadOffer 588
[20:57:48] EXEC IGC_PersonalStore_LoadItem 1108
[20:57:48] EXEC IGC_PersonalStore_LoadOffer 587
[20:57:48] EXEC IGC_PersonalStore_LoadItem 1107
[20:57:48] EXEC IGC_PersonalStore_LoadOffer 586
[20:57:48] EXEC IGC_PersonalStore_LoadItem 1106
[20:57:48] EXEC IGC_PersonalStore_LoadOffer 584
[20:57:48] EXEC IGC_PersonalStore_LoadItem 1104
[20:57:48] EXEC IGC_PersonalStore_LoadOffer 518
[20:57:48] EXEC IGC_PersonalStore_LoadItem 980
[20:57:48] EXEC IGC_PersonalStore_LoadOffer 517
[20:57:48] EXEC IGC_PersonalStore_LoadItem 979
[20:57:48] EXEC IGC_PersonalStore_LoadOffer 585
[20:57:48] EXEC IGC_PersonalStore_LoadItem 1105
[20:57:48] EXEC IGC_PersonalStore_LoadOffer 589
[20:57:48] EXEC IGC_PersonalStore_LoadItem 1109
[20:57:48] EXEC IGC_PersonalStore_LoadOffer 590
[20:57:48] EXEC IGC_PersonalStore_LoadItem 1110
[20:57:48] EXEC IGC_PersonalStore_LoadOffer 425
[20:57:48] EXEC IGC_PersonalStore_LoadItem 780
[20:57:48] EXEC IGC_PersonalStore_LoadOffer 354
[20:57:48] EXEC IGC_PersonalStore_LoadItem 645
[20:57:48] EXEC IGC_PersonalStore_LoadOffer 564
[20:57:48] EXEC IGC_PersonalStore_LoadItem 1070
[20:57:48] EXEC IGC_PersonalStore_LoadItem 1071
[20:57:48] EXEC IGC_PersonalStore_LoadItem 1072
[20:57:48] EXEC IGC_PersonalStore_LoadOffer 108
[20:57:48] EXEC IGC_PersonalStore_LoadItem 186
[20:57:48] EXEC IGC_PersonalStore_LoadOffer 30
[20:57:48] EXEC IGC_PersonalStore_LoadItem 72
[20:57:48] EXEC IGC_PersonalStore_LoadOffer 188
[20:57:48] EXEC IGC_PersonalStore_LoadItem 323
[20:57:48] EXEC IGC_PersonalStore_LoadOffer 189
[20:57:48] EXEC IGC_PersonalStore_LoadItem 324
[20:57:48] EXEC IGC_PersonalStore_LoadOffer 190
[20:57:48] EXEC IGC_PersonalStore_LoadItem 325
[20:57:48] EXEC IGC_PersonalStore_LoadOffer 191
[20:57:48] EXEC IGC_PersonalStore_LoadItem 326
[20:57:48] EXEC IGC_PersonalStore_LoadOffer 202
[20:57:48] EXEC IGC_PersonalStore_LoadItem 338
[20:57:48] EXEC IGC_PersonalStore_LoadOffer 203
[20:57:48] EXEC IGC_PersonalStore_LoadItem 339
[20:57:48] EXEC IGC_PersonalStore_LoadOffer 237
[20:57:48] EXEC IGC_PersonalStore_LoadItem 393
[20:57:48] EXEC IGC_PersonalStore_LoadOffer 238
[20:57:48] EXEC IGC_PersonalStore_LoadItem 394
[20:57:48] EXEC IGC_PersonalStore_LoadOffer 240
[20:57:48] EXEC IGC_PersonalStore_LoadItem 399
[20:57:48] EXEC IGC_PersonalStore_LoadOffer 430
[20:57:48] EXEC IGC_PersonalStore_LoadItem 787
[20:57:48] EXEC IGC_PersonalStore_LoadOffer 431
[20:57:48] EXEC IGC_PersonalStore_LoadItem 788
[20:57:48] EXEC IGC_PersonalStore_LoadOffer 432
[20:57:48] EXEC IGC_PersonalStore_LoadItem 789
[20:57:48] EXEC IGC_PersonalStore_LoadOffer 433
[20:57:48] EXEC IGC_PersonalStore_LoadItem 790
[20:57:48] EXEC IGC_PersonalStore_LoadOffer 631
[20:57:48] EXEC IGC_PersonalStore_LoadItem 1181
[20:57:48] EXEC IGC_PersonalStore_LoadOffer 632
[20:57:48] EXEC IGC_PersonalStore_LoadItem 1182
[20:57:48] EXEC IGC_PersonalStore_LoadOffer 671
[20:57:48] EXEC IGC_PersonalStore_LoadItem 1225
[20:57:48] EXEC IGC_PersonalStore_LoadOffer 672
[20:57:48] EXEC IGC_PersonalStore_LoadItem 1226
[20:57:48] EXEC IGC_PersonalStore_LoadOffer 36
[20:57:48] EXEC IGC_PersonalStore_LoadItem 78
[20:57:48] EXEC IGC_PersonalStore_LoadItem 79
[20:57:48] EXEC IGC_PersonalStore_LoadItem 80
[20:57:48] EXEC IGC_PersonalStore_LoadItem 81
[20:57:48] EXEC IGC_PersonalStore_LoadItem 82
[20:57:48] EXEC IGC_PersonalStore_LoadOffer 26
[20:57:48] EXEC IGC_PersonalStore_LoadOffer 449
[20:57:48] EXEC IGC_PersonalStore_LoadOffer 608
[20:57:48] EXEC IGC_PersonalStore_LoadOffer 481
[20:57:48] EXEC IGC_PersonalStore_LoadOffer 487
[20:57:48] EXEC IGC_PersonalStore_LoadItem 939
[20:57:48] EXEC IGC_PersonalStore_LoadOffer 488
[20:57:48] EXEC IGC_PersonalStore_LoadItem 940
[20:57:48] EXEC IGC_PersonalStore_LoadOffer 396
[20:57:48] EXEC IGC_PersonalStore_LoadOffer 398
[20:57:48] EXEC IGC_PersonalStore_LoadOffer 411
[20:57:48] EXEC IGC_PersonalStore_LoadOffer 395
[20:57:48] EXEC IGC_PersonalStore_LoadOffer 316
[20:57:48] EXEC IGC_PersonalStore_LoadOffer 381
[20:57:48] EXEC IGC_PersonalStore_LoadOffer 380
[20:57:48] EXEC IGC_PersonalStore_LoadOffer 349
[20:57:48] EXEC IGC_PersonalStore_LoadOffer 335
[20:57:48] EXEC IGC_PersonalStore_LoadOffer 336
[20:57:48] EXEC IGC_PersonalStore_LoadOffer 350
[20:57:48] EXEC IGC_PersonalStore_LoadOffer 356
[20:57:48] EXEC IGC_PersonalStore_LoadOffer 412
[20:57:48] EXEC IGC_PersonalStore_LoadOffer 414
[20:57:48] EXEC IGC_PersonalStore_LoadOffer 415
[20:57:48] EXEC IGC_PersonalStore_LoadOffer 53
[20:57:48] EXEC IGC_PersonalStore_LoadItem 102
[20:57:48] EXEC IGC_PersonalStore_LoadItem 103
[20:57:48] EXEC IGC_PersonalStore_LoadItem 104
[20:57:48] EXEC IGC_PersonalStore_LoadItem 105
[20:57:48] EXEC IGC_PersonalStore_LoadItem 106
[20:57:48] EXEC IGC_PersonalStore_LoadOffer 79
[20:57:48] EXEC IGC_PersonalStore_LoadItem 145
[20:57:48] EXEC IGC_PersonalStore_LoadItem 146
[20:57:48] EXEC IGC_PersonalStore_LoadItem 147
[20:57:48] EXEC IGC_PersonalStore_LoadItem 148
[20:57:48] EXEC IGC_PersonalStore_LoadOffer 45
[20:57:48] EXEC IGC_PersonalStore_LoadItem 94
[20:57:48] EXEC IGC_PersonalStore_LoadOffer 46
[20:57:48] EXEC IGC_PersonalStore_LoadItem 95
[20:57:48] EXEC IGC_PersonalStore_LoadOffer 47
[20:57:48] EXEC IGC_PersonalStore_LoadItem 96
[20:57:48] EXEC IGC_PersonalStore_LoadOffer 48
[20:57:48] EXEC IGC_PersonalStore_LoadItem 97
[20:57:48] EXEC IGC_PersonalStore_LoadOffer 49
[20:57:48] EXEC IGC_PersonalStore_LoadItem 98
[20:57:48] EXEC IGC_PersonalStore_LoadOffer 50
[20:57:48] EXEC IGC_PersonalStore_LoadItem 99
[20:57:48] EXEC IGC_PersonalStore_LoadOffer 51
[20:57:48] EXEC IGC_PersonalStore_LoadItem 100
[20:57:48] EXEC IGC_PersonalStore_LoadOffer 52
[20:57:48] EXEC IGC_PersonalStore_LoadItem 101
[20:57:48] EXEC IGC_PersonalStore_LoadOffer 89
[20:57:48] EXEC IGC_PersonalStore_LoadItem 166
[20:57:48] EXEC IGC_PersonalStore_LoadOffer 90
[20:57:48] EXEC IGC_PersonalStore_LoadItem 167
[20:57:48] EXEC IGC_PersonalStore_LoadOffer 91
[20:57:48] EXEC IGC_PersonalStore_LoadItem 168
[20:57:48] EXEC IGC_PersonalStore_LoadOffer 452
[20:57:48] EXEC IGC_PersonalStore_LoadItem 856
[20:57:48] EXEC IGC_PersonalStore_LoadOffer 453
[20:57:48] EXEC IGC_PersonalStore_LoadItem 857
[20:57:48] EXEC IGC_PersonalStore_LoadOffer 641
[20:57:48] EXEC IGC_PersonalStore_LoadItem 1191
[20:57:48] EXEC IGC_PersonalStore_LoadOffer 642
[20:57:48] EXEC IGC_PersonalStore_LoadItem 1192
[20:57:48] EXEC IGC_PersonalStore_LoadOffer 643
[20:57:48] EXEC IGC_PersonalStore_LoadItem 1193
[20:57:48] EXEC IGC_PersonalStore_LoadOffer 644
[20:57:48] EXEC IGC_PersonalStore_LoadItem 1194
[20:57:48] EXEC IGC_PersonalStore_LoadOffer 645
[20:57:48] EXEC IGC_PersonalStore_LoadItem 1195
[20:57:48] EXEC IGC_PersonalStore_LoadOffer 646
[20:57:48] EXEC IGC_PersonalStore_LoadItem 1196
[20:57:48] EXEC IGC_PersonalStore_LoadOffer 647
[20:57:48] EXEC IGC_PersonalStore_LoadItem 1197
[20:57:48] EXEC IGC_PersonalStore_LoadOffer 648
[20:57:48] EXEC IGC_PersonalStore_LoadItem 1198
[20:57:48] EXEC IGC_PersonalStore_LoadOffer 649
[20:57:48] EXEC IGC_PersonalStore_LoadItem 1199
[20:57:48] EXEC IGC_PersonalStore_LoadOffer 650
[20:57:48] EXEC IGC_PersonalStore_LoadItem 1200
[20:57:48] EXEC IGC_PersonalStore_LoadOffer 651
[20:57:48] EXEC IGC_PersonalStore_LoadItem 1201
[20:57:48] EXEC IGC_PersonalStore_LoadOffer 652
[20:57:48] EXEC IGC_PersonalStore_LoadItem 1202
[20:57:48] EXEC IGC_PersonalStore_LoadOffer 654
[20:57:48] EXEC IGC_PersonalStore_LoadItem 1204
[20:57:48] EXEC IGC_PersonalStore_LoadOffer 653
[20:57:48] EXEC IGC_PersonalStore_LoadItem 1203
[20:57:48] EXEC IGC_PersonalStore_LoadOffer 655
[20:57:48] EXEC IGC_PersonalStore_LoadItem 1205
[20:57:48] EXEC IGC_PersonalStore_LoadOffer 92
[20:57:48] EXEC IGC_PersonalStore_LoadItem 169
[20:57:48] EXEC IGC_PersonalStore_LoadOffer 155
[20:57:48] EXEC IGC_PersonalStore_LoadItem 240
[20:57:48] EXEC IGC_PersonalStore_LoadItem 241
[20:57:48] EXEC IGC_PersonalStore_LoadItem 242
[20:57:48] EXEC IGC_PersonalStore_LoadOffer 659
[20:57:48] EXEC IGC_PersonalStore_LoadItem 1213
[20:57:48] EXEC IGC_PersonalStore_LoadOffer 660
[20:57:48] EXEC IGC_PersonalStore_LoadItem 1214
[20:57:48] EXEC IGC_PersonalStore_LoadOffer 662
[20:57:48] EXEC IGC_PersonalStore_LoadItem 1216
[20:57:48] EXEC IGC_PersonalStore_LoadOffer 123
[20:57:48] EXEC IGC_PersonalStore_LoadItem 208
[20:57:48] EXEC IGC_PersonalStore_LoadOffer 124
[20:57:48] EXEC IGC_PersonalStore_LoadItem 209
[20:57:48] EXEC IGC_PersonalStore_LoadOffer 125
[20:57:48] EXEC IGC_PersonalStore_LoadItem 210
[20:57:48] EXEC IGC_PersonalStore_LoadOffer 126
[20:57:48] EXEC IGC_PersonalStore_LoadItem 211
[20:57:48] EXEC IGC_PersonalStore_LoadOffer 332
[20:57:48] EXEC IGC_PersonalStore_LoadItem 592
[20:57:48] EXEC IGC_PersonalStore_LoadOffer 423
[20:57:48] EXEC IGC_PersonalStore_LoadItem 778
[20:57:48] EXEC IGC_PersonalStore_LoadOffer 424
[20:57:48] EXEC IGC_PersonalStore_LoadItem 779
[20:57:48] EXEC IGC_PersonalStore_LoadOffer 565
[20:57:48] EXEC IGC_PersonalStore_LoadOffer 673
[20:57:48] EXEC IGC_PersonalStore_LoadItem 1227
[20:57:48] EXEC IGC_PersonalStore_LoadOffer 674
[20:57:48] EXEC IGC_PersonalStore_LoadItem 1228
[20:57:48] EXEC IGC_PersonalStore_LoadOffer 418
[20:57:48] EXEC IGC_PersonalStore_LoadItem 773
[20:57:48] EXEC IGC_PersonalStore_LoadOffer 263
[20:57:48] EXEC IGC_PersonalStore_LoadItem 427
[20:57:48] EXEC IGC_PersonalStore_LoadOffer 471
[20:57:48] EXEC IGC_PersonalStore_LoadItem 894
[20:57:48] EXEC IGC_PersonalStore_LoadOffer 494
[20:57:48] EXEC IGC_PersonalStore_LoadItem 950
[20:57:48] EXEC IGC_PersonalStore_LoadOffer 527
[20:57:48] EXEC IGC_PersonalStore_LoadItem 1005
[20:57:48] EXEC IGC_PersonalStore_LoadOffer 528
[20:57:48] EXEC IGC_PersonalStore_LoadItem 1006
[20:57:48] EXEC IGC_PersonalStore_LoadOffer 609
[20:57:48] EXEC IGC_PersonalStore_LoadItem 1133
[20:57:48] EXEC IGC_PersonalStore_LoadOffer 530
[20:57:48] EXEC IGC_PersonalStore_LoadItem 1008
[20:57:48] EXEC IGC_PersonalStore_LoadOffer 734
[20:57:48] EXEC IGC_PersonalStore_LoadOffer 87
[20:57:48] EXEC IGC_PersonalStore_LoadItem 156
[20:57:48] EXEC IGC_PersonalStore_LoadItem 157
[20:57:48] EXEC IGC_PersonalStore_LoadItem 158
[20:57:48] EXEC IGC_PersonalStore_LoadItem 159
[20:57:48] EXEC IGC_PersonalStore_LoadItem 160
[20:57:48] EXEC IGC_PersonalStore_LoadOffer 539
[20:57:48] EXEC IGC_PersonalStore_LoadItem 1025
[20:57:48] EXEC IGC_PersonalStore_LoadOffer 548
[20:57:48] EXEC IGC_PersonalStore_LoadItem 1050
[20:57:48] EXEC IGC_PersonalStore_LoadOffer 702
[20:57:48] EXEC IGC_PersonalStore_LoadItem 1301
[20:57:48] EXEC IGC_PersonalStore_LoadOffer 703
[20:57:48] EXEC IGC_PersonalStore_LoadItem 1302
[20:57:48] EXEC IGC_PersonalStore_LoadOffer 704
[20:57:48] EXEC IGC_PersonalStore_LoadItem 1303
[20:57:48] EXEC IGC_PersonalStore_LoadOffer 705
[20:57:48] EXEC IGC_PersonalStore_LoadItem 1304
[20:57:48] EXEC IGC_PersonalStore_LoadOffer 706
[20:57:48] EXEC IGC_PersonalStore_LoadItem 1305
[20:57:48] EXEC IGC_PersonalStore_LoadOffer 707
[20:57:48] EXEC IGC_PersonalStore_LoadItem 1306
[20:57:48] EXEC IGC_PersonalStore_LoadOffer 708
[20:57:48] EXEC IGC_PersonalStore_LoadItem 1307
[20:57:48] EXEC IGC_PersonalStore_LoadOffer 260
[20:57:48] EXEC IGC_PersonalStore_LoadItem 424
[20:57:48] EXEC IGC_PersonalStore_LoadOffer 219
[20:57:48] EXEC IGC_PersonalStore_LoadItem 360
[20:57:48] EXEC IGC_PersonalStore_LoadOffer 220
[20:57:48] EXEC IGC_PersonalStore_LoadItem 361
[20:57:48] EXEC IGC_PersonalStore_LoadOffer 221
[20:57:48] EXEC IGC_PersonalStore_LoadItem 362
[20:57:48] EXEC IGC_PersonalStore_LoadOffer 490
[20:57:48] EXEC IGC_PersonalStore_LoadItem 942
[20:57:48] EXEC IGC_PersonalStore_LoadOffer 234
[20:57:48] EXEC IGC_PersonalStore_LoadItem 387
[20:57:48] EXEC IGC_PersonalStore_LoadOffer 31
[20:57:48] EXEC IGC_PersonalStore_LoadOffer 578
[20:57:48] EXEC IGC_PersonalStore_LoadItem 1098
[20:57:48] EXEC IGC_PersonalStore_LoadOffer 670
[20:57:48] EXEC IGC_PersonalStore_LoadItem 1224
[20:57:48] EXEC IGC_PersonalStore_LoadOffer 139
[20:57:48] EXEC IGC_PersonalStore_LoadItem 224
[20:57:48] EXEC IGC_PersonalStore_LoadOffer 141
[20:57:48] EXEC IGC_PersonalStore_LoadItem 226
[20:57:48] EXEC IGC_PersonalStore_LoadOffer 142
[20:57:48] EXEC IGC_PersonalStore_LoadItem 227
[20:57:48] EXEC IGC_PersonalStore_LoadOffer 143
[20:57:48] EXEC IGC_PersonalStore_LoadItem 228
[20:57:48] EXEC IGC_PersonalStore_LoadOffer 144
[20:57:48] EXEC IGC_PersonalStore_LoadItem 229
[20:57:48] EXEC IGC_PersonalStore_LoadOffer 145
[20:57:48] EXEC IGC_PersonalStore_LoadItem 230
[20:57:48] EXEC IGC_PersonalStore_LoadOffer 146
[20:57:48] EXEC IGC_PersonalStore_LoadItem 231
[20:57:48] EXEC IGC_PersonalStore_LoadOffer 72
[20:57:48] EXEC IGC_PersonalStore_LoadItem 133
[20:57:48] EXEC IGC_PersonalStore_LoadItem 134
[20:57:48] EXEC IGC_PersonalStore_LoadItem 135
[20:57:48] EXEC IGC_PersonalStore_LoadItem 136
[20:57:48] EXEC IGC_PersonalStore_LoadItem 137
[20:57:48] EXEC IGC_PersonalStore_LoadOffer 69
[20:57:48] EXEC IGC_PersonalStore_LoadItem 122
[20:57:48] EXEC IGC_PersonalStore_LoadItem 123
[20:57:48] EXEC IGC_PersonalStore_LoadItem 124
[20:57:48] EXEC IGC_PersonalStore_LoadItem 125
[20:57:48] EXEC IGC_PersonalStore_LoadItem 126
[20:57:48] EXEC IGC_PersonalStore_LoadOffer 70
[20:57:48] EXEC IGC_PersonalStore_LoadItem 127
[20:57:48] EXEC IGC_PersonalStore_LoadItem 128
[20:57:48] EXEC IGC_PersonalStore_LoadItem 129
[20:57:48] EXEC IGC_PersonalStore_LoadOffer 710
[20:57:48] EXEC IGC_PersonalStore_LoadItem 1309
[20:57:48] EXEC IGC_PersonalStore_LoadOffer 711
[20:57:48] EXEC IGC_PersonalStore_LoadItem 1310
[20:57:48] EXEC IGC_PersonalStore_LoadOffer 712
[20:57:48] EXEC IGC_PersonalStore_LoadItem 1311
[20:57:48] EXEC IGC_PersonalStore_LoadOffer 714
[20:57:48] EXEC IGC_PersonalStore_LoadItem 1313
[20:57:48] EXEC IGC_PersonalStore_LoadOffer 715
[20:57:48] EXEC IGC_PersonalStore_LoadItem 1314
[20:57:48] EXEC IGC_PersonalStore_LoadOffer 716
[20:57:48] EXEC IGC_PersonalStore_LoadItem 1315
[20:57:48] EXEC IGC_PersonalStore_LoadOffer 717
[20:57:48] EXEC IGC_PersonalStore_LoadItem 1316
[20:57:48] EXEC IGC_PersonalStore_LoadOffer 718
[20:57:48] EXEC IGC_PersonalStore_LoadItem 1317
[20:57:48] EXEC IGC_PersonalStore_LoadOffer 719
[20:57:48] EXEC IGC_PersonalStore_LoadItem 1318
[20:57:48] EXEC IGC_PersonalStore_LoadOffer 737
[20:57:48] EXEC IGC_PersonalStore_LoadOffer 233
[20:57:48] EXEC IGC_PersonalStore_LoadItem 382
[20:57:48] EXEC IGC_PersonalStore_LoadItem 383
[20:57:48] EXEC IGC_PersonalStore_LoadItem 384
[20:57:48] EXEC IGC_PersonalStore_LoadItem 385
[20:57:48] EXEC IGC_PersonalStore_LoadItem 386
[20:57:48] EXEC IGC_PersonalStore_LoadOffer 183
[20:57:48] EXEC IGC_PersonalStore_LoadItem 318
[20:57:48] EXEC IGC_PersonalStore_LoadOffer 698
[20:57:48] EXEC IGC_PersonalStore_LoadOffer 699
[20:57:48] EXEC IGC_PersonalStore_LoadOffer 700
[20:57:48] EXEC IGC_PersonalStore_LoadOffer 701
[20:57:48] EXEC IGC_PersonalStore_LoadOffer 721
[20:57:48] EXEC IGC_PersonalStore_LoadOffer 722
[20:57:48] EXEC IGC_PersonalStore_LoadOffer 723
[20:57:48] EXEC IGC_PersonalStore_LoadOffer 724
[20:57:48] EXEC IGC_PersonalStore_LoadOffer 727
[20:57:48] EXEC IGC_PersonalStore_LoadOffer 760
[20:57:48] EXEC IGC_PersonalStore_LoadOffer 516
[20:57:48] EXEC IGC_PersonalStore_LoadItem 974
[20:57:48] EXEC IGC_PersonalStore_LoadItem 975
[20:57:48] EXEC IGC_PersonalStore_LoadItem 976
[20:57:48] EXEC IGC_PersonalStore_LoadItem 977
[20:57:48] EXEC IGC_PersonalStore_LoadItem 978
[20:57:48] EXEC IGC_PersonalStore_LoadOffer 689
[20:57:48] EXEC IGC_PersonalStore_LoadItem 1264
[20:57:48] EXEC IGC_PersonalStore_LoadItem 1265
[20:57:48] EXEC IGC_PersonalStore_LoadItem 1266
[20:57:48] EXEC IGC_PersonalStore_LoadItem 1267
[20:57:48] EXEC IGC_PersonalStore_LoadItem 1268
[20:57:48] EXEC IGC_PersonalStore_LoadOffer 768
[20:57:48] EXEC IGC_PersonalStore_LoadItem 1408
[20:57:48] EXEC IGC_PersonalStore_LoadItem 1409
[20:57:48] EXEC IGC_PersonalStore_LoadItem 1410
[20:57:48] EXEC IGC_PersonalStore_LoadItem 1411
[20:57:48] EXEC IGC_PersonalStore_LoadItem 1412
[20:57:48] EXEC IGC_PersonalStore_LoadOffer 769
[20:57:48] EXEC IGC_PersonalStore_LoadItem 1413
[20:57:48] EXEC IGC_PersonalStore_LoadItem 1414
[20:57:48] EXEC IGC_PersonalStore_LoadItem 1415
[20:57:48] EXEC IGC_PersonalStore_LoadItem 1416
[20:57:48] EXEC IGC_PersonalStore_LoadItem 1417
[20:57:48] EXEC IGC_PersonalStore_LoadOffer 770
[20:57:48] EXEC IGC_PersonalStore_LoadItem 1418
[20:57:48] EXEC IGC_PersonalStore_LoadItem 1419
[20:57:48] EXEC IGC_PersonalStore_LoadOffer 686
[20:57:48] EXEC IGC_PersonalStore_LoadItem 1249
[20:57:48] EXEC IGC_PersonalStore_LoadItem 1250
[20:57:48] EXEC IGC_PersonalStore_LoadItem 1251
[20:57:48] EXEC IGC_PersonalStore_LoadItem 1252
[20:57:48] EXEC IGC_PersonalStore_LoadItem 1253
[20:57:48] EXEC IGC_PersonalStore_LoadOffer 687
[20:57:48] EXEC IGC_PersonalStore_LoadItem 1254
[20:57:48] EXEC IGC_PersonalStore_LoadItem 1255
[20:57:48] EXEC IGC_PersonalStore_LoadItem 1256
[20:57:48] EXEC IGC_PersonalStore_LoadItem 1257
[20:57:48] EXEC IGC_PersonalStore_LoadItem 1258
[20:57:48] EXEC IGC_PersonalStore_LoadOffer 688
[20:57:48] EXEC IGC_PersonalStore_LoadItem 1259
[20:57:48] EXEC IGC_PersonalStore_LoadItem 1260
[20:57:48] EXEC IGC_PersonalStore_LoadItem 1261
[20:57:48] EXEC IGC_PersonalStore_LoadItem 1262
[20:57:48] EXEC IGC_PersonalStore_LoadItem 1263
[20:57:48] EXEC IGC_PersonalStore_LoadOffer 766
[20:57:48] EXEC IGC_PersonalStore_LoadOffer 725
[20:57:48] EXEC IGC_PersonalStore_LoadOffer 309
[20:57:48] EXEC IGC_PersonalStore_LoadItem 537
[20:57:48] EXEC IGC_PersonalStore_LoadOffer 327
[20:57:48] EXEC IGC_PersonalStore_LoadOffer 328
[20:57:48] EXEC IGC_PersonalStore_LoadItem 580
[20:57:48] EXEC IGC_PersonalStore_LoadItem 581
[20:57:48] EXEC IGC_PersonalStore_LoadItem 582
[20:57:48] EXEC IGC_PersonalStore_LoadItem 583
[20:57:48] EXEC IGC_PersonalStore_LoadItem 584
[20:57:48] EXEC IGC_PersonalStore_LoadOffer 329
[20:57:48] EXEC IGC_PersonalStore_LoadItem 585
[20:57:48] EXEC IGC_PersonalStore_LoadItem 586
[20:57:48] EXEC IGC_PersonalStore_LoadItem 587
[20:57:48] EXEC IGC_PersonalStore_LoadItem 588
[20:57:48] EXEC IGC_PersonalStore_LoadItem 589
[20:57:48] EXEC IGC_PersonalStore_LoadOffer 583
[20:57:48] EXEC IGC_PersonalStore_LoadOffer 513
[20:57:48] EXEC IGC_PersonalStore_LoadItem 971
[20:57:48] EXEC IGC_PersonalStore_LoadOffer 32
[20:57:48] EXEC IGC_PersonalStore_LoadOffer 33
[20:57:48] EXEC IGC_PersonalStore_LoadOffer 42
[20:57:48] EXEC IGC_PersonalStore_LoadOffer 34
[20:57:48] EXEC IGC_PersonalStore_LoadOffer 38
[20:57:48] EXEC IGC_PersonalStore_LoadOffer 37
[20:57:48] EXEC IGC_PersonalStore_LoadOffer 40
[20:57:48] EXEC IGC_PersonalStore_LoadOffer 39
[20:57:48] EXEC IGC_PersonalStore_LoadOffer 258
[20:57:48] EXEC IGC_PersonalStore_LoadItem 421
[20:57:48] EXEC IGC_PersonalStore_LoadItem 422
[20:57:48] EXEC IGC_PersonalStore_LoadOffer 44
[20:57:48] EXEC IGC_PersonalStore_LoadOffer 75
[20:57:48] EXEC IGC_PersonalStore_LoadItem 140
[20:57:48] EXEC IGC_PersonalStore_LoadItem 141
[20:57:48] EXEC IGC_PersonalStore_LoadOffer 214
[20:57:48] EXEC IGC_PersonalStore_LoadItem 350
[20:57:48] EXEC IGC_PersonalStore_LoadOffer 215
[20:57:48] EXEC IGC_PersonalStore_LoadItem 351
[20:57:48] EXEC IGC_PersonalStore_LoadOffer 216
[20:57:48] EXEC IGC_PersonalStore_LoadItem 352
[20:57:48] EXEC IGC_PersonalStore_LoadOffer 217
[20:57:48] EXEC IGC_PersonalStore_LoadItem 353
[20:57:48] EXEC IGC_PersonalStore_LoadItem 354
[20:57:48] EXEC IGC_PersonalStore_LoadOffer 410
[20:57:48] EXEC IGC_PersonalStore_LoadItem 747
[20:57:48] EXEC IGC_PersonalStore_LoadItem 748
[20:57:48] EXEC IGC_PersonalStore_LoadItem 749
[20:57:48] EXEC IGC_PersonalStore_LoadOffer 763
[20:57:48] EXEC IGC_PersonalStore_LoadItem 1395
[20:57:48] EXEC IGC_PersonalStore_LoadItem 1396
[20:57:48] EXEC IGC_PersonalStore_LoadItem 1397
[20:57:48] EXEC IGC_PersonalStore_LoadItem 1398
[20:57:48] EXEC IGC_PersonalStore_LoadItem 1399
[20:57:48] EXEC IGC_PersonalStore_LoadOffer 299
[20:57:48] EXEC IGC_PersonalStore_LoadItem 495
[20:57:48] EXEC IGC_PersonalStore_LoadOffer 612
[20:57:48] EXEC IGC_PersonalStore_LoadItem 1140
[20:57:48] EXEC IGC_PersonalStore_LoadItem 1141
[20:57:48] EXEC IGC_PersonalStore_LoadItem 1142
[20:57:48] EXEC IGC_PersonalStore_LoadOffer 738
[20:57:48] EXEC IGC_PersonalStore_LoadItem 1350
[20:57:48] EXEC IGC_PersonalStore_LoadItem 1351
[20:57:48] EXEC IGC_PersonalStore_LoadItem 1352
[20:57:48] EXEC IGC_PersonalStore_LoadItem 1353
[20:57:48] EXEC IGC_PersonalStore_LoadItem 1354
[20:57:48] EXEC IGC_PersonalStore_LoadOffer 771
[20:57:48] EXEC IGC_PersonalStore_LoadItem 1420
[20:57:48] EXEC IGC_PersonalStore_LoadItem 1421
[20:57:48] EXEC IGC_PersonalStore_LoadItem 1422
[20:57:48] EXEC IGC_PersonalStore_LoadItem 1423
[20:57:48] EXEC IGC_PersonalStore_LoadItem 1424
[20:57:48] EXEC IGC_PersonalStore_LoadOffer 772
[20:57:48] EXEC IGC_PersonalStore_LoadItem 1425
[20:57:48] EXEC IGC_PersonalStore_LoadItem 1426
[20:57:48] EXEC IGC_PersonalStore_LoadItem 1427
[20:57:48] EXEC IGC_PersonalStore_LoadItem 1428
[20:57:48] EXEC IGC_PersonalStore_LoadItem 1429
[20:57:48] EXEC IGC_PersonalStore_LoadOffer 275
[20:57:48] EXEC IGC_PersonalStore_LoadOffer 276
[20:57:48] EXEC IGC_PersonalStore_LoadOffer 277
[20:57:48] EXEC IGC_PersonalStore_LoadOffer 278
[20:57:48] EXEC IGC_PersonalStore_LoadOffer 279
[20:57:48] EXEC IGC_PersonalStore_LoadOffer 113
[20:57:48] EXEC IGC_PersonalStore_LoadItem 191
[20:57:48] EXEC IGC_PersonalStore_LoadOffer 235
[20:57:48] EXEC IGC_PersonalStore_LoadOffer 355
[20:57:48] EXEC IGC_PersonalStore_LoadOffer 97
[20:57:48] EXEC IGC_PersonalStore_LoadItem 174
[20:57:48] EXEC IGC_PersonalStore_LoadOffer 98
[20:57:48] EXEC IGC_PersonalStore_LoadItem 175
[20:57:48] EXEC IGC_PersonalStore_LoadOffer 489
[20:57:48] EXEC IGC_PersonalStore_LoadItem 941
[20:57:48] EXEC IGC_PersonalStore_LoadOffer 342
[20:57:48] EXEC IGC_PersonalStore_LoadItem 618
[20:57:48] EXEC IGC_PersonalStore_LoadOffer 397
[20:57:48] EXEC IGC_PersonalStore_LoadItem 730
[20:57:48] EXEC IGC_PersonalStore_LoadOffer 116
[20:57:48] EXEC IGC_PersonalStore_LoadOffer 135
[20:57:48] EXEC IGC_PersonalStore_LoadItem 220
[20:57:48] EXEC IGC_PersonalStore_LoadOffer 713
[20:57:48] EXEC IGC_PersonalStore_LoadItem 1312
[20:57:48] EXEC IGC_PersonalStore_LoadOffer 353
[20:57:48] EXEC IGC_PersonalStore_LoadOffer 745
[20:57:48] EXEC IGC_PersonalStore_LoadItem 1377
[20:57:48] EXEC IGC_PersonalStore_LoadOffer 503
[20:57:48] EXEC IGC_PersonalStore_LoadItem 959
[20:57:48] EXEC IGC_PersonalStore_LoadOffer 371
[20:57:48] EXEC IGC_PersonalStore_LoadItem 674
[20:57:48] EXEC IGC_PersonalStore_LoadOffer 697
[20:57:48] EXEC IGC_PersonalStore_LoadItem 1296
[20:57:48] EXEC IGC_PersonalStore_LoadOffer 746
[20:57:48] EXEC IGC_PersonalStore_LoadItem 1378
[20:57:48] EXEC IGC_PersonalStore_LoadOffer 166
[20:57:48] EXEC IGC_PersonalStore_LoadItem 281
[20:57:48] EXEC IGC_PersonalStore_LoadItem 282
[20:57:48] EXEC IGC_PersonalStore_LoadOffer 111
[20:57:48] EXEC IGC_PersonalStore_LoadItem 189
[20:57:48] EXEC IGC_PersonalStore_LoadOffer 112
[20:57:48] EXEC IGC_PersonalStore_LoadItem 190
[20:57:48] EXEC IGC_PersonalStore_LoadOffer 163
[20:57:48] EXEC IGC_PersonalStore_LoadItem 278
[20:57:48] EXEC IGC_PersonalStore_LoadOffer 164
[20:57:48] EXEC IGC_PersonalStore_LoadItem 279
[20:57:48] EXEC IGC_PersonalStore_LoadOffer 165
[20:57:48] EXEC IGC_PersonalStore_LoadItem 280
[20:57:48] EXEC IGC_PersonalStore_LoadOffer 167
[20:57:48] EXEC IGC_PersonalStore_LoadItem 283
[20:57:48] EXEC IGC_PersonalStore_LoadOffer 168
[20:57:48] EXEC IGC_PersonalStore_LoadItem 284
[20:57:48] EXEC IGC_PersonalStore_LoadOffer 169
[20:57:48] EXEC IGC_PersonalStore_LoadItem 285
[20:57:48] EXEC IGC_PersonalStore_LoadOffer 170
[20:57:48] EXEC IGC_PersonalStore_LoadItem 286
[20:57:48] EXEC IGC_PersonalStore_LoadOffer 171
[20:57:48] EXEC IGC_PersonalStore_LoadItem 287
[20:57:48] EXEC IGC_PersonalStore_LoadOffer 172
[20:57:48] EXEC IGC_PersonalStore_LoadItem 288
[20:57:48] EXEC IGC_PersonalStore_LoadOffer 173
[20:57:48] EXEC IGC_PersonalStore_LoadItem 289
[20:57:48] EXEC IGC_PersonalStore_LoadOffer 294
[20:57:48] EXEC IGC_PersonalStore_LoadItem 490
[20:57:48] EXEC IGC_PersonalStore_LoadOffer 295
[20:57:48] EXEC IGC_PersonalStore_LoadItem 491
[20:57:48] EXEC IGC_PersonalStore_LoadOffer 298
[20:57:48] EXEC IGC_PersonalStore_LoadItem 494
[20:57:48] EXEC IGC_PersonalStore_LoadOffer 357
[20:57:48] EXEC IGC_PersonalStore_LoadItem 652
[20:57:48] EXEC IGC_PersonalStore_LoadOffer 358
[20:57:48] EXEC IGC_PersonalStore_LoadItem 653
[20:57:48] EXEC IGC_PersonalStore_LoadOffer 359
[20:57:48] EXEC IGC_PersonalStore_LoadItem 654
[20:57:48] EXEC IGC_PersonalStore_LoadOffer 360
[20:57:48] EXEC IGC_PersonalStore_LoadItem 655
[20:57:48] EXEC IGC_PersonalStore_LoadOffer 361
[20:57:48] EXEC IGC_PersonalStore_LoadItem 656
[20:57:48] EXEC IGC_PersonalStore_LoadOffer 362
[20:57:48] EXEC IGC_PersonalStore_LoadItem 657
[20:57:48] EXEC IGC_PersonalStore_LoadOffer 181
[20:57:48] EXEC IGC_PersonalStore_LoadOffer 182
[20:57:48] EXEC IGC_PersonalStore_LoadOffer 690
[20:57:48] EXEC IGC_PersonalStore_LoadItem 1269
[20:57:48] EXEC IGC_PersonalStore_LoadOffer 764
[20:57:48] EXEC IGC_PersonalStore_LoadItem 1400
[20:57:48] SELECT * FROM Guild
[20:57:48] SELECT G_Notice FROM Guild WHERE G_Name = 'ADMIN'
[20:57:48] SELECT G_Mark FROM Guild WHERE G_Name = 'ADMIN'
[20:57:48] SELECT * FROM GuildMember WHERE G_Name = 'ADMIN'
[20:57:48] SELECT G_Notice FROM Guild WHERE G_Name = 'BHauKu'
[20:57:48] SELECT G_Mark FROM Guild WHERE G_Name = 'BHauKu'
[20:57:48] SELECT * FROM GuildMember WHERE G_Name = 'BHauKu'
[20:57:48] SELECT G_Notice FROM Guild WHERE G_Name = 'Dream'
[20:57:48] SELECT G_Mark FROM Guild WHERE G_Name = 'Dream'
[20:57:48] SELECT * FROM GuildMember WHERE G_Name = 'Dream'
[20:57:48] SELECT G_Notice FROM Guild WHERE G_Name = 'GOAT'
[20:57:48] SELECT G_Mark FROM Guild WHERE G_Name = 'GOAT'
[20:57:48] SELECT * FROM GuildMember WHERE G_Name = 'GOAT'
[20:57:48] SELECT G_Notice FROM Guild WHERE G_Name = 'HOHOHO'
[20:57:48] SELECT G_Mark FROM Guild WHERE G_Name = 'HOHOHO'
[20:57:48] SELECT * FROM GuildMember WHERE G_Name = 'HOHOHO'
[20:57:48] SELECT G_Notice FROM Guild WHERE G_Name = 'Imperium'
[20:57:48] SELECT G_Mark FROM Guild WHERE G_Name = 'Imperium'
[20:57:48] SELECT * FROM GuildMember WHERE G_Name = 'Imperium'
[20:57:48] SELECT G_Notice FROM Guild WHERE G_Name = 'KUNDY'
[20:57:48] SELECT G_Mark FROM Guild WHERE G_Name = 'KUNDY'
[20:57:48] SELECT * FROM GuildMember WHERE G_Name = 'KUNDY'
[20:57:48] SELECT G_Notice FROM Guild WHERE G_Name = 'VNLEGEND'
[20:57:48] SELECT G_Mark FROM Guild WHERE G_Name = 'VNLEGEND'
[20:57:48] SELECT * FROM GuildMember WHERE G_Name = 'VNLEGEND'
[20:57:48] EXEC IGC_DeleteAllPartyMatchingList
[20:57:48] EXEC IGC_LoadPartyInfo
[20:57:48] EXEC IGC_LoadPartyMemberInfo 25
[20:57:48] EXEC IGC_LoadPartyMemberInfo 26
[20:57:48] EXEC IGC_LoadPartyMemberInfo 27
[20:57:48] EXEC IGC_LoadPartyMemberInfo 28
[20:57:48] EXEC IGC_LoadPartyMemberInfo 33
[20:57:48] EXEC IGC_LoadPartyMemberInfo 34
[20:57:48] EXEC IGC_LoadPartyMemberInfo 42
[20:57:48] EXEC IGC_LoadPartyMemberInfo 43
[20:57:48] EXEC IGC_LoadPartyMemberInfo 44
[20:57:48] EXEC IGC_LoadPartyMemberInfo 46
[20:57:48] EXEC IGC_LoadPartyMemberInfo 50
[20:57:48] EXEC IGC_LoadPartyMemberInfo 51
[20:57:48] EXEC IGC_LoadPartyMemberInfo 52
[20:57:48] EXEC IGC_LoadPartyMemberInfo 53
[20:57:48] EXEC IGC_LoadPartyMemberInfo 56
[20:57:48] EXEC IGC_LoadPartyMemberInfo 61
[20:57:48] EXEC IGC_LoadPartyMemberInfo 65
[20:57:48] EXEC IGC_LoadPartyMemberInfo 66
[20:57:48] EXEC IGC_LoadPartyMemberInfo 67
[20:57:48] EXEC IGC_LoadPartyMemberInfo 70
[20:57:48] EXEC IGC_LoadPartyMemberInfo 74
[20:57:48] EXEC IGC_LoadPartyMemberInfo 77
[20:57:48] EXEC IGC_LoadPartyMemberInfo 78
[20:57:48] EXEC IGC_LoadPartyMemberInfo 79
[20:57:48] EXEC IGC_LoadPartyMemberInfo 80
[20:57:48] EXEC IGC_LoadPartyMemberInfo 82
[20:57:48] EXEC IGC_LoadPartyMemberInfo 83
[20:57:48] EXEC IGC_LoadPartyMemberInfo 84
[20:57:48] EXEC IGC_LoadPartyMemberInfo 86
[20:57:48] EXEC IGC_LoadPartyMemberInfo 88
[20:57:48] EXEC IGC_LoadPartyMemberInfo 89
[20:57:48] EXEC IGC_LoadPartyMemberInfo 90
[20:57:48] EXEC IGC_LoadPartyMemberInfo 91
[20:57:48] EXEC IGC_LoadPartyMemberInfo 94
[20:57:48] EXEC IGC_LoadPartyMemberInfo 96
[20:57:48] EXEC IGC_LoadPartyMemberInfo 97
[20:57:48] EXEC IGC_LoadPartyMemberInfo 98
[20:57:48] EXEC IGC_LoadPartyMemberInfo 100
[20:57:48] EXEC IGC_LoadPartyMemberInfo 106
[20:57:48] EXEC IGC_LoadPartyMemberInfo 107
[20:57:48] EXEC IGC_LoadPartyMemberInfo 109
[20:57:48] EXEC IGC_LoadPartyMemberInfo 110
[20:57:48] EXEC IGC_LoadPartyMemberInfo 113
[20:57:48] EXEC IGC_LoadPartyMemberInfo 120
[20:57:48] EXEC IGC_LoadPartyMemberInfo 121
[20:57:48] EXEC IGC_LoadPartyMemberInfo 122
[20:57:48] EXEC IGC_LoadPartyMemberInfo 124
[20:57:48] EXEC IGC_LoadPartyMemberInfo 126
[20:57:48] EXEC IGC_LoadPartyMemberInfo 127
[20:57:48] EXEC IGC_LoadPartyMemberInfo 132
[20:57:48] EXEC IGC_LoadPartyMemberInfo 133
[20:57:48] EXEC IGC_LoadPartyMemberInfo 134
[20:57:48] EXEC IGC_LoadPartyMemberInfo 144
[20:57:48] EXEC IGC_LoadPartyMemberInfo 146
[20:57:48] EXEC IGC_LoadPartyMemberInfo 147
[20:57:48] EXEC IGC_LoadPartyMemberInfo 148
[20:57:48] EXEC IGC_LoadPartyMemberInfo 149
[20:57:48] EXEC IGC_LoadPartyMemberInfo 152
[20:57:48] EXEC IGC_LoadPartyMemberInfo 153
[20:57:48] EXEC IGC_LoadPartyMemberInfo 156
[20:57:48] EXEC IGC_LoadPartyMemberInfo 159
[20:57:48] EXEC IGC_LoadPartyMemberInfo 162
[20:57:48] EXEC IGC_LoadPartyMemberInfo 169
[20:57:48] EXEC IGC_LoadPartyMemberInfo 170
[20:57:48] EXEC IGC_LoadPartyMemberInfo 171
[20:57:48] EXEC IGC_LoadPartyMemberInfo 176
[20:57:48] EXEC IGC_LoadPartyMemberInfo 188
[20:57:48] EXEC IGC_LoadPartyMemberInfo 191
[20:57:48] EXEC IGC_LoadPartyMemberInfo 193
[20:57:48] EXEC IGC_LoadPartyMemberInfo 195
[20:57:48] EXEC IGC_LoadPartyMemberInfo 197
[20:57:48] EXEC IGC_LoadPartyMemberInfo 203
[20:57:48] EXEC IGC_LoadPartyMemberInfo 212
[20:57:48] EXEC IGC_LoadPartyMemberInfo 218
[20:57:48] EXEC IGC_LoadPartyMemberInfo 222
[20:57:48] EXEC IGC_LoadPartyMemberInfo 228
[20:57:48] EXEC IGC_LoadPartyMemberInfo 229
[20:57:48] EXEC IGC_LoadPartyMemberInfo 230
[20:57:48] EXEC IGC_LoadPartyMemberInfo 236
[20:57:48] EXEC IGC_LoadPartyMemberInfo 238
[20:57:48] EXEC IGC_LoadPartyMemberInfo 255
[20:57:48] EXEC IGC_LoadPartyMemberInfo 256
[20:57:48] EXEC IGC_LoadPartyMemberInfo 259
[20:57:48] EXEC IGC_LoadPartyMemberInfo 262
[20:57:48] EXEC IGC_LoadPartyMemberInfo 264
[20:57:48] EXEC IGC_LoadPartyMemberInfo 266
[20:57:48] EXEC IGC_LoadPartyMemberInfo 267
[20:57:48] EXEC IGC_LoadPartyMemberInfo 271
[20:57:48] EXEC IGC_LoadPartyMemberInfo 278
[20:57:48] EXEC IGC_LoadPartyMemberInfo 288
[20:57:48] EXEC IGC_LoadPartyMemberInfo 291
[20:57:48] EXEC IGC_LoadPartyMemberInfo 312
[20:57:48] EXEC IGC_LoadPartyMemberInfo 313
[20:57:48] EXEC IGC_LoadPartyMemberInfo 314
[20:57:48] EXEC IGC_LoadPartyMemberInfo 315
[20:57:48] EXEC IGC_LoadPartyMemberInfo 317
[20:57:48] EXEC IGC_LoadPartyMemberInfo 318
[20:57:48] EXEC IGC_LoadPartyMemberInfo 324
[20:57:48] EXEC IGC_LoadPartyMemberInfo 325
[20:57:48] EXEC IGC_LoadPartyMemberInfo 337
[20:57:48] EXEC IGC_LoadPartyMemberInfo 339
[20:57:48] EXEC IGC_LoadPartyMemberInfo 342
[20:57:48] EXEC IGC_LoadPartyMemberInfo 352
[20:57:48] EXEC IGC_LoadPartyMemberInfo 356
[20:57:48] EXEC IGC_LoadPartyMemberInfo 357
[20:57:48] EXEC IGC_LoadPartyMemberInfo 366
[20:57:48] EXEC IGC_LoadPartyMemberInfo 368
[20:57:48] EXEC IGC_LoadPartyMemberInfo 369
[20:57:48] EXEC IGC_LoadPartyMemberInfo 380
[20:57:48] EXEC IGC_LoadPartyMemberInfo 382
[20:57:48] EXEC IGC_LoadPartyMemberInfo 384
[20:57:48] EXEC IGC_LoadPartyMemberInfo 395
[20:57:48] EXEC IGC_LoadPartyMemberInfo 397
[20:57:48] EXEC IGC_LoadPartyMemberInfo 407
[20:57:48] EXEC IGC_LoadPartyMemberInfo 409
[20:57:48] EXEC IGC_LoadPartyMemberInfo 414
[20:57:48] EXEC IGC_LoadPartyMemberInfo 416
[20:57:48] EXEC IGC_LoadPartyMemberInfo 424
[20:57:48] EXEC IGC_LoadPartyMemberInfo 425
[20:57:48] EXEC IGC_LoadPartyMemberInfo 427
[20:57:48] EXEC IGC_LoadPartyMemberInfo 428
[20:57:48] EXEC IGC_LoadPartyMemberInfo 429
[20:57:48] EXEC IGC_LoadPartyMemberInfo 430
[20:57:48] EXEC IGC_LoadPartyMemberInfo 432
[20:57:48] EXEC IGC_LoadPartyMemberInfo 434
[20:57:48] EXEC IGC_LoadPartyMemberInfo 435
[20:57:48] EXEC IGC_LoadPartyMemberInfo 438
[20:57:48] EXEC IGC_LoadPartyMemberInfo 439
[20:57:48] EXEC IGC_LoadPartyMemberInfo 441
[20:57:48] EXEC IGC_LoadPartyMemberInfo 444
[20:57:48] EXEC IGC_LoadPartyMemberInfo 446
[20:57:48] EXEC IGC_LoadPartyMemberInfo 447
[20:57:48] EXEC IGC_LoadPartyMemberInfo 448
[20:57:48] EXEC IGC_LoadPartyMemberInfo 449
[20:57:48] EXEC IGC_LoadPartyMemberInfo 451
[20:57:48] EXEC IGC_LoadPartyMemberInfo 456
[20:57:48] EXEC IGC_LoadPartyMemberInfo 458
[20:57:48] EXEC IGC_LoadPartyMemberInfo 461
[20:57:48] EXEC IGC_LoadPartyMemberInfo 472
[20:57:48] EXEC IGC_LoadPartyMemberInfo 474
[20:57:48] EXEC IGC_LoadPartyMemberInfo 475
[20:57:48] EXEC IGC_LoadPartyMemberInfo 476
[20:57:48] EXEC IGC_LoadPartyMemberInfo 478
[20:57:48] EXEC IGC_LoadPartyMemberInfo 480
[20:57:48] EXEC IGC_LoadPartyMemberInfo 482
[20:57:48] EXEC IGC_LoadPartyMemberInfo 483
[20:57:48] SELECT item_drop_id, item_drop_count FROM IGC_RealmItemDrop
[20:57:49] SELECT OWNER_GUILD FROM MuCastle_DATA
[20:57:49] SELECT G_Master FROM Guild WHERE G_Name = 'ADMIN'
[20:57:49] SELECT AccountID FROM Character WHERE Name = 'GreekSalad'
[20:57:49] SELECT OWNER_GUILD FROM MuCastle_DATA
[20:57:49] SELECT G_Master FROM Guild WHERE G_Name = 'ADMIN'
[20:57:49] SELECT AccountID FROM Character WHERE Name = 'GreekSalad'
[20:57:49] SELECT OWNER_GUILD FROM MuCastle_DATA
[20:57:49] SELECT G_Master FROM Guild WHERE G_Name = 'ADMIN'
[20:57:49] SELECT AccountID FROM Character WHERE Name = 'GreekSalad'
[20:57:49] EXEC IGC_Monster_KillCount_Save 'AoVL', 455
[20:57:49] EXEC WZ_GetItemSerial2 '3000'
[20:57:49] SQLSTATE: 42S02, Diagnosis: [Microsoft][ODBC SQL Server Driver][SQL Server]Invalid object name 'MonsterKillCount'.
[20:57:49] EXEC IGC_Monster_KillCount_Save 'TDLove4', 569
[20:57:49] SQLSTATE: 42S02, Diagnosis: [Microsoft][ODBC SQL Server Driver][SQL Server]Invalid object name 'MonsterKillCount'.
[20:57:49] EXEC IGC_Monster_KillCount_Save 'TDLove4', 569
[20:57:49] SQLSTATE: 42S02, Diagnosis: [Microsoft][ODBC SQL Server Driver][SQL Server]Invalid object name 'MonsterKillCount'.
[20:57:49] EXEC IGC_Monster_KillCount_Save 'TDLove4', 569
[20:57:49] SQLSTATE: 42S02, Diagnosis: [Microsoft][ODBC SQL Server Driver][SQL Server]Invalid object name 'MonsterKillCount'.
[20:57:49] EXEC IGC_Monster_KillCount_Save 'DTLove8', 574
[20:57:49] SQLSTATE: 42S02, Diagnosis: [Microsoft][ODBC SQL Server Driver][SQL Server]Invalid object name 'MonsterKillCount'.
[20:57:49] EXEC IGC_Monster_KillCount_Save 'Ulquiora', 575
[20:57:49] SQLSTATE: 42S02, Diagnosis: [Microsoft][ODBC SQL Server Driver][SQL Server]Invalid object name 'MonsterKillCount'.
[20:57:49] EXEC IGC_Monster_KillCount_Save 'zZElfHitZz', 770
[20:57:49] SQLSTATE: 42S02, Diagnosis: [Microsoft][ODBC SQL Server Driver][SQL Server]Invalid object name 'MonsterKillCount'.
[20:57:49] EXEC IGC_Monster_KillCount_Save 'Lysandra', 787
[20:57:49] SQLSTATE: 42S02, Diagnosis: [Microsoft][ODBC SQL Server Driver][SQL Server]Invalid object name 'MonsterKillCount'.
[20:57:49] EXEC IGC_Monster_KillCount_Save 'Autumn', 787
[20:57:49] SQLSTATE: 42S02, Diagnosis: [Microsoft][ODBC SQL Server Driver][SQL Server]Invalid object name 'MonsterKillCount'.
[20:57:49] SELECT * FROM DefaultClassType
[20:57:49] SELECT * FROM DefaultClassType
[20:57:49] SELECT * FROM DefaultClassType
[20:57:49] EXEC IGC_Monster_KillCount_Save 'TDLove4', 569
[20:57:50] SQLSTATE: 42S02, Diagnosis: [Microsoft][ODBC SQL Server Driver][SQL Server]Invalid object name 'MonsterKillCount'.
[20:57:50] EXEC IGC_Monster_KillCount_Save 'TDLove4', 569
[20:57:50] SQLSTATE: 42S02, Diagnosis: [Microsoft][ODBC SQL Server Driver][SQL Server]Invalid object name 'MonsterKillCount'.
[20:57:50] EXEC IGC_Monster_KillCount_Save 'Mrdka', 743
[20:57:50] SQLSTATE: 42S02, Diagnosis: [Microsoft][ODBC SQL Server Driver][SQL Server]Invalid object name 'MonsterKillCount'.
[20:57:50] SELECT OWNER_GUILD FROM MuCastle_DATA
[20:57:50] SELECT G_Master FROM Guild WHERE G_Name = 'ADMIN'
[20:57:50] SELECT AccountID FROM Character WHERE Name = 'GreekSalad'
[20:57:50] SELECT * FROM DefaultClassType
[20:57:50] EXEC IGC_Monster_KillCount_Save 'HongAnhSL', 70
[20:57:50] SQLSTATE: 42S02, Diagnosis: [Microsoft][ODBC SQL Server Driver][SQL Server]Invalid object name 'MonsterKillCount'.
[20:57:50] EXEC IGC_Monster_KillCount_Save 'HongAnhSL', 70
[20:57:50] SQLSTATE: 42S02, Diagnosis: [Microsoft][ODBC SQL Server Driver][SQL Server]Invalid object name 'MonsterKillCount'.
[20:57:50] EXEC IGC_Monster_KillCount_Save 'Ruub', 358
[20:57:50] SQLSTATE: 42S02, Diagnosis: [Microsoft][ODBC SQL Server Driver][SQL Server]Invalid object name 'MonsterKillCount'.
[20:57:50] EXEC IGC_Monster_KillCount_Save 'uckyBcTBo', 767
[20:57:50] SQLSTATE: 42S02, Diagnosis: [Microsoft][ODBC SQL Server Driver][SQL Server]Invalid object name 'MonsterKillCount'.
[20:57:50] EXEC IGC_Monster_KillCount_Save 'Lysandra', 787
[20:57:50] SQLSTATE: 42S02, Diagnosis: [Microsoft][ODBC SQL Server Driver][SQL Server]Invalid object name 'MonsterKillCount'.
[20:57:51] EXEC IGC_Monster_KillCount_Save 'HongAnhSL', 70
[20:57:51] SQLSTATE: 42S02, Diagnosis: [Microsoft][ODBC SQL Server Driver][SQL Server]Invalid object name 'MonsterKillCount'.
[20:57:51] EXEC IGC_Monster_KillCount_Save 'DTLove10', 569
[20:57:51] SQLSTATE: 42S02, Diagnosis: [Microsoft][ODBC SQL Server Driver][SQL Server]Invalid object name 'MonsterKillCount'.
[20:57:51] EXEC IGC_Monster_KillCount_Save 'Scythe', 575
[20:57:51] SQLSTATE: 42S02, Diagnosis: [Microsoft][ODBC SQL Server Driver][SQL Server]Invalid object name 'MonsterKillCount'.
[20:57:51] EXEC IGC_Monster_KillCount_Save 'HongAnhGL', 730
[20:57:51] SQLSTATE: 42S02, Diagnosis: [Microsoft][ODBC SQL Server Driver][SQL Server]Invalid object name 'MonsterKillCount'.
[20:57:51] EXEC IGC_Monster_KillCount_Save 'DarkIK', 770
[20:57:51] SQLSTATE: 42S02, Diagnosis: [Microsoft][ODBC SQL Server Driver][SQL Server]Invalid object name 'MonsterKillCount'.
[20:57:51] SELECT OWNER_GUILD FROM MuCastle_DATA
[20:57:51] SELECT G_Master FROM Guild WHERE G_Name = 'ADMIN'
[20:57:51] SELECT AccountID FROM Character WHERE Name = 'GreekSalad'
[20:57:51] SELECT * FROM DefaultClassType
[20:57:51] EXEC IGC_Monster_KillCount_Save 'RatLaVaiL', 40
[20:57:51] SQLSTATE: 42S02, Diagnosis: [Microsoft][ODBC SQL Server Driver][SQL Server]Invalid object name 'MonsterKillCount'.
[20:57:51] EXEC IGC_Monster_KillCount_Save 'RatLaVaiL', 40
[20:57:51] SQLSTATE: 42S02, Diagnosis: [Microsoft][ODBC SQL Server Driver][SQL Server]Invalid object name 'MonsterKillCount'.
[20:57:51] EXEC IGC_Monster_KillCount_Save 'Ruud', 358
[20:57:51] SQLSTATE: 42S02, Diagnosis: [Microsoft][ODBC SQL Server Driver][SQL Server]Invalid object name 'MonsterKillCount'.
[20:57:51] EXEC IGC_Monster_KillCount_Save 'isker', 449
[20:57:51] SQLSTATE: 42S02, Diagnosis: [Microsoft][ODBC SQL Server Driver][SQL Server]Invalid object name 'MonsterKillCount'.
[20:57:51] EXEC IGC_Monster_KillCount_Save '06SL', 480
[20:57:51] SQLSTATE: 42S02, Diagnosis: [Microsoft][ODBC SQL Server Driver][SQL Server]Invalid object name 'MonsterKillCount'.
[20:57:51] EXEC IGC_Monster_KillCount_Save '06SL', 480
[20:57:51] SQLSTATE: 42S02, Diagnosis: [Microsoft][ODBC SQL Server Driver][SQL Server]Invalid object name 'MonsterKillCount'.
[20:57:51] EXEC IGC_Monster_KillCount_Save '06SL', 480
[20:57:51] SQLSTATE: 42S02, Diagnosis: [Microsoft][ODBC SQL Server Driver][SQL Server]Invalid object name 'MonsterKillCount'.
[20:57:51] EXEC IGC_Monster_KillCount_Save '100GL', 486
[20:57:51] SQLSTATE: 42S02, Diagnosis: [Microsoft][ODBC SQL Server Driver][SQL Server]Invalid object name 'MonsterKillCount'.
[20:57:51] UPDATE Character SET cLevel=400, mLevel=341, Class=179,LevelUpPoint=23, mlPoint=27, Experience=3823119437, mlExperience=521714700, mlNextExp=655600198, Strength=300, Dexterity=850, Vitality=15, Energy=1160, Money=232493367, Life=2116.000000, MaxLife=1558.000000, Mana=4523.000000, MaxMana=3978.000000, MapNumber=80, MapPosX=134, MapPosY=158, MapDir=1, PkCount=0, PkLevel=3, PkTime=0, Leadership=0, ChatLimitTime=0, RESETS = 0, Married = 0, MarryName = '', WinDuels=0, LoseDuels=0, BlockChatTime=0, PenaltyMask=0, Ruud=3000, OpenHuntingLog=112, StatGP=0, StatCoin=0, i4thSkillPoint=0, AddStrength=0, AddDexterity=0, AddVitality=0, AddEnergy=0, FruitAddPoint=0, FruitDecPoint=0, GrandResets=0, MonStat=0, Age=0, CJL=0, SIC=0, WingCoreType=255, WingCoreLevel=255, GiantMountType=0, GiantMountWear=0, AddLeadership=0 WHERE Name = 'H1deaki'
[20:57:51] EXEC IGC_Monster_KillCount_Save '100GL', 486
[20:57:51] SQLSTATE: 42S02, Diagnosis: [Microsoft][ODBC SQL Server Driver][SQL Server]Invalid object name 'MonsterKillCount'.
[20:57:51] EXEC IGC_Monster_KillCount_Save 'Summmer', 570
[20:57:51] EXEC IGC_GensSave 'H1deaki', 10, 14
[20:57:51] SQLSTATE: 42S02, Diagnosis: [Microsoft][ODBC SQL Server Driver][SQL Server]Invalid object name 'MonsterKillCount'.
[20:57:51] EXEC IGC_Monster_KillCount_Save 'Barawar', 714
[20:57:51] SQLSTATE: 42S02, Diagnosis: [Microsoft][ODBC SQL Server Driver][SQL Server]Invalid object name 'MonsterKillCount'.
[20:57:51] EXEC IGC_Monster_KillCount_Save 'CoDaySinh', 767
[20:57:51] SQLSTATE: 42S02, Diagnosis: [Microsoft][ODBC SQL Server Driver][SQL Server]Invalid object name 'MonsterKillCount'.
[20:57:51] EXEC IGC_Monster_KillCount_Save 'CoDaySinh', 767
[20:57:51] SQLSTATE: 42S02, Diagnosis: [Microsoft][ODBC SQL Server Driver][SQL Server]Invalid object name 'MonsterKillCount'.
[20:57:51] EXEC IGC_Monster_KillCount_Save 'GL01', 770
[20:57:51] SQLSTATE: 42S02, Diagnosis: [Microsoft][ODBC SQL Server Driver][SQL Server]Invalid object name 'MonsterKillCount'.
[20:57:51] EXEC IGC_Monster_KillCount_Save 'FunnyBunny', 771
[20:57:51] SQLSTATE: 42S02, Diagnosis: [Microsoft][ODBC SQL Server Driver][SQL Server]Invalid object name 'MonsterKillCount'.
[20:57:51] EXEC IGC_Monster_KillCount_Save 'KimChuaXau', 786
[20:57:51] SQLSTATE: 42S02, Diagnosis: [Microsoft][ODBC SQL Server Driver][SQL Server]Invalid object name 'MonsterKillCount'.
[20:57:51] EXEC IGC_PentagramInfoUpdate 617, 'h1deaki', 'H1deaki', 0, 0, 12, 232, 17, 0, 14, 0, 15, 15, 15, 15, 15, 15, 15, 15, 15
[20:57:51] UPDATE Character SET Inventory=? WHERE Name='H1deaki'
[20:57:51] EXEC IGC_PentagramInfoUpdate 617, 'h1deaki', 'H1deaki', 0, 1, 12, 222, 17, 0, 14, 0, 15, 15, 15, 15, 15, 15, 15, 15, 15
[20:57:51] UPDATE Character SET MagicList=? WHERE Name='H1deaki'
[20:57:51] DELETE FROM IGC_GensAbuse WHERE Name = 'H1deaki'
[20:57:51] EXEC IGC_PentagramInfoUpdate 617, 'h1deaki', 'H1deaki', 0, 2, 12, 242, 17, 0, 14, 0, 15, 15, 15, 15, 15, 15, 15, 15, 15
[20:57:51] UPDATE Character SET Quest=? WHERE Name='H1deaki'
[20:57:51] EXEC IGC_PentagramInfoUpdate 617, 'h1deaki', 'H1deaki', 0, 3, 12, 252, 17, 0, 14, 0, 15, 15, 15, 15, 15, 15, 15, 15, 15
[20:57:51] EXEC IGC_ClassQuest_MonsterKillSave 'H1deaki', -1, -1, 0, -1, 0, -1, 0, -1, 0, -1, 0
[20:57:51] UPDATE T_Event_Inventory SET Inventory=? WHERE Name = 'H1deaki'
[20:57:51] UPDATE IGC_Muun_Inventory SET Items=? WHERE Name='H1deaki'
[20:57:51] EXEC IGC_EvolutionMonsterInfoSave 'h1deaki', 'H1deaki', -1, 0, 0, -1, 0, 0, -1, 0, 0, -1, 0, 0, -1, 0, 0, 0
[20:57:51] EXEC IGC_MuunConditionInfoSetSave 'H1deaki', 0, 255, 0
[20:57:51] EXEC IGC_SetSaveRestoreInventory 'h1deaki', 'H1deaki', ?
[20:57:51] EXEC IGC_MuunConditionInfoSetSave 'H1deaki', 1, 255, 0
[20:57:51] EXEC IGC_EventMapEnterCount_Set 'H1deaki', 0, 0, 0, 0, 0, 0, 0
[20:57:51] EXEC IGC_MuunConditionInfoSetSave 'H1deaki', 2, 255, 0
[20:57:51] EXEC IGC_HuntingRecordInfoSave 'h1deaki', 'H1deaki', 80, 2024, 12, 26, 734, 56226, 756365916, 51749562, 0, 15244, 3802647122, 11, 4824, 2, 241, 59, 0, 0
[20:57:51] EXEC IGC_HuntingRecordInfoSave 'h1deaki', 'H1deaki', 80, 2024, 12, 27, 741, 75472, 1016755612, 69550232, 0, 20483, 4950132072, 11, 4824, 2, 241, 59, 0, 0
[20:57:51] EXEC IGC_HuntingRecordInfoUserOpenSave 'h1deaki', 'H1deaki', 1
[20:57:51] DELETE FROM IGC_BlockChat WHERE Name = 'H1deaki'
[20:57:51] EXEC IGC_ResetInfoSave 676, 0
[20:57:51] SELECT character_id FROM IGC_SeasonPass WHERE character_id = 676
[20:57:51] UPDATE IGC_SeasonPass SET pass_id = 1, pass_type = 0, pass_level = 5, pass_experience = 1224, complete_mission = 6, today_exp = 151, mu_pass_reward = 2, gold_pass_reward = 0, premium_pass_reward = 0, last_login = 1735322271 WHERE character_id = 676
[20:57:51] SELECT character_id FROM IGC_SeasonPassTicket WHERE character_id = 676
[20:57:51] UPDATE IGC_SeasonPassTicket SET ticket_count = 0, special_point = 0 WHERE character_id = 676
[20:57:51] DELETE FROM IGC_SeasonPassMission WHERE character_id = 676
[20:57:51] INSERT INTO IGC_SeasonPassMission (character_id, mission_index, mission_type, current_step, current_amount) VALUES (676, 0, 0, 10, 2160)
[20:57:51] INSERT INTO IGC_SeasonPassMission (character_id, mission_index, mission_type, current_step, current_amount) VALUES (676, 1, 1, 7, 1700)
[20:57:51] INSERT INTO IGC_SeasonPassMission (character_id, mission_index, mission_type, current_step, current_amount) VALUES (676, 2, 2, 5, 34512)
[20:57:51] INSERT INTO IGC_SeasonPassMission (character_id, mission_index, mission_type, current_step, current_amount) VALUES (676, 4, 4, 3, 6)
[20:57:51] INSERT INTO IGC_SeasonPassMission (character_id, mission_index, mission_type, current_step, current_amount) VALUES (676, 7, 7, 0, 2)
[20:57:51] INSERT INTO IGC_SeasonPassMission (character_id, mission_index, mission_type, current_step, current_amount) VALUES (676, 11, 11, 1, 1)
[20:57:51] INSERT INTO IGC_SeasonPassMission (character_id, mission_index, mission_type, current_step, current_amount) VALUES (676, 24, 24, 1, 1)
[20:57:51] UPDATE IGC_HuntPoint SET HuntPoint=2500,Monsters=0,Buffs='|0=12.5||1=12.5||2=12.5||3=12.5||4=12.5||5=12.5||6=12.5||7=12.5|',Inactive=0,Quest='|0=0.0||1=0.0||2=0.0||3=0.0||4=0.0||5=0.0||6=0.0||7=0.0|', WeekMonsters=0 WHERE Name = 'H1deaki'
[20:57:51] UPDATE IGC_HuntPoint SET QuestState=? where Name='H1deaki'
[20:57:51] EXEC IGC_Monster_KillCount_Save 'DarkIK', 770
[20:57:51] SQLSTATE: 42S02, Diagnosis: [Microsoft][ODBC SQL Server Driver][SQL Server]Invalid object name 'MonsterKillCount'.
[20:57:51] EXEC IGC_Monster_KillCount_Save 'DarkIK', 770
[20:57:51] SQLSTATE: 42S02, Diagnosis: [Microsoft][ODBC SQL Server Driver][SQL Server]Invalid object name 'MonsterKillCount'.
[20:57:52] EXEC IGC_GetPartyMatchingListJoinAble 737, 100, 0, 1, 6
[20:57:52] EXEC IGC_GetPartyMatchingListJoinAbleTotalCount 737, 100,0
[20:57:52] EXEC IGC_Monster_KillCount_Save '7event', 20
[20:57:52] SQLSTATE: 42S02, Diagnosis: [Microsoft][ODBC SQL Server Driver][SQL Server]Invalid object name 'MonsterKillCount'.
[20:57:52] EXEC IGC_Monster_KillCount_Save 'isk6', 20
[20:57:52] SQLSTATE: 42S02, Diagnosis: [Microsoft][ODBC SQL Server Driver][SQL Server]Invalid object name 'MonsterKillCount'.
[20:57:52] EXEC IGC_Monster_KillCount_Save 'Lancer', 35
[20:57:52] SQLSTATE: 42S02, Diagnosis: [Microsoft][ODBC SQL Server Driver][SQL Server]Invalid object name 'MonsterKillCount'.
[20:57:52] EXEC IGC_Monster_KillCount_Save 'bbbbb', 353
[20:57:52] SQLSTATE: 42S02, Diagnosis: [Microsoft][ODBC SQL Server Driver][SQL Server]Invalid object name 'MonsterKillCount'.
[20:57:52] EXEC IGC_Monster_KillCount_Save '3WindSoul', 445
[20:57:52] SQLSTATE: 42S02, Diagnosis: [Microsoft][ODBC SQL Server Driver][SQL Server]Invalid object name 'MonsterKillCount'.
[20:57:52] EXEC IGC_Monster_KillCount_Save '101IK', 484
[20:57:52] SQLSTATE: 42S02, Diagnosis: [Microsoft][ODBC SQL Server Driver][SQL Server]Invalid object name 'MonsterKillCount'.
[20:57:52] EXEC IGC_Monster_KillCount_Save 'CS114', 768
[20:57:52] SQLSTATE: 42S02, Diagnosis: [Microsoft][ODBC SQL Server Driver][SQL Server]Invalid object name 'MonsterKillCount'.
[20:57:52] EXEC IGC_Monster_KillCount_Save 'CS114', 768
[20:57:52] SQLSTATE: 42S02, Diagnosis: [Microsoft][ODBC SQL Server Driver][SQL Server]Invalid object name 'MonsterKillCount'.
[20:57:52] EXEC IGC_Monster_KillCount_Save 'cs113', 768
[20:57:52] SQLSTATE: 42S02, Diagnosis: [Microsoft][ODBC SQL Server Driver][SQL Server]Invalid object name 'MonsterKillCount'.
[20:57:52] EXEC IGC_Monster_KillCount_Save 'iskerka', 787
[20:57:52] SQLSTATE: 42S02, Diagnosis: [Microsoft][ODBC SQL Server Driver][SQL Server]Invalid object name 'MonsterKillCount'.
[20:57:52] EXEC IGC_GetPartyMatchingList 1, 6
[20:57:52] EXEC IGC_GetPartyMatchingListCount
[20:57:52] EXEC IGC_Monster_KillCount_Save 'DTLove9', 573
[20:57:52] SQLSTATE: 42S02, Diagnosis: [Microsoft][ODBC SQL Server Driver][SQL Server]Invalid object name 'MonsterKillCount'.
[20:57:52] EXEC IGC_Monster_KillCount_Save '7event', 20
[20:57:52] SQLSTATE: 42S02, Diagnosis: [Microsoft][ODBC SQL Server Driver][SQL Server]Invalid object name 'MonsterKillCount'.
[20:57:52] EXEC IGC_Monster_KillCount_Save 'Ruud', 358
[20:57:52] SQLSTATE: 42S02, Diagnosis: [Microsoft][ODBC SQL Server Driver][SQL Server]Invalid object name 'MonsterKillCount'.
[20:57:52] EXEC IGC_Monster_KillCount_Save 'BlackWidow', 713
[20:57:52] SQLSTATE: 42S02, Diagnosis: [Microsoft][ODBC SQL Server Driver][SQL Server]Invalid object name 'MonsterKillCount'.
[20:57:52] EXEC IGC_Monster_KillCount_Save 'The5', 730
[20:57:52] SQLSTATE: 42S02, Diagnosis: [Microsoft][ODBC SQL Server Driver][SQL Server]Invalid object name 'MonsterKillCount'.
[20:57:52] EXEC IGC_Monster_KillCount_Save 'Buff666', 768
[20:57:52] SQLSTATE: 42S02, Diagnosis: [Microsoft][ODBC SQL Server Driver][SQL Server]Invalid object name 'MonsterKillCount'.
[20:57:52] EXEC IGC_Monster_KillCount_Save 'Kavalski', 771
[20:57:52] SQLSTATE: 42S02, Diagnosis: [Microsoft][ODBC SQL Server Driver][SQL Server]Invalid object name 'MonsterKillCount'.
[20:57:52] EXEC IGC_Monster_KillCount_Save 'qwer', 787
[20:57:52] SQLSTATE: 42S02, Diagnosis: [Microsoft][ODBC SQL Server Driver][SQL Server]Invalid object name 'MonsterKillCount'.
[20:57:52] SELECT OWNER_GUILD FROM MuCastle_DATA
[20:57:52] SELECT G_Master FROM Guild WHERE G_Name = 'ADMIN'
[20:57:52] SELECT AccountID FROM Character WHERE Name = 'GreekSalad'
[20:57:52] SELECT * FROM DefaultClassType
[20:57:52] EXEC IGC_Monster_KillCount_Save 'TDLove', 573
[20:57:52] SQLSTATE: 42S02, Diagnosis: [Microsoft][ODBC SQL Server Driver][SQL Server]Invalid object name 'MonsterKillCount'.
[20:57:52] EXEC IGC_Monster_KillCount_Save 'TDLove', 573
[20:57:53] SQLSTATE: 42S02, Diagnosis: [Microsoft][ODBC SQL Server Driver][SQL Server]Invalid object name 'MonsterKillCount'.
[20:57:53] EXEC IGC_Monster_KillCount_Save 'TDLove', 573
[20:57:53] SQLSTATE: 42S02, Diagnosis: [Microsoft][ODBC SQL Server Driver][SQL Server]Invalid object name 'MonsterKillCount'.
[20:57:53] EXEC IGC_Monster_KillCount_Save 'TDLove', 573
[20:57:53] SQLSTATE: 42S02, Diagnosis: [Microsoft][ODBC SQL Server Driver][SQL Server]Invalid object name 'MonsterKillCount'.
[20:57:53] EXEC IGC_Monster_KillCount_Save 'TDLove', 573
[20:57:53] SQLSTATE: 42S02, Diagnosis: [Microsoft][ODBC SQL Server Driver][SQL Server]Invalid object name 'MonsterKillCount'.
[20:57:53] EXEC IGC_Monster_KillCount_Save 'HongAnhGL', 732
[20:57:53] SQLSTATE: 42S02, Diagnosis: [Microsoft][ODBC SQL Server Driver][SQL Server]Invalid object name 'MonsterKillCount'.
[20:57:53] EXEC IGC_Monster_KillCount_Save 'zZElfHitZz', 770
[20:57:53] SQLSTATE: 42S02, Diagnosis: [Microsoft][ODBC SQL Server Driver][SQL Server]Invalid object name 'MonsterKillCount'.
[20:57:53] UPDATE Character SET cLevel=400, mLevel=561, Class=39,LevelUpPoint=0, mlPoint=0, Experience=3827814876, mlExperience=5827816128, mlNextExp=67324359459, Strength=207, Dexterity=2205, Vitality=20, Energy=15, Money=271960859, Life=2469593088.000000, MaxLife=1068.000000, Mana=3555.000000, MaxMana=1575.000000, MapNumber=3, MapPosX=176, MapPosY=92, MapDir=1, PkCount=0, PkLevel=3, PkTime=0, Leadership=0, ChatLimitTime=0, RESETS = 0, Married = 0, MarryName = '', WinDuels=0, LoseDuels=0, BlockChatTime=0, PenaltyMask=0, Ruud=38962, OpenHuntingLog=0, StatGP=0, StatCoin=0, i4thSkillPoint=16, AddStrength=0, AddDexterity=0, AddVitality=0, AddEnergy=0, FruitAddPoint=0, FruitDecPoint=0, GrandResets=0, MonStat=0, Age=0, CJL=0, SIC=0, WingCoreType=255, WingCoreLevel=255, GiantMountType=0, GiantMountWear=0, AddLeadership=0 WHERE Name = 'MissMD'
[20:57:53] EXEC IGC_GensSave 'MissMD', 10, 14
[20:57:53] EXEC IGC_PentagramInfoUpdate 506, 'MissMD1', 'MissMD', 1, 0, 12, 222, 19, 0, 14, 0, 15, 15, 15, 15, 15, 15, 15, 15, 15
[20:57:53] UPDATE Character SET Inventory=? WHERE Name='MissMD'
[20:57:53] EXEC IGC_PentagramInfoUpdate 506, 'MissMD1', 'MissMD', 1, 1, 12, 232, 19, 0, 14, 0, 15, 15, 15, 15, 15, 15, 15, 15, 15
[20:57:53] DELETE FROM IGC_GensAbuse WHERE Name = 'MissMD'
[20:57:53] EXEC IGC_GensSave 'Sororitas', 7, 0
[20:57:53] UPDATE Character SET MagicList=? WHERE Name='MissMD'
[20:57:53] EXEC IGC_PentagramInfoUpdate 506, 'MissMD1', 'MissMD', 1, 2, 12, 242, 19, 0, 14, 0, 15, 15, 15, 15, 15, 15, 15, 15, 15
[20:57:53] DELETE FROM IGC_GensAbuse WHERE Name = 'Sororitas'
[20:57:53] UPDATE Character SET Quest=? WHERE Name='MissMD'
[20:57:53] EXEC IGC_PentagramInfoUpdate 506, 'MissMD1', 'MissMD', 1, 3, 12, 252, 19, 0, 14, 0, 15, 15, 15, 15, 15, 15, 15, 15, 15
[20:57:53] EXEC IGC_ClassQuest_MonsterKillSave 'MissMD', -1, -1, 0, -1, 0, -1, 0, -1, 0, -1, 0
[20:57:53] UPDATE T_Event_Inventory SET Inventory=? WHERE Name = 'MissMD'
[20:57:53] UPDATE IGC_Muun_Inventory SET Items=? WHERE Name='MissMD'
[20:57:53] EXEC IGC_EvolutionMonsterInfoSave 'MissMD1', 'MissMD', -1, 0, 0, -1, 0, 0, -1, 0, 0, -1, 0, 0, -1, 0, 0, 0
[20:57:53] EXEC IGC_SetSaveRestoreInventory 'MissMD1', 'MissMD', ?
[20:57:53] EXEC IGC_MuunConditionInfoSetSave 'MissMD', 0, 255, 0
[20:57:53] EXEC IGC_EventMapEnterCount_Set 'MissMD', 0, 0, 0, 0, 0, 0, 0
[20:57:53] EXEC IGC_MuunConditionInfoSetSave 'MissMD', 1, 255, 0
[20:57:53] EXEC IGC_HuntingRecordInfoUserOpenSave 'MissMD1', 'MissMD', 1
[20:57:53] EXEC IGC_MuunConditionInfoSetSave 'MissMD', 2, 255, 0
[20:57:53] DELETE FROM IGC_BlockChat WHERE Name = 'MissMD'
[20:57:53] UPDATE Character SET cLevel=400, mLevel=301, Class=35,LevelUpPoint=50, mlPoint=85, Experience=3878907463, mlExperience=25521000, mlNextExp=459018842, Strength=207, Dexterity=2005, Vitality=20, Energy=65, Money=397951511, Life=1319.000000, MaxLife=780.000000, Mana=1162.000000, MaxMana=1162.000000, MapNumber=3, MapPosX=176, MapPosY=94, MapDir=0, PkCount=0, PkLevel=3, PkTime=0, Leadership=0, ChatLimitTime=0, RESETS = 0, Married = 0, MarryName = '', WinDuels=0, LoseDuels=0, BlockChatTime=0, PenaltyMask=0, Ruud=84521, OpenHuntingLog=0, StatGP=0, StatCoin=0, i4thSkillPoint=0, AddStrength=0, AddDexterity=0, AddVitality=0, AddEnergy=0, FruitAddPoint=0, FruitDecPoint=0, GrandResets=0, MonStat=0, Age=0, CJL=0, SIC=0, WingCoreType=255, WingCoreLevel=255, GiantMountType=0, GiantMountWear=0, AddLeadership=0 WHERE Name = 'Sororitas'
[20:57:53] EXEC IGC_ResetInfoSave 525, 0
[20:57:53] UPDATE Character SET Inventory=? WHERE Name='Sororitas'
[20:57:53] UPDATE Character SET MagicList=? WHERE Name='Sororitas'
[20:57:53] SELECT character_id FROM IGC_SeasonPass WHERE character_id = 525
[20:57:53] UPDATE IGC_SeasonPass SET pass_id = 1, pass_type = 0, pass_level = 7, pass_experience = 2025, complete_mission = 8, today_exp = 222, mu_pass_reward = 6, gold_pass_reward = 0, premium_pass_reward = 0, last_login = 1735322273 WHERE character_id = 525
[20:57:53] UPDATE Character SET Quest=? WHERE Name='Sororitas'
[20:57:53] SELECT character_id FROM IGC_SeasonPassTicket WHERE character_id = 525
[20:57:53] UPDATE IGC_SeasonPassTicket SET ticket_count = 0, special_point = 0 WHERE character_id = 525
[20:57:53] EXEC IGC_ClassQuest_MonsterKillSave 'Sororitas', -1, -1, 0, -1, 0, -1, 0, -1, 0, -1, 0
[20:57:53] DELETE FROM IGC_SeasonPassMission WHERE character_id = 525
[20:57:53] INSERT INTO IGC_SeasonPassMission (character_id, mission_index, mission_type, current_step, current_amount) VALUES (525, 0, 0, 10, 2160)
[20:57:53] UPDATE IGC_Muun_Inventory SET Items=? WHERE Name='Sororitas'
[20:57:53] INSERT INTO IGC_SeasonPassMission (character_id, mission_index, mission_type, current_step, current_amount) VALUES (525, 1, 1, 7, 1700)
[20:57:53] EXEC IGC_MuunConditionInfoSetSave 'Sororitas', 0, 255, 0
[20:57:53] INSERT INTO IGC_SeasonPassMission (character_id, mission_index, mission_type, current_step, current_amount) VALUES (525, 2, 2, 5, 34467)
[20:57:53] EXEC IGC_MuunConditionInfoSetSave 'Sororitas', 1, 255, 0
[20:57:53] INSERT INTO IGC_SeasonPassMission (character_id, mission_index, mission_type, current_step, current_amount) VALUES (525, 3, 3, 3, 15)
[20:57:53] EXEC IGC_MuunConditionInfoSetSave 'Sororitas', 2, 255, 0
[20:57:53] INSERT INTO IGC_SeasonPassMission (character_id, mission_index, mission_type, current_step, current_amount) VALUES (525, 4, 4, 3, 6)
[20:57:53] INSERT INTO IGC_SeasonPassMission (character_id, mission_index, mission_type, current_step, current_amount) VALUES (525, 7, 7, 1, 5)
[20:57:53] INSERT INTO IGC_SeasonPassMission (character_id, mission_index, mission_type, current_step, current_amount) VALUES (525, 11, 11, 1, 1)
[20:57:53] INSERT INTO IGC_SeasonPassMission (character_id, mission_index, mission_type, current_step, current_amount) VALUES (525, 24, 24, 1, 1)
[20:57:53] UPDATE IGC_HuntPoint SET HuntPoint=-1,Monsters=-1,Buffs='|0=12.5||1=12.5||2=12.5||3=12.5||4=12.5||5=12.5||6=12.5||7=12.5|',Inactive=-1,Quest='|0=0.0||1=0.0||2=0.0||3=0.0||4=0.0||5=0.0||6=0.0||7=0.0|', WeekMonsters=-1 WHERE Name = 'MissMD'
[20:57:53] UPDATE IGC_HuntPoint SET QuestState=? where Name='MissMD'
[20:57:53] UPDATE T_Event_Inventory SET Inventory=? WHERE Name = 'Sororitas'
[20:57:53] EXEC IGC_EvolutionMonsterInfoSave 'relikt7', 'Sororitas', -1, 0, 0, -1, 0, 0, -1, 0, 0, -1, 0, 0, -1, 0, 0, 0
[20:57:53] EXEC IGC_SetSaveRestoreInventory 'relikt7', 'Sororitas', ?
[20:57:53] EXEC IGC_EventMapEnterCount_Set 'Sororitas', 1, 0, 0, 0, 0, 0, 0
[20:57:53] EXEC IGC_HuntingRecordInfoUserOpenSave 'relikt7', 'Sororitas', 1
[20:57:53] DELETE FROM IGC_BlockChat WHERE Name = 'Sororitas'
[20:57:53] EXEC IGC_ResetInfoSave 317, 0
[20:57:53] SELECT character_id FROM IGC_SeasonPass WHERE character_id = 317
[20:57:53] UPDATE IGC_SeasonPass SET pass_id = 1, pass_type = 0, pass_level = 4, pass_experience = 1008, complete_mission = 7, today_exp = 161, mu_pass_reward = 1, gold_pass_reward = 0, premium_pass_reward = 0, last_login = 1735322273 WHERE character_id = 317
[20:57:53] SELECT character_id FROM IGC_SeasonPassTicket WHERE character_id = 317
[20:57:53] UPDATE IGC_SeasonPassTicket SET ticket_count = 0, special_point = 0 WHERE character_id = 317
[20:57:53] DELETE FROM IGC_SeasonPassMission WHERE character_id = 317
[20:57:53] INSERT INTO IGC_SeasonPassMission (character_id, mission_index, mission_type, current_step, current_amount) VALUES (317, 0, 0, 10, 2160)
[20:57:53] INSERT INTO IGC_SeasonPassMission (character_id, mission_index, mission_type, current_step, current_amount) VALUES (317, 1, 1, 7, 1700)
[20:57:53] INSERT INTO IGC_SeasonPassMission (character_id, mission_index, mission_type, current_step, current_amount) VALUES (317, 2, 2, 5, 34470)
[20:57:53] INSERT INTO IGC_SeasonPassMission (character_id, mission_index, mission_type, current_step, current_amount) VALUES (317, 3, 3, 0, 1)
[20:57:53] INSERT INTO IGC_SeasonPassMission (character_id, mission_index, mission_type, current_step, current_amount) VALUES (317, 4, 4, 3, 6)
[20:57:53] INSERT INTO IGC_SeasonPassMission (character_id, mission_index, mission_type, current_step, current_amount) VALUES (317, 11, 11, 1, 1)
[20:57:53] INSERT INTO IGC_SeasonPassMission (character_id, mission_index, mission_type, current_step, current_amount) VALUES (317, 17, 17, 1, 1)
[20:57:53] INSERT INTO IGC_SeasonPassMission (character_id, mission_index, mission_type, current_step, current_amount) VALUES (317, 24, 24, 1, 1)
[20:57:53] UPDATE IGC_HuntPoint SET HuntPoint=2500,Monsters=0,Buffs='|0=12.5||1=12.5||2=12.5||3=12.5||4=12.5||5=12.5||6=12.5||7=12.5|',Inactive=0,Quest='|0=0.0||1=0.0||2=0.0||3=0.0||4=0.0||5=0.0||6=0.0||7=0.0|', WeekMonsters=0 WHERE Name = 'Sororitas'
[20:57:53] UPDATE IGC_HuntPoint SET QuestState=? where Name='Sororitas'
[20:57:53] EXEC IGC_Monster_KillCount_Save 'Lancer', 35
[20:57:53] SQLSTATE: 42S02, Diagnosis: [Microsoft][ODBC SQL Server Driver][SQL Server]Invalid object name 'MonsterKillCount'.
[20:57:53] EXEC IGC_Monster_KillCount_Save 'Lancer', 35
[20:57:53] SQLSTATE: 42S02, Diagnosis: [Microsoft][ODBC SQL Server Driver][SQL Server]Invalid object name 'MonsterKillCount'.
[20:57:53] EXEC IGC_Monster_KillCount_Save 'Duud', 444
[20:57:53] SQLSTATE: 42S02, Diagnosis: [Microsoft][ODBC SQL Server Driver][SQL Server]Invalid object name 'MonsterKillCount'.
[20:57:53] EXEC IGC_Monster_KillCount_Save '101IK', 484
[20:57:53] SQLSTATE: 42S02, Diagnosis: [Microsoft][ODBC SQL Server Driver][SQL Server]Invalid object name 'MonsterKillCount'.
[20:57:53] EXEC IGC_Monster_KillCount_Save '101IK', 484
[20:57:53] SQLSTATE: 42S02, Diagnosis: [Microsoft][ODBC SQL Server Driver][SQL Server]Invalid object name 'MonsterKillCount'.
[20:57:53] EXEC IGC_Monster_KillCount_Save '3KunDun', 484
[20:57:53] SQLSTATE: 42S02, Diagnosis: [Microsoft][ODBC SQL Server Driver][SQL Server]Invalid object name 'MonsterKillCount'.
[20:57:53] EXEC IGC_Monster_KillCount_Save 'ReflektMD', 608
[20:57:53] SQLSTATE: 42S02, Diagnosis: [Microsoft][ODBC SQL Server Driver][SQL Server]Invalid object name 'MonsterKillCount'.
[20:57:53] EXEC IGC_Monster_KillCount_Save 'MisterMD', 608
[20:57:53] SQLSTATE: 42S02, Diagnosis: [Microsoft][ODBC SQL Server Driver][SQL Server]Invalid object name 'MonsterKillCount'.
[20:57:53] EXEC IGC_Monster_KillCount_Save 'MisterMD', 608
[20:57:53] SQLSTATE: 42S02, Diagnosis: [Microsoft][ODBC SQL Server Driver][SQL Server]Invalid object name 'MonsterKillCount'.
[20:57:53] EXEC IGC_Monster_KillCount_Save 'AstroX', 730
[20:57:53] SQLSTATE: 42S02, Diagnosis: [Microsoft][ODBC SQL Server Driver][SQL Server]Invalid object name 'MonsterKillCount'.
[20:57:53] EXEC IGC_Monster_KillCount_Save 'The5', 730
[20:57:53] SQLSTATE: 42S02, Diagnosis: [Microsoft][ODBC SQL Server Driver][SQL Server]Invalid object name 'MonsterKillCount'.
[20:57:53] EXEC IGC_Monster_KillCount_Save 'The5', 731
[20:57:53] SQLSTATE: 42S02, Diagnosis: [Microsoft][ODBC SQL Server Driver][SQL Server]Invalid object name 'MonsterKillCount'.
[20:57:53] EXEC IGC_Monster_KillCount_Save 'Ladyzinha', 770
[20:57:53] SQLSTATE: 42S02, Diagnosis: [Microsoft][ODBC SQL Server Driver][SQL Server]Invalid object name 'MonsterKillCount'.
[20:57:53] EXEC IGC_Monster_KillCount_Save 'VNZzGLzZVN', 786
[20:57:53] SQLSTATE: 42S02, Diagnosis: [Microsoft][ODBC SQL Server Driver][SQL Server]Invalid object name 'MonsterKillCount'.
[20:57:53] EXEC IGC_Monster_KillCount_Save 'iskerka', 787
[20:57:53] SQLSTATE: 42S02, Diagnosis: [Microsoft][ODBC SQL Server Driver][SQL Server]Invalid object name 'MonsterKillCount'.
[20:57:53] EXEC IGC_Monster_KillCount_Save 'GL03', 893
[20:57:53] SQLSTATE: 42S02, Diagnosis: [Microsoft][ODBC SQL Server Driver][SQL Server]Invalid object name 'MonsterKillCount'.
[20:57:53] EXEC IGC_Monster_KillCount_Save 'Ruub', 358
[20:57:53] SQLSTATE: 42S02, Diagnosis: [Microsoft][ODBC SQL Server Driver][SQL Server]Invalid object name 'MonsterKillCount'.
[20:57:53] EXEC IGC_Monster_KillCount_Save 'Mrdka', 743
[20:57:53] SQLSTATE: 42S02, Diagnosis: [Microsoft][ODBC SQL Server Driver][SQL Server]Invalid object name 'MonsterKillCount'.
[20:57:53] EXEC IGC_Monster_KillCount_Save 'refuseDL', 69
[20:57:53] SQLSTATE: 42S02, Diagnosis: [Microsoft][ODBC SQL Server Driver][SQL Server]Invalid object name 'MonsterKillCount'.
[20:57:53] EXEC IGC_Monster_KillCount_Save 'bbbbb', 353
[20:57:53] SQLSTATE: 42S02, Diagnosis: [Microsoft][ODBC SQL Server Driver][SQL Server]Invalid object name 'MonsterKillCount'.
[20:57:53] EXEC IGC_Monster_KillCount_Save 'Ruud', 358
[20:57:53] SQLSTATE: 42S02, Diagnosis: [Microsoft][ODBC SQL Server Driver][SQL Server]Invalid object name 'MonsterKillCount'.
[20:57:53] EXEC IGC_Monster_KillCount_Save 'H1deaki', 569
[20:57:53] SQLSTATE: 42S02, Diagnosis: [Microsoft][ODBC SQL Server Driver][SQL Server]Invalid object name 'MonsterKillCount'.
[20:57:53] EXEC IGC_Monster_KillCount_Save 'Summmer', 570
[20:57:53] SQLSTATE: 42S02, Diagnosis: [Microsoft][ODBC SQL Server Driver][SQL Server]Invalid object name 'MonsterKillCount'.
[20:57:53] EXEC IGC_Monster_KillCount_Save 'MisterMD', 608
[20:57:53] SQLSTATE: 42S02, Diagnosis: [Microsoft][ODBC SQL Server Driver][SQL Server]Invalid object name 'MonsterKillCount'.
[20:57:53] EXEC IGC_Monster_KillCount_Save 'The5', 730
[20:57:53] SQLSTATE: 42S02, Diagnosis: [Microsoft][ODBC SQL Server Driver][SQL Server]Invalid object name 'MonsterKillCount'.
[20:57:53] EXEC IGC_Monster_KillCount_Save 'The5', 732
[20:57:53] SQLSTATE: 42S02, Diagnosis: [Microsoft][ODBC SQL Server Driver][SQL Server]Invalid object name 'MonsterKillCount'.
[20:57:53] EXEC IGC_Monster_KillCount_Save 'Buff666', 768
[20:57:53] SQLSTATE: 42S02, Diagnosis: [Microsoft][ODBC SQL Server Driver][SQL Server]Invalid object name 'MonsterKillCount'.
[20:57:53] EXEC IGC_Monster_KillCount_Save 'Insane', 772
[20:57:53] SQLSTATE: 42S02, Diagnosis: [Microsoft][ODBC SQL Server Driver][SQL Server]Invalid object name 'MonsterKillCount'.
[20:57:53] EXEC IGC_Monster_KillCount_Save 'VNZzGLzZVN', 786
[20:57:53] SQLSTATE: 42S02, Diagnosis: [Microsoft][ODBC SQL Server Driver][SQL Server]Invalid object name 'MonsterKillCount'.
[20:57:53] EXEC IGC_Monster_KillCount_Save 'KimChuaXau', 786
[20:57:53] SQLSTATE: 42S02, Diagnosis: [Microsoft][ODBC SQL Server Driver][SQL Server]Invalid object name 'MonsterKillCount'.
[20:57:53] EXEC IGC_Monster_KillCount_Save 'luka', 787
[20:57:53] SQLSTATE: 42S02, Diagnosis: [Microsoft][ODBC SQL Server Driver][SQL Server]Invalid object name 'MonsterKillCount'.
[20:57:53] EXEC IGC_Monster_KillCount_Save 'Kundun', 789
[20:57:53] SQLSTATE: 42S02, Diagnosis: [Microsoft][ODBC SQL Server Driver][SQL Server]Invalid object name 'MonsterKillCount'.
[20:57:53] EXEC IGC_Monster_KillCount_Save 'G123', 789
[20:57:53] SQLSTATE: 42S02, Diagnosis: [Microsoft][ODBC SQL Server Driver][SQL Server]Invalid object name 'MonsterKillCount'.
[20:57:54] EXEC IGC_GetPartyMatchingListJoinAble 873, 100, 0, 1, 6
[20:57:54] EXEC IGC_GetPartyMatchingListJoinAbleTotalCount 873, 100,0
[20:57:54] EXEC IGC_Monster_KillCount_Save '8HAPPIER', 45
[20:57:54] SQLSTATE: 42S02, Diagnosis: [Microsoft][ODBC SQL Server Driver][SQL Server]Invalid object name 'MonsterKillCount'.
[20:57:54] EXEC IGC_Monster_KillCount_Save 'pigiVN', 730
[20:57:54] SQLSTATE: 42S02, Diagnosis: [Microsoft][ODBC SQL Server Driver][SQL Server]Invalid object name 'MonsterKillCount'.
[20:57:54] EXEC IGC_Monster_KillCount_Save 'ThayMocLop', 786
[20:57:54] SQLSTATE: 42S02, Diagnosis: [Microsoft][ODBC SQL Server Driver][SQL Server]Invalid object name 'MonsterKillCount'.
[20:57:54] EXEC IGC_Monster_KillCount_Save 'iskerka', 787
[20:57:54] SQLSTATE: 42S02, Diagnosis: [Microsoft][ODBC SQL Server Driver][SQL Server]Invalid object name 'MonsterKillCount'.
[20:57:54] EXEC IGC_Monster_KillCount_Save 'G123', 789
[20:57:54] SQLSTATE: 42S02, Diagnosis: [Microsoft][ODBC SQL Server Driver][SQL Server]Invalid object name 'MonsterKillCount'.
[20:57:54] SELECT OWNER_GUILD FROM MuCastle_DATA
[20:57:54] SELECT G_Master FROM Guild WHERE G_Name = 'ADMIN'
[20:57:54] SELECT AccountID FROM Character WHERE Name = 'GreekSalad'
[20:57:54] SELECT * FROM DefaultClassType
[20:57:54] EXEC IGC_Monster_KillCount_Save 'RatLaVLon', 767
[20:57:54] SQLSTATE: 42S02, Diagnosis: [Microsoft][ODBC SQL Server Driver][SQL Server]Invalid object name 'MonsterKillCount'.
[20:57:54] EXEC IGC_Monster_KillCount_Save '8HAPPIER', 45
[20:57:54] SQLSTATE: 42S02, Diagnosis: [Microsoft][ODBC SQL Server Driver][SQL Server]Invalid object name 'MonsterKillCount'.
[20:57:54] EXEC IGC_Monster_KillCount_Save '3KunDun', 484
[20:57:54] SQLSTATE: 42S02, Diagnosis: [Microsoft][ODBC SQL Server Driver][SQL Server]Invalid object name 'MonsterKillCount'.
[20:57:54] EXEC IGC_Monster_KillCount_Save '3KunDun', 484
[20:57:54] SQLSTATE: 42S02, Diagnosis: [Microsoft][ODBC SQL Server Driver][SQL Server]Invalid object name 'MonsterKillCount'.
[20:57:54] EXEC IGC_Monster_KillCount_Save '100GL', 486
[20:57:54] SQLSTATE: 42S02, Diagnosis: [Microsoft][ODBC SQL Server Driver][SQL Server]Invalid object name 'MonsterKillCount'.
[20:57:54] EXEC IGC_Monster_KillCount_Save '100GL', 486
[20:57:54] SQLSTATE: 42S02, Diagnosis: [Microsoft][ODBC SQL Server Driver][SQL Server]Invalid object name 'MonsterKillCount'.
[20:57:54] EXEC IGC_Monster_KillCount_Save 'H1deaki', 569
[20:57:54] SQLSTATE: 42S02, Diagnosis: [Microsoft][ODBC SQL Server Driver][SQL Server]Invalid object name 'MonsterKillCount'.
[20:57:54] EXEC IGC_Monster_KillCount_Save 'AstroX', 732
[20:57:54] SQLSTATE: 42S02, Diagnosis: [Microsoft][ODBC SQL Server Driver][SQL Server]Invalid object name 'MonsterKillCount'.
[20:57:54] EXEC IGC_Monster_KillCount_Save 'CoDaySinh', 767
[20:57:54] SQLSTATE: 42S02, Diagnosis: [Microsoft][ODBC SQL Server Driver][SQL Server]Invalid object name 'MonsterKillCount'.
[20:57:54] EXEC IGC_Monster_KillCount_Save 'Sm87', 768
[20:57:54] SQLSTATE: 42S02, Diagnosis: [Microsoft][ODBC SQL Server Driver][SQL Server]Invalid object name 'MonsterKillCount'.
[20:57:54] EXEC IGC_Monster_KillCount_Save 'cs113', 768
[20:57:54] SQLSTATE: 42S02, Diagnosis: [Microsoft][ODBC SQL Server Driver][SQL Server]Invalid object name 'MonsterKillCount'.
[20:57:54] EXEC IGC_Monster_KillCount_Save 'MeFace', 771
[20:57:54] SQLSTATE: 42S02, Diagnosis: [Microsoft][ODBC SQL Server Driver][SQL Server]Invalid object name 'MonsterKillCount'.
[20:57:54] EXEC IGC_Monster_KillCount_Save 'FunnyBunny', 771
[20:57:54] SQLSTATE: 42S02, Diagnosis: [Microsoft][ODBC SQL Server Driver][SQL Server]Invalid object name 'MonsterKillCount'.
[20:57:54] EXEC IGC_Monster_KillCount_Save 'ARAGORN', 786
[20:57:54] SQLSTATE: 42S02, Diagnosis: [Microsoft][ODBC SQL Server Driver][SQL Server]Invalid object name 'MonsterKillCount'.
[20:57:54] EXEC IGC_Monster_KillCount_Save 'Mrdka', 743
[20:57:54] SQLSTATE: 42S02, Diagnosis: [Microsoft][ODBC SQL Server Driver][SQL Server]Invalid object name 'MonsterKillCount'.
[20:57:55] EXEC IGC_GetPartyMatchingList 1, 6
[20:57:55] EXEC IGC_GetPartyMatchingListCount
[20:57:55] EXEC IGC_Monster_KillCount_Save '9PORSCHE', 45
[20:57:55] SQLSTATE: 42S02, Diagnosis: [Microsoft][ODBC SQL Server Driver][SQL Server]Invalid object name 'MonsterKillCount'.
[20:57:55] EXEC IGC_Monster_KillCount_Save '9PORSCHE', 45
[20:57:55] SQLSTATE: 42S02, Diagnosis: [Microsoft][ODBC SQL Server Driver][SQL Server]Invalid object name 'MonsterKillCount'.
[20:57:55] EXEC IGC_Monster_KillCount_Save '3WindSoul', 445
[20:57:55] SQLSTATE: 42S02, Diagnosis: [Microsoft][ODBC SQL Server Driver][SQL Server]Invalid object name 'MonsterKillCount'.
[20:57:55] EXEC IGC_Monster_KillCount_Save '3KunDun', 484
[20:57:55] SQLSTATE: 42S02, Diagnosis: [Microsoft][ODBC SQL Server Driver][SQL Server]Invalid object name 'MonsterKillCount'.
[20:57:55] EXEC IGC_Monster_KillCount_Save 'Zlato4ka', 609
[20:57:55] SQLSTATE: 42S02, Diagnosis: [Microsoft][ODBC SQL Server Driver][SQL Server]Invalid object name 'MonsterKillCount'.
[20:57:55] EXEC IGC_Monster_KillCount_Save 'pigiVN', 730
[20:57:55] SQLSTATE: 42S02, Diagnosis: [Microsoft][ODBC SQL Server Driver][SQL Server]Invalid object name 'MonsterKillCount'.
[20:57:55] EXEC IGC_Monster_KillCount_Save 'The7', 730
[20:57:55] SQLSTATE: 42S02, Diagnosis: [Microsoft][ODBC SQL Server Driver][SQL Server]Invalid object name 'MonsterKillCount'.
[20:57:55] EXEC IGC_Monster_KillCount_Save 'The7', 730
[20:57:55] SQLSTATE: 42S02, Diagnosis: [Microsoft][ODBC SQL Server Driver][SQL Server]Invalid object name 'MonsterKillCount'.
[20:57:55] EXEC IGC_Monster_KillCount_Save 'The7', 731
[20:57:55] SQLSTATE: 42S02, Diagnosis: [Microsoft][ODBC SQL Server Driver][SQL Server]Invalid object name 'MonsterKillCount'.
[20:57:55] EXEC IGC_Monster_KillCount_Save 'CoDaySinh', 767
[20:57:55] SQLSTATE: 42S02, Diagnosis: [Microsoft][ODBC SQL Server Driver][SQL Server]Invalid object name 'MonsterKillCount'.
[20:57:55] EXEC IGC_Monster_KillCount_Save 'ThayDayLy', 770
[20:57:55] SQLSTATE: 42S02, Diagnosis: [Microsoft][ODBC SQL Server Driver][SQL Server]Invalid object name 'MonsterKillCount'.
[20:57:55] EXEC IGC_Monster_KillCount_Save 'Elvis', 789
[20:57:55] SQLSTATE: 42S02, Diagnosis: [Microsoft][ODBC SQL Server Driver][SQL Server]Invalid object name 'MonsterKillCount'.
[20:57:55] EXEC IGC_Monster_KillCount_Save 'GL03', 893
[20:57:55] SQLSTATE: 42S02, Diagnosis: [Microsoft][ODBC SQL Server Driver][SQL Server]Invalid object name 'MonsterKillCount'.
[20:57:55] EXEC IGC_Monster_KillCount_Save 'refuseMG', 311
[20:57:55] SQLSTATE: 42S02, Diagnosis: [Microsoft][ODBC SQL Server Driver][SQL Server]Invalid object name 'MonsterKillCount'.
[20:57:55] EXEC IGC_Monster_KillCount_Save 'ikacko', 487
[20:57:55] SQLSTATE: 42S02, Diagnosis: [Microsoft][ODBC SQL Server Driver][SQL Server]Invalid object name 'MonsterKillCount'.
[20:57:55] EXEC IGC_Monster_KillCount_Save 'Mrdka', 743
[20:57:55] SQLSTATE: 42S02, Diagnosis: [Microsoft][ODBC SQL Server Driver][SQL Server]Invalid object name 'MonsterKillCount'.
[20:57:55] EXEC IGC_Monster_KillCount_Save 'RatLaVLon', 767
[20:57:55] SQLSTATE: 42S02, Diagnosis: [Microsoft][ODBC SQL Server Driver][SQL Server]Invalid object name 'MonsterKillCount'.
[20:57:55] EXEC IGC_Monster_KillCount_Save 'RatLaVLon', 767
[20:57:55] SQLSTATE: 42S02, Diagnosis: [Microsoft][ODBC SQL Server Driver][SQL Server]Invalid object name 'MonsterKillCount'.
[20:57:55] EXEC IGC_Monster_KillCount_Save 'RatLaVLon', 767
[20:57:55] SQLSTATE: 42S02, Diagnosis: [Microsoft][ODBC SQL Server Driver][SQL Server]Invalid object name 'MonsterKillCount'.
[20:57:55] EXEC IGC_Monster_KillCount_Save 'RatLaVLon', 767
[20:57:55] SQLSTATE: 42S02, Diagnosis: [Microsoft][ODBC SQL Server Driver][SQL Server]Invalid object name 'MonsterKillCount'.
[20:57:55] EXEC IGC_Monster_KillCount_Save 'TARRASQUE', 767
[20:57:55] SQLSTATE: 42S02, Diagnosis: [Microsoft][ODBC SQL Server Driver][SQL Server]Invalid object name 'MonsterKillCount'.
[20:57:55] EXEC IGC_Monster_KillCount_Save 'metaIica', 767
[20:57:55] SQLSTATE: 42S02, Diagnosis: [Microsoft][ODBC SQL Server Driver][SQL Server]Invalid object name 'MonsterKillCount'.
[20:57:55] EXEC IGC_Monster_KillCount_Save 'zZElfHitZz', 770
[20:57:55] SQLSTATE: 42S02, Diagnosis: [Microsoft][ODBC SQL Server Driver][SQL Server]Invalid object name 'MonsterKillCount'.
[20:57:55] EXEC IGC_Monster_KillCount_Save '7event', 20
[20:57:55] SQLSTATE: 42S02, Diagnosis: [Microsoft][ODBC SQL Server Driver][SQL Server]Invalid object name 'MonsterKillCount'.
[20:57:55] EXEC IGC_Monster_KillCount_Save 'refuseDL', 69
[20:57:55] SQLSTATE: 42S02, Diagnosis: [Microsoft][ODBC SQL Server Driver][SQL Server]Invalid object name 'MonsterKillCount'.
[20:57:55] EXEC IGC_Monster_KillCount_Save 'ArthurMD', 589
[20:57:55] SQLSTATE: 42S02, Diagnosis: [Microsoft][ODBC SQL Server Driver][SQL Server]Invalid object name 'MonsterKillCount'.
[20:57:55] EXEC IGC_Monster_KillCount_Save 'The7', 730
[20:57:55] SQLSTATE: 42S02, Diagnosis: [Microsoft][ODBC SQL Server Driver][SQL Server]Invalid object name 'MonsterKillCount'.
[20:57:55] EXEC IGC_Monster_KillCount_Save 'DK08', 770
[20:57:55] SQLSTATE: 42S02, Diagnosis: [Microsoft][ODBC SQL Server Driver][SQL Server]Invalid object name 'MonsterKillCount'.
[20:57:55] EXEC IGC_Monster_KillCount_Save 'cs113', 768
[20:57:55] SQLSTATE: 42S02, Diagnosis: [Microsoft][ODBC SQL Server Driver][SQL Server]Invalid object name 'MonsterKillCount'.
[20:57:55] EXEC IGC_Monster_KillCount_Save 'AutoBuff', 786
[20:57:55] SQLSTATE: 42S02, Diagnosis: [Microsoft][ODBC SQL Server Driver][SQL Server]Invalid object name 'MonsterKillCount'.
[20:57:55] EXEC IGC_Monster_KillCount_Save 'TDLove2', 570
[20:57:55] SQLSTATE: 42S02, Diagnosis: [Microsoft][ODBC SQL Server Driver][SQL Server]Invalid object name 'MonsterKillCount'.
[20:57:55] EXEC IGC_Monster_KillCount_Save 'TDLove2', 570
[20:57:55] SQLSTATE: 42S02, Diagnosis: [Microsoft][ODBC SQL Server Driver][SQL Server]Invalid object name 'MonsterKillCount'.
[20:57:55] EXEC IGC_Monster_KillCount_Save 'TDLove2', 570
[20:57:55] SQLSTATE: 42S02, Diagnosis: [Microsoft][ODBC SQL Server Driver][SQL Server]Invalid object name 'MonsterKillCount'.
[20:57:55] EXEC IGC_Monster_KillCount_Save 'TDLove2', 570
[20:57:55] SQLSTATE: 42S02, Diagnosis: [Microsoft][ODBC SQL Server Driver][SQL Server]Invalid object name 'MonsterKillCount'.
[20:57:55] EXEC IGC_Monster_KillCount_Save 'TDLove2', 570
[20:57:55] SQLSTATE: 42S02, Diagnosis: [Microsoft][ODBC SQL Server Driver][SQL Server]Invalid object name 'MonsterKillCount'.
[20:57:55] EXEC IGC_Monster_KillCount_Save 'RatLaVLon', 767
[20:57:55] SQLSTATE: 42S02, Diagnosis: [Microsoft][ODBC SQL Server Driver][SQL Server]Invalid object name 'MonsterKillCount'.
[20:57:55] EXEC IGC_Monster_KillCount_Save 'RatLaVLon', 767
[20:57:55] SQLSTATE: 42S02, Diagnosis: [Microsoft][ODBC SQL Server Driver][SQL Server]Invalid object name 'MonsterKillCount'.
[20:57:56] SELECT OWNER_GUILD FROM MuCastle_DATA
[20:57:56] SELECT G_Master FROM Guild WHERE G_Name = 'ADMIN'
[20:57:56] SELECT AccountID FROM Character WHERE Name = 'GreekSalad'
[20:57:56] SELECT * FROM DefaultClassType
[20:57:56] EXEC IGC_Monster_KillCount_Save '9PORSCHE', 45
[20:57:56] SQLSTATE: 42S02, Diagnosis: [Microsoft][ODBC SQL Server Driver][SQL Server]Invalid object name 'MonsterKillCount'.
[20:57:56] EXEC IGC_Monster_KillCount_Save '9PORSCHE', 45
[20:57:56] SQLSTATE: 42S02, Diagnosis: [Microsoft][ODBC SQL Server Driver][SQL Server]Invalid object name 'MonsterKillCount'.
[20:57:56] EXEC IGC_Monster_KillCount_Save '3WindSoul', 445
[20:57:56] SQLSTATE: 42S02, Diagnosis: [Microsoft][ODBC SQL Server Driver][SQL Server]Invalid object name 'MonsterKillCount'.
[20:57:56] EXEC IGC_Monster_KillCount_Save 'H1deaki', 569
[20:57:56] SQLSTATE: 42S02, Diagnosis: [Microsoft][ODBC SQL Server Driver][SQL Server]Invalid object name 'MonsterKillCount'.
[20:57:56] EXEC IGC_Monster_KillCount_Save 'Tarabas', 586
[20:57:56] SQLSTATE: 42S02, Diagnosis: [Microsoft][ODBC SQL Server Driver][SQL Server]Invalid object name 'MonsterKillCount'.
[20:57:56] EXEC IGC_Monster_KillCount_Save 'AstroX', 730
[20:57:56] SQLSTATE: 42S02, Diagnosis: [Microsoft][ODBC SQL Server Driver][SQL Server]Invalid object name 'MonsterKillCount'.
[20:57:56] EXEC IGC_Monster_KillCount_Save 'AoVL', 455
[20:57:56] SQLSTATE: 42S02, Diagnosis: [Microsoft][ODBC SQL Server Driver][SQL Server]Invalid object name 'MonsterKillCount'.
[20:57:56] EXEC IGC_Monster_KillCount_Save 'DTLove10', 569
[20:57:56] SQLSTATE: 42S02, Diagnosis: [Microsoft][ODBC SQL Server Driver][SQL Server]Invalid object name 'MonsterKillCount'.
[20:57:56] EXEC IGC_Monster_KillCount_Save 'uckyBcTBo', 767
[20:57:56] SQLSTATE: 42S02, Diagnosis: [Microsoft][ODBC SQL Server Driver][SQL Server]Invalid object name 'MonsterKillCount'.
[20:57:56] EXEC IGC_Monster_KillCount_Save 'TheTank', 767
[20:57:56] SQLSTATE: 42S02, Diagnosis: [Microsoft][ODBC SQL Server Driver][SQL Server]Invalid object name 'MonsterKillCount'.
[20:57:56] EXEC IGC_HuntingRecordLoad_Current 'akhsharis', 'Akhsharis', 0, 2024, 12, 27
[20:57:56] EXEC IGC_Monster_KillCount_Save 'Resnais', 768
[20:57:56] SQLSTATE: 42S02, Diagnosis: [Microsoft][ODBC SQL Server Driver][SQL Server]Invalid object name 'MonsterKillCount'.
[20:57:56] EXEC IGC_Monster_KillCount_Save 'isk7', 20
[20:57:56] SQLSTATE: 42S02, Diagnosis: [Microsoft][ODBC SQL Server Driver][SQL Server]Invalid object name 'MonsterKillCount'.
[20:57:56] EXEC IGC_Monster_KillCount_Save 'Canalha', 39
[20:57:56] SQLSTATE: 42S02, Diagnosis: [Microsoft][ODBC SQL Server Driver][SQL Server]Invalid object name 'MonsterKillCount'.
[20:57:56] EXEC IGC_Monster_KillCount_Save 'RatLaVaiL', 40
[20:57:56] SQLSTATE: 42S02, Diagnosis: [Microsoft][ODBC SQL Server Driver][SQL Server]Invalid object name 'MonsterKillCount'.
[20:57:56] EXEC IGC_Monster_KillCount_Save 'RatLaVaiL', 40
[20:57:56] SQLSTATE: 42S02, Diagnosis: [Microsoft][ODBC SQL Server Driver][SQL Server]Invalid object name 'MonsterKillCount'.
[20:57:56] EXEC IGC_Monster_KillCount_Save 'RatLaVaiL', 40
[20:57:56] SQLSTATE: 42S02, Diagnosis: [Microsoft][ODBC SQL Server Driver][SQL Server]Invalid object name 'MonsterKillCount'.
[20:57:56] EXEC IGC_Monster_KillCount_Save 'Ruud', 358
[20:57:56] SQLSTATE: 42S02, Diagnosis: [Microsoft][ODBC SQL Server Driver][SQL Server]Invalid object name 'MonsterKillCount'.
[20:57:56] EXEC IGC_Monster_KillCount_Save 'isker', 449
[20:57:56] SQLSTATE: 42S02, Diagnosis: [Microsoft][ODBC SQL Server Driver][SQL Server]Invalid object name 'MonsterKillCount'.
[20:57:56] EXEC IGC_Monster_KillCount_Save 'SaBuSaLaB', 573
[20:57:56] SQLSTATE: 42S02, Diagnosis: [Microsoft][ODBC SQL Server Driver][SQL Server]Invalid object name 'MonsterKillCount'.
[20:57:56] EXEC IGC_Monster_KillCount_Save 'Tarabas', 586
[20:57:56] SQLSTATE: 42S02, Diagnosis: [Microsoft][ODBC SQL Server Driver][SQL Server]Invalid object name 'MonsterKillCount'.
[20:57:56] EXEC IGC_Monster_KillCount_Save 'ArthurMD', 589
[20:57:56] SQLSTATE: 42S02, Diagnosis: [Microsoft][ODBC SQL Server Driver][SQL Server]Invalid object name 'MonsterKillCount'.
[20:57:56] EXEC IGC_Monster_KillCount_Save 'ArthurMD', 589
[20:57:56] SQLSTATE: 42S02, Diagnosis: [Microsoft][ODBC SQL Server Driver][SQL Server]Invalid object name 'MonsterKillCount'.
[20:57:56] EXEC IGC_Monster_KillCount_Save 'The6', 738
[20:57:56] SQLSTATE: 42S02, Diagnosis: [Microsoft][ODBC SQL Server Driver][SQL Server]Invalid object name 'MonsterKillCount'.
[20:57:56] EXEC IGC_Monster_KillCount_Save 'Elvis', 789
[20:57:56] SQLSTATE: 42S02, Diagnosis: [Microsoft][ODBC SQL Server Driver][SQL Server]Invalid object name 'MonsterKillCount'.
[20:57:56] EXEC IGC_Monster_KillCount_Save 'G123', 789
[20:57:56] SQLSTATE: 42S02, Diagnosis: [Microsoft][ODBC SQL Server Driver][SQL Server]Invalid object name 'MonsterKillCount'.
[20:57:56] EXEC IGC_Monster_KillCount_Save 'smbuff', 810
[20:57:56] SQLSTATE: 42S02, Diagnosis: [Microsoft][ODBC SQL Server Driver][SQL Server]Invalid object name 'MonsterKillCount'.
[20:57:56] EXEC IGC_Monster_KillCount_Save 'GL05', 893
[20:57:56] SQLSTATE: 42S02, Diagnosis: [Microsoft][ODBC SQL Server Driver][SQL Server]Invalid object name 'MonsterKillCount'.
[20:57:56] EXEC IGC_Monster_KillCount_Save 'refuseLem', 310
[20:57:56] SQLSTATE: 42S02, Diagnosis: [Microsoft][ODBC SQL Server Driver][SQL Server]Invalid object name 'MonsterKillCount'.
[20:57:56] EXEC IGC_Monster_KillCount_Save 'refuseMG', 311
[20:57:56] SQLSTATE: 42S02, Diagnosis: [Microsoft][ODBC SQL Server Driver][SQL Server]Invalid object name 'MonsterKillCount'.
[20:57:56] EXEC IGC_Monster_KillCount_Save 'Mrdka', 743
[20:57:56] SQLSTATE: 42S02, Diagnosis: [Microsoft][ODBC SQL Server Driver][SQL Server]Invalid object name 'MonsterKillCount'.
[20:57:57] EXEC IGC_Monster_KillCount_Save 'refuseAE', 454
[20:57:57] SQLSTATE: 42S02, Diagnosis: [Microsoft][ODBC SQL Server Driver][SQL Server]Invalid object name 'MonsterKillCount'.
[20:57:57] EXEC IGC_Monster_KillCount_Save 'isk6', 20
[20:57:57] SQLSTATE: 42S02, Diagnosis: [Microsoft][ODBC SQL Server Driver][SQL Server]Invalid object name 'MonsterKillCount'.
[20:57:57] EXEC IGC_Monster_KillCount_Save 'refuseDL', 69
[20:57:57] SQLSTATE: 42S02, Diagnosis: [Microsoft][ODBC SQL Server Driver][SQL Server]Invalid object name 'MonsterKillCount'.
[20:57:57] EXEC IGC_Monster_KillCount_Save 'TOP1FARMJW', 351
[20:57:57] SQLSTATE: 42S02, Diagnosis: [Microsoft][ODBC SQL Server Driver][SQL Server]Invalid object name 'MonsterKillCount'.
[20:57:57] EXEC IGC_Monster_KillCount_Save '2MeThienHa', 358
[20:57:57] SQLSTATE: 42S02, Diagnosis: [Microsoft][ODBC SQL Server Driver][SQL Server]Invalid object name 'MonsterKillCount'.
[20:57:57] EXEC IGC_Monster_KillCount_Save '2MeThienHa', 358
[20:57:57] SQLSTATE: 42S02, Diagnosis: [Microsoft][ODBC SQL Server Driver][SQL Server]Invalid object name 'MonsterKillCount'.
[20:57:57] EXEC IGC_Monster_KillCount_Save '2MeThienHa', 358
[20:57:57] SQLSTATE: 42S02, Diagnosis: [Microsoft][ODBC SQL Server Driver][SQL Server]Invalid object name 'MonsterKillCount'.
[20:57:57] EXEC IGC_Monster_KillCount_Save '2MeThienHa', 358
[20:57:57] SQLSTATE: 42S02, Diagnosis: [Microsoft][ODBC SQL Server Driver][SQL Server]Invalid object name 'MonsterKillCount'.
[20:57:57] EXEC IGC_Monster_KillCount_Save 'Duud', 444
[20:57:57] SQLSTATE: 42S02, Diagnosis: [Microsoft][ODBC SQL Server Driver][SQL Server]Invalid object name 'MonsterKillCount'.
[20:57:57] EXEC IGC_Monster_KillCount_Save 'isker', 449
[20:57:57] SQLSTATE: 42S02, Diagnosis: [Microsoft][ODBC SQL Server Driver][SQL Server]Invalid object name 'MonsterKillCount'.
[20:57:57] EXEC IGC_Monster_KillCount_Save '101IK', 484
[20:57:57] SQLSTATE: 42S02, Diagnosis: [Microsoft][ODBC SQL Server Driver][SQL Server]Invalid object name 'MonsterKillCount'.
[20:57:57] EXEC IGC_Monster_KillCount_Save '101IK', 484
[20:57:57] SQLSTATE: 42S02, Diagnosis: [Microsoft][ODBC SQL Server Driver][SQL Server]Invalid object name 'MonsterKillCount'.
[20:57:57] EXEC IGC_Monster_KillCount_Save 'CS115', 768
[20:57:57] SQLSTATE: 42S02, Diagnosis: [Microsoft][ODBC SQL Server Driver][SQL Server]Invalid object name 'MonsterKillCount'.
[20:57:57] EXEC IGC_Monster_KillCount_Save 'FunnyBunny', 771
[20:57:57] SQLSTATE: 42S02, Diagnosis: [Microsoft][ODBC SQL Server Driver][SQL Server]Invalid object name 'MonsterKillCount'.
[20:57:57] EXEC IGC_Monster_KillCount_Save '0oZeuso0', 786
[20:57:57] SQLSTATE: 42S02, Diagnosis: [Microsoft][ODBC SQL Server Driver][SQL Server]Invalid object name 'MonsterKillCount'.
[20:57:57] EXEC IGC_Monster_KillCount_Save 'D123', 789
[20:57:57] SQLSTATE: 42S02, Diagnosis: [Microsoft][ODBC SQL Server Driver][SQL Server]Invalid object name 'MonsterKillCount'.
[20:57:57] EXEC IGC_GetPartyMatchingList 1, 6
[20:57:57] EXEC IGC_GetPartyMatchingListCount
[20:57:57] EXEC IGC_Monster_KillCount_Save 'refuseLem', 310
[20:57:57] SQLSTATE: 42S02, Diagnosis: [Microsoft][ODBC SQL Server Driver][SQL Server]Invalid object name 'MonsterKillCount'.
[20:57:57] EXEC IGC_Monster_KillCount_Save 'HongAnhGL', 730
[20:57:57] SQLSTATE: 42S02, Diagnosis: [Microsoft][ODBC SQL Server Driver][SQL Server]Invalid object name 'MonsterKillCount'.
[20:57:57] EXEC IGC_Monster_KillCount_Save 'TARRASQUE', 767
[20:57:57] SQLSTATE: 42S02, Diagnosis: [Microsoft][ODBC SQL Server Driver][SQL Server]Invalid object name 'MonsterKillCount'.
[20:57:57] EXEC IGC_Monster_KillCount_Save 'Canalha', 39
[20:57:57] SQLSTATE: 42S02, Diagnosis: [Microsoft][ODBC SQL Server Driver][SQL Server]Invalid object name 'MonsterKillCount'.
[20:57:57] EXEC IGC_Monster_KillCount_Save '2MeThienHa', 358
[20:57:57] SQLSTATE: 42S02, Diagnosis: [Microsoft][ODBC SQL Server Driver][SQL Server]Invalid object name 'MonsterKillCount'.
[20:57:57] EXEC IGC_Monster_KillCount_Save '4Mage', 484
[20:57:57] SQLSTATE: 42S02, Diagnosis: [Microsoft][ODBC SQL Server Driver][SQL Server]Invalid object name 'MonsterKillCount'.
[20:57:57] EXEC IGC_Monster_KillCount_Save '4Mage', 484
[20:57:57] SQLSTATE: 42S02, Diagnosis: [Microsoft][ODBC SQL Server Driver][SQL Server]Invalid object name 'MonsterKillCount'.
[20:57:57] EXEC IGC_Monster_KillCount_Save 'BHuMaHuE', 670
[20:57:57] SQLSTATE: 42S02, Diagnosis: [Microsoft][ODBC SQL Server Driver][SQL Server]Invalid object name 'MonsterKillCount'.
[20:57:57] EXEC IGC_Monster_KillCount_Save 'BHuMaHuE', 670
[20:57:57] SQLSTATE: 42S02, Diagnosis: [Microsoft][ODBC SQL Server Driver][SQL Server]Invalid object name 'MonsterKillCount'.
[20:57:57] EXEC IGC_Monster_KillCount_Save 'Barracuda', 714
[20:57:57] SQLSTATE: 42S02, Diagnosis: [Microsoft][ODBC SQL Server Driver][SQL Server]Invalid object name 'MonsterKillCount'.
[20:57:57] EXEC IGC_Monster_KillCount_Save 'S123', 789
[20:57:57] SQLSTATE: 42S02, Diagnosis: [Microsoft][ODBC SQL Server Driver][SQL Server]Invalid object name 'MonsterKillCount'.
[20:57:57] EXEC IGC_Monster_KillCount_Save 'GL04', 893
[20:57:57] SQLSTATE: 42S02, Diagnosis: [Microsoft][ODBC SQL Server Driver][SQL Server]Invalid object name 'MonsterKillCount'.
[20:57:57] EXEC IGC_Monster_KillCount_Save 'GL05', 893
[20:57:57] SQLSTATE: 42S02, Diagnosis: [Microsoft][ODBC SQL Server Driver][SQL Server]Invalid object name 'MonsterKillCount'.
[20:57:57] EXEC IGC_Monster_KillCount_Save 'HongAnhSL', 70
[20:57:57] SQLSTATE: 42S02, Diagnosis: [Microsoft][ODBC SQL Server Driver][SQL Server]Invalid object name 'MonsterKillCount'.
[20:57:58] EXEC IGC_Monster_KillCount_Save 'refuseAE', 454
[20:57:58] SQLSTATE: 42S02, Diagnosis: [Microsoft][ODBC SQL Server Driver][SQL Server]Invalid object name 'MonsterKillCount'.
[20:57:58] EXEC IGC_Monster_KillCount_Save 'refuseWW', 771
[20:57:58] SQLSTATE: 42S02, Diagnosis: [Microsoft][ODBC SQL Server Driver][SQL Server]Invalid object name 'MonsterKillCount'.
[20:57:58] EXEC IGC_Monster_KillCount_Save 'isk7', 20
[20:57:58] SQLSTATE: 42S02, Diagnosis: [Microsoft][ODBC SQL Server Driver][SQL Server]Invalid object name 'MonsterKillCount'.
[20:57:58] EXEC IGC_Monster_KillCount_Save '3WindSoul', 445
[20:57:58] SQLSTATE: 42S02, Diagnosis: [Microsoft][ODBC SQL Server Driver][SQL Server]Invalid object name 'MonsterKillCount'.
[20:57:58] EXEC IGC_Monster_KillCount_Save 'isk5', 447
[20:57:58] SQLSTATE: 42S02, Diagnosis: [Microsoft][ODBC SQL Server Driver][SQL Server]Invalid object name 'MonsterKillCount'.
[20:57:58] EXEC IGC_Monster_KillCount_Save 'isk5', 447
[20:57:58] SQLSTATE: 42S02, Diagnosis: [Microsoft][ODBC SQL Server Driver][SQL Server]Invalid object name 'MonsterKillCount'.
[20:57:58] EXEC IGC_Monster_KillCount_Save 'isk5', 447
[20:57:58] SQLSTATE: 42S02, Diagnosis: [Microsoft][ODBC SQL Server Driver][SQL Server]Invalid object name 'MonsterKillCount'.
[20:57:58] EXEC IGC_Monster_KillCount_Save 'isk5', 447
[20:57:58] SQLSTATE: 42S02, Diagnosis: [Microsoft][ODBC SQL Server Driver][SQL Server]Invalid object name 'MonsterKillCount'.
[20:57:58] EXEC IGC_Monster_KillCount_Save 'isk5', 447
[20:57:58] SQLSTATE: 42S02, Diagnosis: [Microsoft][ODBC SQL Server Driver][SQL Server]Invalid object name 'MonsterKillCount'.
[20:57:58] EXEC IGC_Monster_KillCount_Save '4Mage', 484
[20:57:58] SQLSTATE: 42S02, Diagnosis: [Microsoft][ODBC SQL Server Driver][SQL Server]Invalid object name 'MonsterKillCount'.
[20:57:58] EXEC IGC_Monster_KillCount_Save '3KunDun', 484
[20:57:58] SQLSTATE: 42S02, Diagnosis: [Microsoft][ODBC SQL Server Driver][SQL Server]Invalid object name 'MonsterKillCount'.
[20:57:58] EXEC IGC_Monster_KillCount_Save 'Sm87', 768
[20:57:58] SQLSTATE: 42S02, Diagnosis: [Microsoft][ODBC SQL Server Driver][SQL Server]Invalid object name 'MonsterKillCount'.
[20:57:58] EXEC IGC_Monster_KillCount_Save 'buffff', 810
[20:57:58] SQLSTATE: 42S02, Diagnosis: [Microsoft][ODBC SQL Server Driver][SQL Server]Invalid object name 'MonsterKillCount'.
[20:57:58] EXEC IGC_HuntingRecordLoad_Current 'svin', 'Yamato', 56, 2024, 12, 27
[20:57:58] EXEC IGC_HuntingRecordLoad 'svin', 'Yamato', 56
[20:57:58] EXEC IGC_Monster_KillCount_Save 'refuseLem', 310
[20:57:58] SQLSTATE: 42S02, Diagnosis: [Microsoft][ODBC SQL Server Driver][SQL Server]Invalid object name 'MonsterKillCount'.
[20:57:58] EXEC IGC_Monster_KillCount_Save 'HongAnhSL', 70
[20:57:58] SQLSTATE: 42S02, Diagnosis: [Microsoft][ODBC SQL Server Driver][SQL Server]Invalid object name 'MonsterKillCount'.
[20:57:58] EXEC IGC_Monster_KillCount_Save 'AoVL', 455
[20:57:58] SQLSTATE: 42S02, Diagnosis: [Microsoft][ODBC SQL Server Driver][SQL Server]Invalid object name 'MonsterKillCount'.
[20:57:58] EXEC IGC_Monster_KillCount_Save 'ikacko', 487
[20:57:58] SQLSTATE: 42S02, Diagnosis: [Microsoft][ODBC SQL Server Driver][SQL Server]Invalid object name 'MonsterKillCount'.
[20:57:58] EXEC IGC_Monster_KillCount_Save 'HongAnhGL', 730
[20:57:58] SQLSTATE: 42S02, Diagnosis: [Microsoft][ODBC SQL Server Driver][SQL Server]Invalid object name 'MonsterKillCount'.
[20:57:58] EXEC IGC_Monster_KillCount_Save 'zZElfHitZz', 770
[20:57:58] SQLSTATE: 42S02, Diagnosis: [Microsoft][ODBC SQL Server Driver][SQL Server]Invalid object name 'MonsterKillCount'.
[20:57:58] EXEC IGC_Monster_KillCount_Save 'zZElfHitZz', 770
[20:57:58] SQLSTATE: 42S02, Diagnosis: [Microsoft][ODBC SQL Server Driver][SQL Server]Invalid object name 'MonsterKillCount'.
[20:57:58] EXEC IGC_Monster_KillCount_Save 'zZElfHitZz', 770
[20:57:58] SQLSTATE: 42S02, Diagnosis: [Microsoft][ODBC SQL Server Driver][SQL Server]Invalid object name 'MonsterKillCount'.
[20:57:58] EXEC IGC_Monster_KillCount_Save 'Mace', 456
[20:57:58] SQLSTATE: 42S02, Diagnosis: [Microsoft][ODBC SQL Server Driver][SQL Server]Invalid object name 'MonsterKillCount'.
[20:57:58] EXEC IGC_Monster_KillCount_Save '7event', 20
[20:57:58] SQLSTATE: 42S02, Diagnosis: [Microsoft][ODBC SQL Server Driver][SQL Server]Invalid object name 'MonsterKillCount'.
[20:57:58] EXEC IGC_Monster_KillCount_Save 'isk6', 20
[20:57:58] SQLSTATE: 42S02, Diagnosis: [Microsoft][ODBC SQL Server Driver][SQL Server]Invalid object name 'MonsterKillCount'.
[20:57:58] EXEC IGC_Monster_KillCount_Save 'Lancer', 35
[20:57:58] SQLSTATE: 42S02, Diagnosis: [Microsoft][ODBC SQL Server Driver][SQL Server]Invalid object name 'MonsterKillCount'.
[20:57:58] EXEC IGC_Monster_KillCount_Save 'Canalha', 39
[20:57:58] SQLSTATE: 42S02, Diagnosis: [Microsoft][ODBC SQL Server Driver][SQL Server]Invalid object name 'MonsterKillCount'.
[20:57:58] EXEC IGC_Monster_KillCount_Save 'RatLaVaiL', 40
[20:57:58] SQLSTATE: 42S02, Diagnosis: [Microsoft][ODBC SQL Server Driver][SQL Server]Invalid object name 'MonsterKillCount'.
[20:57:58] EXEC IGC_Monster_KillCount_Save 'TOP1FARMJW', 351
[20:57:58] SQLSTATE: 42S02, Diagnosis: [Microsoft][ODBC SQL Server Driver][SQL Server]Invalid object name 'MonsterKillCount'.
[20:57:58] EXEC IGC_Monster_KillCount_Save 'bbbbb', 353
[20:57:58] SQLSTATE: 42S02, Diagnosis: [Microsoft][ODBC SQL Server Driver][SQL Server]Invalid object name 'MonsterKillCount'.
[20:57:58] EXEC IGC_Monster_KillCount_Save '4Mage', 484
[20:57:58] SQLSTATE: 42S02, Diagnosis: [Microsoft][ODBC SQL Server Driver][SQL Server]Invalid object name 'MonsterKillCount'.
[20:57:58] EXEC IGC_Monster_KillCount_Save 'MisterMD', 608
[20:57:58] SQLSTATE: 42S02, Diagnosis: [Microsoft][ODBC SQL Server Driver][SQL Server]Invalid object name 'MonsterKillCount'.
[20:57:58] EXEC IGC_Monster_KillCount_Save 'Zlato4ka', 609
[20:57:58] SQLSTATE: 42S02, Diagnosis: [Microsoft][ODBC SQL Server Driver][SQL Server]Invalid object name 'MonsterKillCount'.
[20:57:58] EXEC IGC_Monster_KillCount_Save 'Basaev', 670
[20:57:58] SQLSTATE: 42S02, Diagnosis: [Microsoft][ODBC SQL Server Driver][SQL Server]Invalid object name 'MonsterKillCount'.
[20:57:58] EXEC IGC_Monster_KillCount_Save '5MAGUS', 770
[20:57:58] SQLSTATE: 42S02, Diagnosis: [Microsoft][ODBC SQL Server Driver][SQL Server]Invalid object name 'MonsterKillCount'.
[20:57:58] EXEC IGC_Monster_KillCount_Save 'Kiborg', 771
[20:57:58] SQLSTATE: 42S02, Diagnosis: [Microsoft][ODBC SQL Server Driver][SQL Server]Invalid object name 'MonsterKillCount'.
[20:57:58] EXEC IGC_Monster_KillCount_Save 'MeFace', 771
[20:57:58] SQLSTATE: 42S02, Diagnosis: [Microsoft][ODBC SQL Server Driver][SQL Server]Invalid object name 'MonsterKillCount'.
[20:57:58] EXEC IGC_Monster_KillCount_Save 'Elvis', 789
[20:57:58] SQLSTATE: 42S02, Diagnosis: [Microsoft][ODBC SQL Server Driver][SQL Server]Invalid object name 'MonsterKillCount'.
[20:57:58] EXEC IGC_Monster_KillCount_Save 'Ruub', 358
[20:57:58] SQLSTATE: 42S02, Diagnosis: [Microsoft][ODBC SQL Server Driver][SQL Server]Invalid object name 'MonsterKillCount'.
[20:57:58] EXEC IGC_Monster_KillCount_Save 'TDLove3', 569
[20:57:58] SQLSTATE: 42S02, Diagnosis: [Microsoft][ODBC SQL Server Driver][SQL Server]Invalid object name 'MonsterKillCount'.
[20:57:58] EXEC IGC_Monster_KillCount_Save 'TDLove3', 569
[20:57:58] SQLSTATE: 42S02, Diagnosis: [Microsoft][ODBC SQL Server Driver][SQL Server]Invalid object name 'MonsterKillCount'.
[20:57:58] EXEC IGC_Monster_KillCount_Save 'TDLove3', 569
[20:57:58] SQLSTATE: 42S02, Diagnosis: [Microsoft][ODBC SQL Server Driver][SQL Server]Invalid object name 'MonsterKillCount'.
[20:57:58] EXEC IGC_Monster_KillCount_Save 'TDLove3', 569
[20:57:58] SQLSTATE: 42S02, Diagnosis: [Microsoft][ODBC SQL Server Driver][SQL Server]Invalid object name 'MonsterKillCount'.
[20:57:58] EXEC IGC_Monster_KillCount_Save 'TDLove3', 569
[20:57:58] SQLSTATE: 42S02, Diagnosis: [Microsoft][ODBC SQL Server Driver][SQL Server]Invalid object name 'MonsterKillCount'.
[20:57:58] EXEC IGC_Monster_KillCount_Save 'Mrdka', 743
[20:57:58] SQLSTATE: 42S02, Diagnosis: [Microsoft][ODBC SQL Server Driver][SQL Server]Invalid object name 'MonsterKillCount'.
[20:57:59] EXEC IGC_Monster_KillCount_Save 'Akhsharis', 1
[20:57:59] SQLSTATE: 42S02, Diagnosis: [Microsoft][ODBC SQL Server Driver][SQL Server]Invalid object name 'MonsterKillCount'.
[20:57:59] EXEC IGC_Monster_KillCount_Save '7event', 20
[20:57:59] SQLSTATE: 42S02, Diagnosis: [Microsoft][ODBC SQL Server Driver][SQL Server]Invalid object name 'MonsterKillCount'.
[20:57:59] EXEC IGC_Monster_KillCount_Save 'isker', 449
[20:57:59] SQLSTATE: 42S02, Diagnosis: [Microsoft][ODBC SQL Server Driver][SQL Server]Invalid object name 'MonsterKillCount'.
[20:57:59] EXEC IGC_Monster_KillCount_Save '05IK', 484
[20:57:59] SQLSTATE: 42S02, Diagnosis: [Microsoft][ODBC SQL Server Driver][SQL Server]Invalid object name 'MonsterKillCount'.
[20:57:59] EXEC IGC_Monster_KillCount_Save '05IK', 484
[20:57:59] SQLSTATE: 42S02, Diagnosis: [Microsoft][ODBC SQL Server Driver][SQL Server]Invalid object name 'MonsterKillCount'.
[20:57:59] EXEC IGC_Monster_KillCount_Save '05IK', 484
[20:57:59] SQLSTATE: 42S02, Diagnosis: [Microsoft][ODBC SQL Server Driver][SQL Server]Invalid object name 'MonsterKillCount'.
[20:57:59] EXEC IGC_Monster_KillCount_Save '05IK', 484
[20:57:59] SQLSTATE: 42S02, Diagnosis: [Microsoft][ODBC SQL Server Driver][SQL Server]Invalid object name 'MonsterKillCount'.
[20:57:59] EXEC IGC_Monster_KillCount_Save '05IK', 484
[20:57:59] SQLSTATE: 42S02, Diagnosis: [Microsoft][ODBC SQL Server Driver][SQL Server]Invalid object name 'MonsterKillCount'.
[20:57:59] EXEC IGC_Monster_KillCount_Save 'Resnis', 768
[20:57:59] SQLSTATE: 42S02, Diagnosis: [Microsoft][ODBC SQL Server Driver][SQL Server]Invalid object name 'MonsterKillCount'.
[20:57:59] EXEC IGC_Monster_KillCount_Save 'CS116', 768
[20:57:59] SQLSTATE: 42S02, Diagnosis: [Microsoft][ODBC SQL Server Driver][SQL Server]Invalid object name 'MonsterKillCount'.
[20:57:59] EXEC IGC_Monster_KillCount_Save 'iskerka', 787
[20:57:59] SQLSTATE: 42S02, Diagnosis: [Microsoft][ODBC SQL Server Driver][SQL Server]Invalid object name 'MonsterKillCount'.
[20:57:59] EXEC IGC_Monster_KillCount_Save 'refuseMG', 311
[20:57:59] SQLSTATE: 42S02, Diagnosis: [Microsoft][ODBC SQL Server Driver][SQL Server]Invalid object name 'MonsterKillCount'.
[20:57:59] EXEC IGC_Monster_KillCount_Save 'DTLove9', 573
[20:57:59] SQLSTATE: 42S02, Diagnosis: [Microsoft][ODBC SQL Server Driver][SQL Server]Invalid object name 'MonsterKillCount'.
[20:57:59] EXEC IGC_Monster_KillCount_Save 'HongAnhGL', 731
[20:57:59] SQLSTATE: 42S02, Diagnosis: [Microsoft][ODBC SQL Server Driver][SQL Server]Invalid object name 'MonsterKillCount'.
[20:57:59] EXEC IGC_Monster_KillCount_Save 'uckyBcTBo', 767
[20:57:59] SQLSTATE: 42S02, Diagnosis: [Microsoft][ODBC SQL Server Driver][SQL Server]Invalid object name 'MonsterKillCount'.
[20:57:59] EXEC IGC_Monster_KillCount_Save 'MaczBuffer', 767
[20:57:59] SQLSTATE: 42S02, Diagnosis: [Microsoft][ODBC SQL Server Driver][SQL Server]Invalid object name 'MonsterKillCount'.
[20:57:59] EXEC IGC_Monster_KillCount_Save 'DarkIK', 770
[20:57:59] SQLSTATE: 42S02, Diagnosis: [Microsoft][ODBC SQL Server Driver][SQL Server]Invalid object name 'MonsterKillCount'.
[20:57:59] EXEC IGC_Monster_KillCount_Save 'DarkIK', 770
[20:57:59] SQLSTATE: 42S02, Diagnosis: [Microsoft][ODBC SQL Server Driver][SQL Server]Invalid object name 'MonsterKillCount'.
[20:57:59] SELECT Name FROM IGC_FavouriteWarpData WHERE Name = 'MissMD'
[20:57:59] UPDATE IGC_FavouriteWarpData SET WarpIndex_1 = -1, WarpMapNum_1 = -1, WarpIndex_2 = -1, WarpMapNum_2 = -1, WarpIndex_3 = -1, WarpMapNum_3 = -1, WarpIndex_4 = -1, WarpMapNum_4 = -1, WarpIndex_5 = -1, WarpMapNum_5 = -1 WHERE Name = 'MissMD'
[20:57:59] EXEC IGC_HuntingRecordInfoSave 'akhsharis', 'Akhsharis', 0, 2024, 12, 27, 16, 122, 3567, 758, 0, 37, 62220, 1, 49, 40, 43, 26, 0, 0
[20:57:59] EXEC IGC_Monster_KillCount_Save 'isk6', 20
[20:57:59] SQLSTATE: 42S02, Diagnosis: [Microsoft][ODBC SQL Server Driver][SQL Server]Invalid object name 'MonsterKillCount'.
[20:57:59] EXEC IGC_Monster_KillCount_Save 'Canalha', 39
[20:57:59] SQLSTATE: 42S02, Diagnosis: [Microsoft][ODBC SQL Server Driver][SQL Server]Invalid object name 'MonsterKillCount'.
[20:57:59] EXEC IGC_Monster_KillCount_Save 'Ruud', 358
[20:57:59] SQLSTATE: 42S02, Diagnosis: [Microsoft][ODBC SQL Server Driver][SQL Server]Invalid object name 'MonsterKillCount'.
[20:57:59] EXEC IGC_Monster_KillCount_Save 'Hocok', 446
[20:57:59] SQLSTATE: 42S02, Diagnosis: [Microsoft][ODBC SQL Server Driver][SQL Server]Invalid object name 'MonsterKillCount'.
[20:57:59] EXEC IGC_Monster_KillCount_Save '4Mage', 484
[20:57:59] SQLSTATE: 42S02, Diagnosis: [Microsoft][ODBC SQL Server Driver][SQL Server]Invalid object name 'MonsterKillCount'.
[20:57:59] EXEC IGC_Monster_KillCount_Save 'Zlato4ka', 609
[20:57:59] SQLSTATE: 42S02, Diagnosis: [Microsoft][ODBC SQL Server Driver][SQL Server]Invalid object name 'MonsterKillCount'.
[20:57:59] EXEC IGC_Monster_KillCount_Save 'BlackWidow', 713
[20:57:59] SQLSTATE: 42S02, Diagnosis: [Microsoft][ODBC SQL Server Driver][SQL Server]Invalid object name 'MonsterKillCount'.
[20:57:59] EXEC IGC_Monster_KillCount_Save 'BlackWidow', 713
[20:57:59] SQLSTATE: 42S02, Diagnosis: [Microsoft][ODBC SQL Server Driver][SQL Server]Invalid object name 'MonsterKillCount'.
[20:57:59] EXEC IGC_Monster_KillCount_Save 'Barawar', 714
[20:57:59] SQLSTATE: 42S02, Diagnosis: [Microsoft][ODBC SQL Server Driver][SQL Server]Invalid object name 'MonsterKillCount'.
[20:57:59] EXEC IGC_Monster_KillCount_Save 'Ruub', 358
[20:57:59] SQLSTATE: 42S02, Diagnosis: [Microsoft][ODBC SQL Server Driver][SQL Server]Invalid object name 'MonsterKillCount'.
[20:57:59] EXEC IGC_Monster_KillCount_Save 'AoVL', 455
[20:58:00] SQLSTATE: 42S02, Diagnosis: [Microsoft][ODBC SQL Server Driver][SQL Server]Invalid object name 'MonsterKillCount'.
[20:58:00] EXEC IGC_Monster_KillCount_Save '8HAPPIER', 45
[20:58:00] SQLSTATE: 42S02, Diagnosis: [Microsoft][ODBC SQL Server Driver][SQL Server]Invalid object name 'MonsterKillCount'.
[20:58:00] EXEC IGC_Monster_KillCount_Save 'refuseDL', 69
[20:58:00] SQLSTATE: 42S02, Diagnosis: [Microsoft][ODBC SQL Server Driver][SQL Server]Invalid object name 'MonsterKillCount'.
[20:58:00] EXEC IGC_Monster_KillCount_Save 'aaaaaaaaaa', 443
[20:58:00] SQLSTATE: 42S02, Diagnosis: [Microsoft][ODBC SQL Server Driver][SQL Server]Invalid object name 'MonsterKillCount'.
[20:58:00] EXEC IGC_Monster_KillCount_Save 'aaaaaaaaaa', 443
[20:58:00] SQLSTATE: 42S02, Diagnosis: [Microsoft][ODBC SQL Server Driver][SQL Server]Invalid object name 'MonsterKillCount'.
[20:58:00] EXEC IGC_Monster_KillCount_Save '3WindSoul', 445
[20:58:00] SQLSTATE: 42S02, Diagnosis: [Microsoft][ODBC SQL Server Driver][SQL Server]Invalid object name 'MonsterKillCount'.
[20:58:00] EXEC IGC_Monster_KillCount_Save 'Zlato4ka', 609
[20:58:00] SQLSTATE: 42S02, Diagnosis: [Microsoft][ODBC SQL Server Driver][SQL Server]Invalid object name 'MonsterKillCount'.
[20:58:00] EXEC IGC_Monster_KillCount_Save 'BlackWidow', 713
[20:58:00] SQLSTATE: 42S02, Diagnosis: [Microsoft][ODBC SQL Server Driver][SQL Server]Invalid object name 'MonsterKillCount'.
[20:58:00] EXEC IGC_Monster_KillCount_Save 'BlackWidow', 713
[20:58:00] SQLSTATE: 42S02, Diagnosis: [Microsoft][ODBC SQL Server Driver][SQL Server]Invalid object name 'MonsterKillCount'.
[20:58:00] EXEC IGC_Monster_KillCount_Save 'The6', 730
[20:58:00] SQLSTATE: 42S02, Diagnosis: [Microsoft][ODBC SQL Server Driver][SQL Server]Invalid object name 'MonsterKillCount'.
[20:58:00] EXEC IGC_Monster_KillCount_Save 'The6', 730
[20:58:00] SQLSTATE: 42S02, Diagnosis: [Microsoft][ODBC SQL Server Driver][SQL Server]Invalid object name 'MonsterKillCount'.
[20:58:00] EXEC IGC_Monster_KillCount_Save 'The6', 731
[20:58:00] SQLSTATE: 42S02, Diagnosis: [Microsoft][ODBC SQL Server Driver][SQL Server]Invalid object name 'MonsterKillCount'.
[20:58:00] EXEC IGC_Monster_KillCount_Save 'MeFace', 771
[20:58:00] SQLSTATE: 42S02, Diagnosis: [Microsoft][ODBC SQL Server Driver][SQL Server]Invalid object name 'MonsterKillCount'.
[20:58:00] EXEC IGC_Monster_KillCount_Save 'MuTMuck', 787
[20:58:00] SQLSTATE: 42S02, Diagnosis: [Microsoft][ODBC SQL Server Driver][SQL Server]Invalid object name 'MonsterKillCount'.
[20:58:00] EXEC IGC_Monster_KillCount_Save 'DTLove10', 569
[20:58:00] SQLSTATE: 42S02, Diagnosis: [Microsoft][ODBC SQL Server Driver][SQL Server]Invalid object name 'MonsterKillCount'.
[20:58:00] EXEC IGC_Monster_KillCount_Save 'DTLove10', 569
[20:58:00] SQLSTATE: 42S02, Diagnosis: [Microsoft][ODBC SQL Server Driver][SQL Server]Invalid object name 'MonsterKillCount'.
[20:58:00] EXEC IGC_Monster_KillCount_Save 'DTLove10', 569
[20:58:00] SQLSTATE: 42S02, Diagnosis: [Microsoft][ODBC SQL Server Driver][SQL Server]Invalid object name 'MonsterKillCount'.
[20:58:00] EXEC IGC_Monster_KillCount_Save 'Scythe', 575
[20:58:00] SQLSTATE: 42S02, Diagnosis: [Microsoft][ODBC SQL Server Driver][SQL Server]Invalid object name 'MonsterKillCount'.
[20:58:00] EXEC IGC_Monster_KillCount_Save 'Ulquiora', 575
[20:58:00] SQLSTATE: 42S02, Diagnosis: [Microsoft][ODBC SQL Server Driver][SQL Server]Invalid object name 'MonsterKillCount'.
[20:58:00] EXEC IGC_Monster_KillCount_Save 'Mrdka', 743
[20:58:00] SQLSTATE: 42S02, Diagnosis: [Microsoft][ODBC SQL Server Driver][SQL Server]Invalid object name 'MonsterKillCount'.
[20:58:00] EXEC IGC_Monster_KillCount_Save 'uckyBcTBo', 767
[20:58:00] SQLSTATE: 42S02, Diagnosis: [Microsoft][ODBC SQL Server Driver][SQL Server]Invalid object name 'MonsterKillCount'.
[20:58:00] EXEC IGC_Monster_KillCount_Save 'Mace', 456
[20:58:00] SQLSTATE: 42S02, Diagnosis: [Microsoft][ODBC SQL Server Driver][SQL Server]Invalid object name 'MonsterKillCount'.
[20:58:00] EXEC IGC_Monster_KillCount_Save 'Resnais', 768
[20:58:00] SQLSTATE: 42S02, Diagnosis: [Microsoft][ODBC SQL Server Driver][SQL Server]Invalid object name 'MonsterKillCount'.
[20:58:00] EXEC IGC_Monster_KillCount_Save 'Saken', 772
[20:58:00] SQLSTATE: 42S02, Diagnosis: [Microsoft][ODBC SQL Server Driver][SQL Server]Invalid object name 'MonsterKillCount'.
[20:58:00] EXEC IGC_Monster_KillCount_Save 'Canalha', 39
[20:58:00] SQLSTATE: 42S02, Diagnosis: [Microsoft][ODBC SQL Server Driver][SQL Server]Invalid object name 'MonsterKillCount'.
[20:58:00] EXEC IGC_Monster_KillCount_Save 'refuseDL', 69
[20:58:00] SQLSTATE: 42S02, Diagnosis: [Microsoft][ODBC SQL Server Driver][SQL Server]Invalid object name 'MonsterKillCount'.
[20:58:00] EXEC IGC_Monster_KillCount_Save 'Duud', 444
[20:58:00] SQLSTATE: 42S02, Diagnosis: [Microsoft][ODBC SQL Server Driver][SQL Server]Invalid object name 'MonsterKillCount'.
[20:58:00] EXEC IGC_Monster_KillCount_Save 'isker', 449
[20:58:00] SQLSTATE: 42S02, Diagnosis: [Microsoft][ODBC SQL Server Driver][SQL Server]Invalid object name 'MonsterKillCount'.
[20:58:00] EXEC IGC_Monster_KillCount_Save '06SL', 480
[20:58:00] SQLSTATE: 42S02, Diagnosis: [Microsoft][ODBC SQL Server Driver][SQL Server]Invalid object name 'MonsterKillCount'.
[20:58:00] EXEC IGC_Monster_KillCount_Save 'BHuMaHuE', 670
[20:58:00] SQLSTATE: 42S02, Diagnosis: [Microsoft][ODBC SQL Server Driver][SQL Server]Invalid object name 'MonsterKillCount'.
[20:58:00] EXEC IGC_Monster_KillCount_Save 'BHuMaHuE', 670
[20:58:00] SQLSTATE: 42S02, Diagnosis: [Microsoft][ODBC SQL Server Driver][SQL Server]Invalid object name 'MonsterKillCount'.
[20:58:00] UPDATE Character SET cLevel=400, mLevel=496, Class=7,LevelUpPoint=0, mlPoint=0, Experience=3844823669, mlExperience=27682558800, mlNextExp=47824359459, Strength=400, Dexterity=871, Vitality=15, Energy=1160, Money=78794609, Life=6159.000000, MaxLife=1103.000000, Mana=8072.000000, MaxMana=4406.000000, MapNumber=122, MapPosX=151, MapPosY=18, MapDir=1, PkCount=0, PkLevel=3, PkTime=0, Leadership=0, ChatLimitTime=0, RESETS = 0, Married = 0, MarryName = '', WinDuels=0, LoseDuels=0, BlockChatTime=0, PenaltyMask=0, Ruud=191383, OpenHuntingLog=0, StatGP=0, StatCoin=0, i4thSkillPoint=0, AddStrength=0, AddDexterity=0, AddVitality=0, AddEnergy=0, FruitAddPoint=0, FruitDecPoint=0, GrandResets=0, MonStat=0, Age=0, CJL=0, SIC=0, WingCoreType=255, WingCoreLevel=255, GiantMountType=0, GiantMountWear=0, AddLeadership=0 WHERE Name = 'MuTMuck'
[20:58:00] EXEC IGC_Monster_KillCount_Save 'AstroX', 730
[20:58:00] SQLSTATE: 42S02, Diagnosis: [Microsoft][ODBC SQL Server Driver][SQL Server]Invalid object name 'MonsterKillCount'.
[20:58:00] EXEC IGC_Monster_KillCount_Save 'The6', 730
[20:58:00] SQLSTATE: 42S02, Diagnosis: [Microsoft][ODBC SQL Server Driver][SQL Server]Invalid object name 'MonsterKillCount'.
[20:58:00] EXEC IGC_GensSave 'MuTMuck', 14, 0
[20:58:00] EXEC IGC_Monster_KillCount_Save 'Buff666', 768
[20:58:00] SQLSTATE: 42S02, Diagnosis: [Microsoft][ODBC SQL Server Driver][SQL Server]Invalid object name 'MonsterKillCount'.
[20:58:00] EXEC IGC_Monster_KillCount_Save 'FunnyBunny', 771
[20:58:00] SQLSTATE: 42S02, Diagnosis: [Microsoft][ODBC SQL Server Driver][SQL Server]Invalid object name 'MonsterKillCount'.
[20:58:00] EXEC IGC_Monster_KillCount_Save 'AutoBuff', 786
[20:58:00] SQLSTATE: 42S02, Diagnosis: [Microsoft][ODBC SQL Server Driver][SQL Server]Invalid object name 'MonsterKillCount'.
[20:58:00] EXEC IGC_Monster_KillCount_Save 'VNZzGLzZVN', 786
[20:58:00] SQLSTATE: 42S02, Diagnosis: [Microsoft][ODBC SQL Server Driver][SQL Server]Invalid object name 'MonsterKillCount'.
[20:58:00] EXEC IGC_Monster_KillCount_Save 'KimChuaXau', 786
[20:58:00] SQLSTATE: 42S02, Diagnosis: [Microsoft][ODBC SQL Server Driver][SQL Server]Invalid object name 'MonsterKillCount'.
[20:58:00] EXEC IGC_Monster_KillCount_Save 'G123', 789
[20:58:00] SQLSTATE: 42S02, Diagnosis: [Microsoft][ODBC SQL Server Driver][SQL Server]Invalid object name 'MonsterKillCount'.
[20:58:00] SELECT Serial FROM IGC_HarmonyItemData WHERE Serial=1700322
[20:58:00] UPDATE IGC_HarmonyItemData SET Opt1=2, Opt1value=6, Opt2=10, Opt2value=10, Opt3=4, Opt3value=500 WHERE Serial=1700322
[20:58:00] UPDATE Character SET Inventory=? WHERE Name='MuTMuck'
[20:58:00] EXEC IGC_PentagramInfoUpdate 623, 'mutmuck', 'MuTMuck', 0, 0, 12, 241, 19, 0, 1, 0, 15, 15, 15, 15, 15, 15, 15, 15, 15
[20:58:00] DELETE FROM IGC_GensAbuse WHERE Name = 'MuTMuck'
[20:58:00] EXEC IGC_GensSave 'iskeera', 16, 0
[20:58:00] UPDATE Character SET MagicList=? WHERE Name='MuTMuck'
[20:58:00] EXEC IGC_PentagramInfoUpdate 623, 'mutmuck', 'MuTMuck', 1, 0, 12, 222, 17, 0, 14, 0, 15, 15, 15, 15, 15, 15, 15, 15, 15
[20:58:00] DELETE FROM IGC_GensAbuse WHERE Name = 'iskeera'
[20:58:00] EXEC IGC_GensSave 'iskunnd', 16, 0
[20:58:00] UPDATE Character SET Quest=? WHERE Name='MuTMuck'
[20:58:00] EXEC IGC_PentagramInfoUpdate 623, 'mutmuck', 'MuTMuck', 1, 1, 12, 232, 17, 0, 14, 0, 15, 15, 15, 15, 15, 15, 15, 15, 15
[20:58:00] DELETE FROM IGC_GensAbuse WHERE Name = 'iskunnd'
[20:58:00] EXEC IGC_GensSave 'iskeer', 17, 0
[20:58:00] EXEC IGC_ClassQuest_MonsterKillSave 'MuTMuck', -1, -1, 0, -1, 0, -1, 0, -1, 0, -1, 0
[20:58:00] EXEC IGC_PentagramInfoUpdate 623, 'mutmuck', 'MuTMuck', 1, 2, 12, 242, 17, 0, 14, 0, 15, 15, 15, 15, 15, 15, 15, 15, 15
[20:58:00] DELETE FROM IGC_GensAbuse WHERE Name = 'iskeer'
[20:58:00] UPDATE IGC_Muun_Inventory SET Items=? WHERE Name='MuTMuck'
[20:58:00] EXEC IGC_PentagramInfoUpdate 623, 'mutmuck', 'MuTMuck', 1, 3, 12, 252, 17, 0, 14, 0, 15, 15, 15, 15, 15, 15, 15, 15, 15
[20:58:00] EXEC IGC_MuunConditionInfoSetSave 'MuTMuck', 0, 255, 0
[20:58:00] UPDATE T_Event_Inventory SET Inventory=? WHERE Name = 'MuTMuck'
[20:58:00] EXEC IGC_MuunConditionInfoSetSave 'MuTMuck', 1, 255, 0
[20:58:00] EXEC IGC_EvolutionMonsterInfoSave 'mutmuck', 'MuTMuck', -1, 0, 0, -1, 0, 0, -1, 0, 0, -1, 0, 0, -1, 0, 0, 0
[20:58:00] EXEC IGC_MuunConditionInfoSetSave 'MuTMuck', 2, 255, 0
[20:58:00] EXEC IGC_SetSaveRestoreInventory 'mutmuck', 'MuTMuck', ?
[20:58:00] EXEC IGC_ArtifactUpdate 'MuTMuck', 34, 2806955, 0, 3, 15, 6, 255, 0, 255, 0, 0, 0
[20:58:00] EXEC IGC_EventMapEnterCount_Set 'MuTMuck', 1, 0, 1, 1, 0, 0, 0
[20:58:00] UPDATE Character SET cLevel=400, mLevel=508, Class=39,LevelUpPoint=0, mlPoint=1, Experience=3892325200, mlExperience=12998728356, mlNextExp=51424359459, Strength=207, Dexterity=208, Vitality=20, Energy=2012, Money=1104791841, Life=6062.000000, MaxLife=1281.000000, Mana=8350.000000, MaxMana=4954.000000, MapNumber=122, MapPosX=150, MapPosY=18, MapDir=3, PkCount=0, PkLevel=3, PkTime=0, Leadership=0, ChatLimitTime=0, RESETS = 0, Married = 0, MarryName = '', WinDuels=0, LoseDuels=0, BlockChatTime=0, PenaltyMask=0, Ruud=53854, OpenHuntingLog=0, StatGP=0, StatCoin=0, i4thSkillPoint=8, AddStrength=0, AddDexterity=0, AddVitality=0, AddEnergy=152, FruitAddPoint=0, FruitDecPoint=0, GrandResets=0, MonStat=0, Age=0, CJL=0, SIC=0, WingCoreType=255, WingCoreLevel=255, GiantMountType=0, GiantMountWear=0, AddLeadership=0 WHERE Name = 'iskeera'
[20:58:00] EXEC IGC_HuntingRecordInfoSave 'mutmuck', 'MuTMuck', 122, 2024, 12, 27, 896, 26809, 2172962192, 87239339, 0, 2099, 64265210499, 0, 27588, 303, 603, 34, 0, 24543
[20:58:00] UPDATE Character SET Inventory=? WHERE Name='iskeera'
[20:58:00] EXEC IGC_HuntingRecordInfoUserOpenSave 'mutmuck', 'MuTMuck', 1
[20:58:00] UPDATE Character SET MagicList=? WHERE Name='iskeera'
[20:58:00] DELETE FROM IGC_BlockChat WHERE Name = 'MuTMuck'
[20:58:00] UPDATE Character SET Quest=? WHERE Name='iskeera'
[20:58:00] EXEC IGC_ClassQuest_MonsterKillSave 'iskeera', -1, -1, 0, -1, 0, -1, 0, -1, 0, -1, 0
[20:58:00] EXEC IGC_ResetInfoSave 682, 0
[20:58:00] UPDATE IGC_Muun_Inventory SET Items=? WHERE Name='iskeera'
[20:58:00] SELECT character_id FROM IGC_SeasonPass WHERE character_id = 682
[20:58:00] UPDATE IGC_SeasonPass SET pass_id = 1, pass_type = 0, pass_level = 6, pass_experience = 1515, complete_mission = 9, today_exp = 168, mu_pass_reward = 6, gold_pass_reward = 0, premium_pass_reward = 0, last_login = 1735322280 WHERE character_id = 682
[20:58:00] EXEC IGC_MuunConditionInfoSetSave 'iskeera', 0, 255, 0
[20:58:00] SELECT character_id FROM IGC_SeasonPassTicket WHERE character_id = 682
[20:58:00] UPDATE IGC_SeasonPassTicket SET ticket_count = 0, special_point = 0 WHERE character_id = 682
[20:58:00] EXEC IGC_MuunConditionInfoSetSave 'iskeera', 1, 255, 0
[20:58:00] DELETE FROM IGC_SeasonPassMission WHERE character_id = 682
[20:58:00] EXEC IGC_MuunConditionInfoSetSave 'iskeera', 2, 255, 0
[20:58:00] INSERT INTO IGC_SeasonPassMission (character_id, mission_index, mission_type, current_step, current_amount) VALUES (682, 0, 0, 10, 2160)
[20:58:00] UPDATE Character SET cLevel=400, mLevel=505, Class=183,LevelUpPoint=0, mlPoint=3, Experience=3892327200, mlExperience=36525301800, mlNextExp=50524359459, Strength=227, Dexterity=762, Vitality=15, Energy=1444, Money=190451703, Life=7860.000000, MaxLife=2174.000000, Mana=9029.000000, MaxMana=5162.000000, MapNumber=122, MapPosX=150, MapPosY=19, MapDir=2, PkCount=0, PkLevel=3, PkTime=0, Leadership=0, ChatLimitTime=0, RESETS = 0, Married = 0, MarryName = '', WinDuels=0, LoseDuels=0, BlockChatTime=0, PenaltyMask=0, Ruud=67347, OpenHuntingLog=0, StatGP=0, StatCoin=0, i4thSkillPoint=3, AddStrength=0, AddDexterity=0, AddVitality=0, AddEnergy=0, FruitAddPoint=0, FruitDecPoint=0, GrandResets=0, MonStat=0, Age=0, CJL=0, SIC=0, WingCoreType=255, WingCoreLevel=255, GiantMountType=0, GiantMountWear=0, AddLeadership=0 WHERE Name = 'iskunnd'
[20:58:00] INSERT INTO IGC_SeasonPassMission (character_id, mission_index, mission_type, current_step, current_amount) VALUES (682, 1, 1, 2, 740)
[20:58:00] UPDATE Character SET Inventory=? WHERE Name='iskunnd'
[20:58:00] INSERT INTO IGC_SeasonPassMission (character_id, mission_index, mission_type, current_step, current_amount) VALUES (682, 2, 2, 5, 34522)
[20:58:00] UPDATE Character SET MagicList=? WHERE Name='iskunnd'
[20:58:00] INSERT INTO IGC_SeasonPassMission (character_id, mission_index, mission_type, current_step, current_amount) VALUES (682, 3, 3, 3, 15)
[20:58:00] UPDATE Character SET Quest=? WHERE Name='iskunnd'
[20:58:00] INSERT INTO IGC_SeasonPassMission (character_id, mission_index, mission_type, current_step, current_amount) VALUES (682, 4, 4, 3, 6)
[20:58:00] EXEC IGC_ClassQuest_MonsterKillSave 'iskunnd', -1, -1, 0, -1, 0, -1, 0, -1, 0, -1, 0
[20:58:00] INSERT INTO IGC_SeasonPassMission (character_id, mission_index, mission_type, current_step, current_amount) VALUES (682, 7, 7, 1, 5)
[20:58:00] INSERT INTO IGC_SeasonPassMission (character_id, mission_index, mission_type, current_step, current_amount) VALUES (682, 11, 11, 1, 1)
[20:58:00] UPDATE IGC_Muun_Inventory SET Items=? WHERE Name='iskunnd'
[20:58:00] INSERT INTO IGC_SeasonPassMission (character_id, mission_index, mission_type, current_step, current_amount) VALUES (682, 17, 17, 1, 1)
[20:58:00] EXEC IGC_MuunConditionInfoSetSave 'iskunnd', 0, 255, 0
[20:58:00] INSERT INTO IGC_SeasonPassMission (character_id, mission_index, mission_type, current_step, current_amount) VALUES (682, 18, 18, 1, 1)
[20:58:00] EXEC IGC_MuunConditionInfoSetSave 'iskunnd', 1, 255, 0
[20:58:00] INSERT INTO IGC_SeasonPassMission (character_id, mission_index, mission_type, current_step, current_amount) VALUES (682, 24, 24, 1, 1)
[20:58:00] EXEC IGC_MuunConditionInfoSetSave 'iskunnd', 2, 255, 0
[20:58:00] UPDATE IGC_HuntPoint SET HuntPoint=2500,Monsters=0,Buffs='|0=12.5||1=12.5||2=12.5||3=12.5||4=12.5||5=12.5||6=12.5||7=12.5|',Inactive=0,Quest='|0=0.0||1=0.0||2=0.0||3=0.0||4=0.0||5=0.0||6=0.0||7=0.0|', WeekMonsters=0 WHERE Name = 'MuTMuck'
[20:58:00] UPDATE Character SET cLevel=400, mLevel=507, Class=23,LevelUpPoint=0, mlPoint=0, Experience=3892325200, mlExperience=45369061416, mlNextExp=51124359459, Strength=192, Dexterity=192, Vitality=25, Energy=2039, Money=133116567, Life=9766.000000, MaxLife=2354.000000, Mana=5511.000000, MaxMana=2754.000000, MapNumber=122, MapPosX=149, MapPosY=19, MapDir=2, PkCount=0, PkLevel=3, PkTime=0, Leadership=0, ChatLimitTime=0, RESETS = 0, Married = 0, MarryName = '', WinDuels=0, LoseDuels=0, BlockChatTime=0, PenaltyMask=0, Ruud=31314, OpenHuntingLog=0, StatGP=0, StatCoin=0, i4thSkillPoint=2, AddStrength=0, AddDexterity=0, AddVitality=0, AddEnergy=0, FruitAddPoint=0, FruitDecPoint=0, GrandResets=0, MonStat=0, Age=0, CJL=0, SIC=0, WingCoreType=255, WingCoreLevel=255, GiantMountType=0, GiantMountWear=0, AddLeadership=0 WHERE Name = 'iskeer'
[20:58:00] UPDATE IGC_HuntPoint SET QuestState=? where Name='MuTMuck'
[20:58:00] UPDATE Character SET Inventory=? WHERE Name='iskeer'
[20:58:00] UPDATE T_Event_Inventory SET Inventory=? WHERE Name = 'iskeera'
[20:58:00] UPDATE Character SET MagicList=? WHERE Name='iskeer'
[20:58:00] UPDATE Character SET Quest=? WHERE Name='iskeer'
[20:58:00] EXEC IGC_EvolutionMonsterInfoSave 'isk3', 'iskeera', -1, 0, 0, -1, 0, 0, -1, 0, 0, -1, 0, 0, -1, 0, 0, 0
[20:58:00] EXEC IGC_ClassQuest_MonsterKillSave 'iskeer', -1, -1, 0, -1, 0, -1, 0, -1, 0, -1, 0
[20:58:00] EXEC IGC_SetSaveRestoreInventory 'isk3', 'iskeera', ?
[20:58:00] UPDATE IGC_Muun_Inventory SET Items=? WHERE Name='iskeer'
[20:58:00] EXEC IGC_EventMapEnterCount_Set 'iskeera', 1, 0, 1, 1, 0, 0, 0
[20:58:00] EXEC IGC_MuunConditionInfoSetSave 'iskeer', 0, 255, 0
[20:58:00] EXEC IGC_HuntingRecordInfoSave 'isk3', 'iskeera', 122, 2024, 12, 27, 908, 30485, 358171985, 11800879, 45163284, 395, 130568557629, 2, 12494, 305, 354, 6, 0, 22063
[20:58:00] EXEC IGC_MuunConditionInfoSetSave 'iskeer', 1, 255, 0
[20:58:00] EXEC IGC_HuntingRecordInfoUserOpenSave 'isk3', 'iskeera', 1
[20:58:00] DELETE FROM IGC_BlockChat WHERE Name = 'iskeera'
[20:58:00] EXEC IGC_MuunConditionInfoSetSave 'iskeer', 2, 255, 0
[20:58:01] EXEC IGC_ResetInfoSave 679, 0
[20:58:01] SELECT character_id FROM IGC_SeasonPass WHERE character_id = 679
[20:58:01] UPDATE IGC_SeasonPass SET pass_id = 1, pass_type = 0, pass_level = 9, pass_experience = 2550, complete_mission = 8, today_exp = 193, mu_pass_reward = 9, gold_pass_reward = 0, premium_pass_reward = 0, last_login = 1735322280 WHERE character_id = 679
[20:58:01] SELECT character_id FROM IGC_SeasonPassTicket WHERE character_id = 679
[20:58:01] UPDATE IGC_SeasonPassTicket SET ticket_count = 0, special_point = 0 WHERE character_id = 679
[20:58:01] DELETE FROM IGC_SeasonPassMission WHERE character_id = 679
[20:58:01] INSERT INTO IGC_SeasonPassMission (character_id, mission_index, mission_type, current_step, current_amount) VALUES (679, 0, 0, 10, 2160)
[20:58:01] INSERT INTO IGC_SeasonPassMission (character_id, mission_index, mission_type, current_step, current_amount) VALUES (679, 1, 1, 0, 395)
[20:58:01] INSERT INTO IGC_SeasonPassMission (character_id, mission_index, mission_type, current_step, current_amount) VALUES (679, 2, 2, 5, 34585)
[20:58:01] INSERT INTO IGC_SeasonPassMission (character_id, mission_index, mission_type, current_step, current_amount) VALUES (679, 3, 3, 3, 15)
[20:58:01] INSERT INTO IGC_SeasonPassMission (character_id, mission_index, mission_type, current_step, current_amount) VALUES (679, 4, 4, 3, 6)
[20:58:01] INSERT INTO IGC_SeasonPassMission (character_id, mission_index, mission_type, current_step, current_amount) VALUES (679, 7, 7, 0, 3)
[20:58:01] INSERT INTO IGC_SeasonPassMission (character_id, mission_index, mission_type, current_step, current_amount) VALUES (679, 11, 11, 1, 1)
[20:58:01] INSERT INTO IGC_SeasonPassMission (character_id, mission_index, mission_type, current_step, current_amount) VALUES (679, 17, 17, 1, 1)
[20:58:01] INSERT INTO IGC_SeasonPassMission (character_id, mission_index, mission_type, current_step, current_amount) VALUES (679, 18, 18, 1, 1)
[20:58:01] INSERT INTO IGC_SeasonPassMission (character_id, mission_index, mission_type, current_step, current_amount) VALUES (679, 24, 24, 1, 1)
[20:58:01] UPDATE IGC_HuntPoint SET HuntPoint=2500,Monsters=0,Buffs='|0=12.5||1=12.5||2=12.5||3=12.5||4=12.5||5=12.5||6=12.5||7=12.5|',Inactive=0,Quest='|0=0.0||1=0.0||2=0.0||3=0.0||4=0.0||5=0.0||6=0.0||7=0.0|', WeekMonsters=0 WHERE Name = 'iskeera'
[20:58:01] UPDATE IGC_HuntPoint SET QuestState=? where Name='iskeera'
[20:58:01] UPDATE T_Event_Inventory SET Inventory=? WHERE Name = 'iskunnd'
[20:58:01] EXEC IGC_EvolutionMonsterInfoSave 'isk4', 'iskunnd', -1, 0, 0, -1, 0, 0, -1, 0, 0, -1, 0, 0, -1, 0, 0, 0
[20:58:01] EXEC IGC_SetSaveRestoreInventory 'isk4', 'iskunnd', ?
[20:58:01] EXEC IGC_EventMapEnterCount_Set 'iskunnd', 1, 0, 1, 1, 0, 0, 0
[20:58:01] EXEC IGC_HuntingRecordInfoSave 'isk4', 'iskunnd', 122, 2024, 12, 27, 905, 30408, 2335498352, 168904451, 0, 2132, 124588731506, 11, 23758, 276, 1020, 251, 0, 25221
[20:58:01] EXEC IGC_HuntingRecordInfoUserOpenSave 'isk4', 'iskunnd', 1
[20:58:01] DELETE FROM IGC_BlockChat WHERE Name = 'iskunnd'
[20:58:01] EXEC IGC_ResetInfoSave 680, 0
[20:58:01] SELECT character_id FROM IGC_SeasonPass WHERE character_id = 680
[20:58:01] UPDATE IGC_SeasonPass SET pass_id = 1, pass_type = 0, pass_level = 9, pass_experience = 2518, complete_mission = 8, today_exp = 189, mu_pass_reward = 8, gold_pass_reward = 0, premium_pass_reward = 0, last_login = 1735322280 WHERE character_id = 680
[20:58:01] SELECT character_id FROM IGC_SeasonPassTicket WHERE character_id = 680
[20:58:01] UPDATE IGC_SeasonPassTicket SET ticket_count = 0, special_point = 0 WHERE character_id = 680
[20:58:01] DELETE FROM IGC_SeasonPassMission WHERE character_id = 680
[20:58:01] INSERT INTO IGC_SeasonPassMission (character_id, mission_index, mission_type, current_step, current_amount) VALUES (680, 0, 0, 10, 2160)
[20:58:01] INSERT INTO IGC_SeasonPassMission (character_id, mission_index, mission_type, current_step, current_amount) VALUES (680, 1, 1, 2, 392)
[20:58:01] INSERT INTO IGC_SeasonPassMission (character_id, mission_index, mission_type, current_step, current_amount) VALUES (680, 2, 2, 5, 34564)
[20:58:01] INSERT INTO IGC_SeasonPassMission (character_id, mission_index, mission_type, current_step, current_amount) VALUES (680, 3, 3, 3, 15)
[20:58:01] INSERT INTO IGC_SeasonPassMission (character_id, mission_index, mission_type, current_step, current_amount) VALUES (680, 4, 4, 3, 6)
[20:58:01] INSERT INTO IGC_SeasonPassMission (character_id, mission_index, mission_type, current_step, current_amount) VALUES (680, 7, 7, 0, 1)
[20:58:01] INSERT INTO IGC_SeasonPassMission (character_id, mission_index, mission_type, current_step, current_amount) VALUES (680, 11, 11, 1, 1)
[20:58:01] INSERT INTO IGC_SeasonPassMission (character_id, mission_index, mission_type, current_step, current_amount) VALUES (680, 17, 17, 1, 1)
[20:58:01] INSERT INTO IGC_SeasonPassMission (character_id, mission_index, mission_type, current_step, current_amount) VALUES (680, 18, 18, 1, 1)
[20:58:01] INSERT INTO IGC_SeasonPassMission (character_id, mission_index, mission_type, current_step, current_amount) VALUES (680, 24, 24, 1, 1)
[20:58:01] UPDATE IGC_HuntPoint SET HuntPoint=2500,Monsters=0,Buffs='|0=12.5||1=12.5||2=12.5||3=12.5||4=12.5||5=12.5||6=12.5||7=12.5|',Inactive=0,Quest='|0=0.0||1=0.0||2=0.0||3=0.0||4=0.0||5=0.0||6=0.0||7=0.0|', WeekMonsters=0 WHERE Name = 'iskunnd'
[20:58:01] UPDATE IGC_HuntPoint SET QuestState=? where Name='iskunnd'
[20:58:01] EXEC IGC_PentagramInfoUpdate 620, 'isk2', 'iskeer', 0, 0, 12, 232, 17, 0, 14, 0, 15, 15, 15, 15, 15, 15, 15, 15, 15
[20:58:01] EXEC IGC_PentagramInfoUpdate 620, 'isk2', 'iskeer', 0, 1, 12, 242, 17, 0, 14, 0, 15, 15, 15, 15, 15, 15, 15, 15, 15
[20:58:01] EXEC IGC_PentagramInfoUpdate 620, 'isk2', 'iskeer', 0, 2, 12, 252, 17, 0, 14, 0, 15, 15, 15, 15, 15, 15, 15, 15, 15
[20:58:01] EXEC IGC_PentagramInfoUpdate 620, 'isk2', 'iskeer', 0, 3, 12, 222, 17, 0, 14, 0, 15, 15, 15, 15, 15, 15, 15, 15, 15
[20:58:01] UPDATE T_Event_Inventory SET Inventory=? WHERE Name = 'iskeer'
[20:58:01] EXEC IGC_EvolutionMonsterInfoSave 'isk2', 'iskeer', -1, 0, 0, -1, 0, 0, -1, 0, 0, -1, 0, 0, -1, 0, 0, 0
[20:58:01] EXEC IGC_SetSaveRestoreInventory 'isk2', 'iskeer', ?
[20:58:01] EXEC IGC_EventMapEnterCount_Set 'iskeer', 1, 0, 1, 1, 0, 0, 0
[20:58:01] EXEC IGC_HuntingRecordInfoSave 'isk2', 'iskeer', 122, 2024, 12, 27, 907, 30278, 252831502, 22297269, 0, 199, 130052086482, 1, 11520, 282, 405, 328, 0, 0
[20:58:01] EXEC IGC_HuntingRecordInfoUserOpenSave 'isk2', 'iskeer', 1
[20:58:01] DELETE FROM IGC_BlockChat WHERE Name = 'iskeer'
[20:58:01] EXEC IGC_ResetInfoSave 678, 0
[20:58:01] SELECT character_id FROM IGC_SeasonPass WHERE character_id = 678
[20:58:01] UPDATE IGC_SeasonPass SET pass_id = 1, pass_type = 0, pass_level = 9, pass_experience = 2549, complete_mission = 9, today_exp = 200, mu_pass_reward = 8, gold_pass_reward = 0, premium_pass_reward = 0, last_login = 1735322280 WHERE character_id = 678
[20:58:01] SELECT character_id FROM IGC_SeasonPassTicket WHERE character_id = 678
[20:58:01] UPDATE IGC_SeasonPassTicket SET ticket_count = 0, special_point = 0 WHERE character_id = 678
[20:58:01] DELETE FROM IGC_SeasonPassMission WHERE character_id = 678
[20:58:01] INSERT INTO IGC_SeasonPassMission (character_id, mission_index, mission_type, current_step, current_amount) VALUES (678, 0, 0, 10, 2160)
[20:58:01] INSERT INTO IGC_SeasonPassMission (character_id, mission_index, mission_type, current_step, current_amount) VALUES (678, 1, 1, 0, 356)
[20:58:01] INSERT INTO IGC_SeasonPassMission (character_id, mission_index, mission_type, current_step, current_amount) VALUES (678, 2, 2, 5, 34474)
[20:58:01] INSERT INTO IGC_SeasonPassMission (character_id, mission_index, mission_type, current_step, current_amount) VALUES (678, 3, 3, 3, 15)
[20:58:01] INSERT INTO IGC_SeasonPassMission (character_id, mission_index, mission_type, current_step, current_amount) VALUES (678, 4, 4, 3, 6)
[20:58:01] INSERT INTO IGC_SeasonPassMission (character_id, mission_index, mission_type, current_step, current_amount) VALUES (678, 7, 7, 1, 5)
[20:58:01] INSERT INTO IGC_SeasonPassMission (character_id, mission_index, mission_type, current_step, current_amount) VALUES (678, 11, 11, 1, 1)
[20:58:01] INSERT INTO IGC_SeasonPassMission (character_id, mission_index, mission_type, current_step, current_amount) VALUES (678, 17, 17, 1, 1)
[20:58:01] INSERT INTO IGC_SeasonPassMission (character_id, mission_index, mission_type, current_step, current_amount) VALUES (678, 18, 18, 1, 1)
[20:58:01] INSERT INTO IGC_SeasonPassMission (character_id, mission_index, mission_type, current_step, current_amount) VALUES (678, 24, 24, 1, 1)
[20:58:01] UPDATE IGC_HuntPoint SET HuntPoint=2500,Monsters=0,Buffs='|0=12.5||1=12.5||2=12.5||3=12.5||4=12.5||5=12.5||6=12.5||7=12.5|',Inactive=0,Quest='|0=0.0||1=0.0||2=0.0||3=0.0||4=0.0||5=0.0||6=0.0||7=0.0|', WeekMonsters=0 WHERE Name = 'iskeer'
[20:58:01] UPDATE IGC_HuntPoint SET QuestState=? where Name='iskeer'
[20:58:01] EXEC IGC_Monster_KillCount_Save 'ikacko', 487
[20:58:01] SQLSTATE: 42S02, Diagnosis: [Microsoft][ODBC SQL Server Driver][SQL Server]Invalid object name 'MonsterKillCount'.
[20:58:01] EXEC IGC_Monster_KillCount_Save 'TDLove1', 571
[20:58:01] SQLSTATE: 42S02, Diagnosis: [Microsoft][ODBC SQL Server Driver][SQL Server]Invalid object name 'MonsterKillCount'.
[20:58:01] EXEC IGC_Monster_KillCount_Save 'TDLove1', 571
[20:58:01] SQLSTATE: 42S02, Diagnosis: [Microsoft][ODBC SQL Server Driver][SQL Server]Invalid object name 'MonsterKillCount'.
[20:58:01] EXEC IGC_Monster_KillCount_Save 'TDLove1', 571
[20:58:01] SQLSTATE: 42S02, Diagnosis: [Microsoft][ODBC SQL Server Driver][SQL Server]Invalid object name 'MonsterKillCount'.
[20:58:01] EXEC IGC_Monster_KillCount_Save 'DTLove8', 574
[20:58:01] SQLSTATE: 42S02, Diagnosis: [Microsoft][ODBC SQL Server Driver][SQL Server]Invalid object name 'MonsterKillCount'.
[20:58:01] EXEC IGC_Monster_KillCount_Save 'DTLove8', 574
[20:58:01] SQLSTATE: 42S02, Diagnosis: [Microsoft][ODBC SQL Server Driver][SQL Server]Invalid object name 'MonsterKillCount'.
[20:58:01] EXEC IGC_Monster_KillCount_Save 'DTLove8', 574
[20:58:01] SQLSTATE: 42S02, Diagnosis: [Microsoft][ODBC SQL Server Driver][SQL Server]Invalid object name 'MonsterKillCount'.
[20:58:01] EXEC IGC_Monster_KillCount_Save 'DTLove8', 574
[20:58:01] SQLSTATE: 42S02, Diagnosis: [Microsoft][ODBC SQL Server Driver][SQL Server]Invalid object name 'MonsterKillCount'.
[20:58:01] EXEC IGC_Monster_KillCount_Save 'zZElfHitZz', 770
[20:58:01] SQLSTATE: 42S02, Diagnosis: [Microsoft][ODBC SQL Server Driver][SQL Server]Invalid object name 'MonsterKillCount'.
[20:58:01] EXEC IGC_Monster_KillCount_Save 'refuseAE', 454
[20:58:01] SQLSTATE: 42S02, Diagnosis: [Microsoft][ODBC SQL Server Driver][SQL Server]Invalid object name 'MonsterKillCount'.
[20:58:01] EXEC IGC_Monster_KillCount_Save 'isk7', 20
[20:58:01] SQLSTATE: 42S02, Diagnosis: [Microsoft][ODBC SQL Server Driver][SQL Server]Invalid object name 'MonsterKillCount'.
[20:58:01] EXEC IGC_Monster_KillCount_Save 'Lancer', 35
[20:58:01] SQLSTATE: 42S02, Diagnosis: [Microsoft][ODBC SQL Server Driver][SQL Server]Invalid object name 'MonsterKillCount'.
[20:58:01] EXEC IGC_Monster_KillCount_Save '8HAPPIER', 45
[20:58:01] SQLSTATE: 42S02, Diagnosis: [Microsoft][ODBC SQL Server Driver][SQL Server]Invalid object name 'MonsterKillCount'.
[20:58:01] EXEC IGC_Monster_KillCount_Save '9PORSCHE', 45
[20:58:01] SQLSTATE: 42S02, Diagnosis: [Microsoft][ODBC SQL Server Driver][SQL Server]Invalid object name 'MonsterKillCount'.
[20:58:01] EXEC IGC_Monster_KillCount_Save 'aaaaaaaaaa', 443
[20:58:01] SQLSTATE: 42S02, Diagnosis: [Microsoft][ODBC SQL Server Driver][SQL Server]Invalid object name 'MonsterKillCount'.
[20:58:01] EXEC IGC_Monster_KillCount_Save 'Tarabas', 586
[20:58:01] SQLSTATE: 42S02, Diagnosis: [Microsoft][ODBC SQL Server Driver][SQL Server]Invalid object name 'MonsterKillCount'.
[20:58:01] EXEC IGC_Monster_KillCount_Save 'Insane', 772
[20:58:01] SQLSTATE: 42S02, Diagnosis: [Microsoft][ODBC SQL Server Driver][SQL Server]Invalid object name 'MonsterKillCount'.
[20:58:01] EXEC IGC_Monster_KillCount_Save 'Insane', 772
[20:58:01] SQLSTATE: 42S02, Diagnosis: [Microsoft][ODBC SQL Server Driver][SQL Server]Invalid object name 'MonsterKillCount'.
[20:58:01] EXEC IGC_Monster_KillCount_Save 'Insane', 772
[20:58:01] SQLSTATE: 42S02, Diagnosis: [Microsoft][ODBC SQL Server Driver][SQL Server]Invalid object name 'MonsterKillCount'.
[20:58:01] EXEC IGC_Monster_KillCount_Save 'MuTMuck', 787
[20:58:01] SQLSTATE: 42S02, Diagnosis: [Microsoft][ODBC SQL Server Driver][SQL Server]Invalid object name 'MonsterKillCount'.
[20:58:01] EXEC IGC_Monster_KillCount_Save 'refuseMG', 311
[20:58:01] SQLSTATE: 42S02, Diagnosis: [Microsoft][ODBC SQL Server Driver][SQL Server]Invalid object name 'MonsterKillCount'.
[20:58:01] EXEC IGC_Monster_KillCount_Save 'TDLove1', 571
[20:58:01] SQLSTATE: 42S02, Diagnosis: [Microsoft][ODBC SQL Server Driver][SQL Server]Invalid object name 'MonsterKillCount'.
[20:58:01] EXEC IGC_Monster_KillCount_Save 'TDLove1', 571
[20:58:01] SQLSTATE: 42S02, Diagnosis: [Microsoft][ODBC SQL Server Driver][SQL Server]Invalid object name 'MonsterKillCount'.
[20:58:01] EXEC IGC_Monster_KillCount_Save 'Scythe', 575
[20:58:01] SQLSTATE: 42S02, Diagnosis: [Microsoft][ODBC SQL Server Driver][SQL Server]Invalid object name 'MonsterKillCount'.
[20:58:01] EXEC IGC_Monster_KillCount_Save 'Ulquiora', 575
[20:58:01] SQLSTATE: 42S02, Diagnosis: [Microsoft][ODBC SQL Server Driver][SQL Server]Invalid object name 'MonsterKillCount'.
[20:58:01] EXEC IGC_Monster_KillCount_Save 'BabyFace', 768
[20:58:01] SQLSTATE: 42S02, Diagnosis: [Microsoft][ODBC SQL Server Driver][SQL Server]Invalid object name 'MonsterKillCount'.
[20:58:01] EXEC IGC_Monster_KillCount_Save 'MuLord', 772
[20:58:01] SQLSTATE: 42S02, Diagnosis: [Microsoft][ODBC SQL Server Driver][SQL Server]Invalid object name 'MonsterKillCount'.
[20:58:01] EXEC IGC_Monster_KillCount_Save 'bbbbb', 353
[20:58:01] SQLSTATE: 42S02, Diagnosis: [Microsoft][ODBC SQL Server Driver][SQL Server]Invalid object name 'MonsterKillCount'.
[20:58:01] EXEC IGC_Monster_KillCount_Save 'aaaaaaaaaa', 443
[20:58:01] SQLSTATE: 42S02, Diagnosis: [Microsoft][ODBC SQL Server Driver][SQL Server]Invalid object name 'MonsterKillCount'.
[20:58:01] EXEC IGC_Monster_KillCount_Save 'aaaaaaaaaa', 443
[20:58:01] SQLSTATE: 42S02, Diagnosis: [Microsoft][ODBC SQL Server Driver][SQL Server]Invalid object name 'MonsterKillCount'.
[20:58:01] EXEC IGC_Monster_KillCount_Save 'Duud', 444
[20:58:01] SQLSTATE: 42S02, Diagnosis: [Microsoft][ODBC SQL Server Driver][SQL Server]Invalid object name 'MonsterKillCount'.
[20:58:01] EXEC IGC_Monster_KillCount_Save 'Barracuda', 714
[20:58:01] SQLSTATE: 42S02, Diagnosis: [Microsoft][ODBC SQL Server Driver][SQL Server]Invalid object name 'MonsterKillCount'.
[20:58:01] EXEC IGC_Monster_KillCount_Save 'The6', 736
[20:58:01] SQLSTATE: 42S02, Diagnosis: [Microsoft][ODBC SQL Server Driver][SQL Server]Invalid object name 'MonsterKillCount'.
[20:58:01] EXEC IGC_Monster_KillCount_Save '5MAGUS', 770
[20:58:01] SQLSTATE: 42S02, Diagnosis: [Microsoft][ODBC SQL Server Driver][SQL Server]Invalid object name 'MonsterKillCount'.
[20:58:01] EXEC IGC_Monster_KillCount_Save 'AutoBuff', 786
[20:58:01] SQLSTATE: 42S02, Diagnosis: [Microsoft][ODBC SQL Server Driver][SQL Server]Invalid object name 'MonsterKillCount'.
[20:58:01] EXEC IGC_Monster_KillCount_Save 'Ruub', 358
[20:58:01] SQLSTATE: 42S02, Diagnosis: [Microsoft][ODBC SQL Server Driver][SQL Server]Invalid object name 'MonsterKillCount'.
[20:58:01] EXEC IGC_Monster_KillCount_Save 'AoVL', 455
[20:58:01] SQLSTATE: 42S02, Diagnosis: [Microsoft][ODBC SQL Server Driver][SQL Server]Invalid object name 'MonsterKillCount'.
[20:58:02] EXEC IGC_Monster_KillCount_Save 'Saken', 772
[20:58:02] SQLSTATE: 42S02, Diagnosis: [Microsoft][ODBC SQL Server Driver][SQL Server]Invalid object name 'MonsterKillCount'.
[20:58:02] EXEC IGC_Monster_KillCount_Save 'isk7', 20
[20:58:02] SQLSTATE: 42S02, Diagnosis: [Microsoft][ODBC SQL Server Driver][SQL Server]Invalid object name 'MonsterKillCount'.
[20:58:02] EXEC IGC_Monster_KillCount_Save 'H1deaki', 569
[20:58:02] SQLSTATE: 42S02, Diagnosis: [Microsoft][ODBC SQL Server Driver][SQL Server]Invalid object name 'MonsterKillCount'.
[20:58:02] EXEC IGC_Monster_KillCount_Save 'pigiVN', 730
[20:58:02] SQLSTATE: 42S02, Diagnosis: [Microsoft][ODBC SQL Server Driver][SQL Server]Invalid object name 'MonsterKillCount'.
[20:58:02] EXEC IGC_Monster_KillCount_Save 'The7', 732
[20:58:02] SQLSTATE: 42S02, Diagnosis: [Microsoft][ODBC SQL Server Driver][SQL Server]Invalid object name 'MonsterKillCount'.
[20:58:02] EXEC IGC_Monster_KillCount_Save 'Kiborg', 771
[20:58:02] SQLSTATE: 42S02, Diagnosis: [Microsoft][ODBC SQL Server Driver][SQL Server]Invalid object name 'MonsterKillCount'.
[20:58:02] EXEC IGC_Monster_KillCount_Save 'Barrier', 789
[20:58:02] SQLSTATE: 42S02, Diagnosis: [Microsoft][ODBC SQL Server Driver][SQL Server]Invalid object name 'MonsterKillCount'.
[20:58:02] EXEC IGC_Monster_KillCount_Save 'refuseLem', 310
[20:58:02] SQLSTATE: 42S02, Diagnosis: [Microsoft][ODBC SQL Server Driver][SQL Server]Invalid object name 'MonsterKillCount'.
[20:58:02] EXEC IGC_Monster_KillCount_Save 'Ulquiora', 575
[20:58:02] SQLSTATE: 42S02, Diagnosis: [Microsoft][ODBC SQL Server Driver][SQL Server]Invalid object name 'MonsterKillCount'.
[20:58:02] EXEC IGC_Monster_KillCount_Save 'Ulquiora', 575
[20:58:02] SQLSTATE: 42S02, Diagnosis: [Microsoft][ODBC SQL Server Driver][SQL Server]Invalid object name 'MonsterKillCount'.
[20:58:02] EXEC IGC_Monster_KillCount_Save 'Mrdka', 743
[20:58:02] SQLSTATE: 42S02, Diagnosis: [Microsoft][ODBC SQL Server Driver][SQL Server]Invalid object name 'MonsterKillCount'.
[20:58:02] EXEC IGC_Monster_KillCount_Save 'uckyBcTBo', 767
[20:58:02] SQLSTATE: 42S02, Diagnosis: [Microsoft][ODBC SQL Server Driver][SQL Server]Invalid object name 'MonsterKillCount'.
[20:58:02] EXEC IGC_Monster_KillCount_Save 'refuseWW', 771
[20:58:02] SQLSTATE: 42S02, Diagnosis: [Microsoft][ODBC SQL Server Driver][SQL Server]Invalid object name 'MonsterKillCount'.
[20:58:02] EXEC IGC_Monster_KillCount_Save 'TOP1FARMJW', 351
[20:58:02] SQLSTATE: 42S02, Diagnosis: [Microsoft][ODBC SQL Server Driver][SQL Server]Invalid object name 'MonsterKillCount'.
[20:58:02] EXEC IGC_Monster_KillCount_Save '100GL', 486
[20:58:02] SQLSTATE: 42S02, Diagnosis: [Microsoft][ODBC SQL Server Driver][SQL Server]Invalid object name 'MonsterKillCount'.
[20:58:02] EXEC IGC_Monster_KillCount_Save 'H1deaki', 569
[20:58:02] SQLSTATE: 42S02, Diagnosis: [Microsoft][ODBC SQL Server Driver][SQL Server]Invalid object name 'MonsterKillCount'.
[20:58:02] EXEC IGC_Monster_KillCount_Save 'BaLaSuBaS', 573
[20:58:02] SQLSTATE: 42S02, Diagnosis: [Microsoft][ODBC SQL Server Driver][SQL Server]Invalid object name 'MonsterKillCount'.
[20:58:02] EXEC IGC_Monster_KillCount_Save 'BaLaSuBaS', 573
[20:58:02] SQLSTATE: 42S02, Diagnosis: [Microsoft][ODBC SQL Server Driver][SQL Server]Invalid object name 'MonsterKillCount'.
[20:58:02] EXEC IGC_Monster_KillCount_Save 'ArthurMD', 589
[20:58:02] SQLSTATE: 42S02, Diagnosis: [Microsoft][ODBC SQL Server Driver][SQL Server]Invalid object name 'MonsterKillCount'.
[20:58:02] EXEC IGC_Monster_KillCount_Save 'GL01', 770
[20:58:02] SQLSTATE: 42S02, Diagnosis: [Microsoft][ODBC SQL Server Driver][SQL Server]Invalid object name 'MonsterKillCount'.
[20:58:02] EXEC IGC_Monster_KillCount_Save 'GL01', 770
[20:58:02] SQLSTATE: 42S02, Diagnosis: [Microsoft][ODBC SQL Server Driver][SQL Server]Invalid object name 'MonsterKillCount'.
[20:58:02] EXEC IGC_Monster_KillCount_Save 'GL01', 770
[20:58:02] SQLSTATE: 42S02, Diagnosis: [Microsoft][ODBC SQL Server Driver][SQL Server]Invalid object name 'MonsterKillCount'.
[20:58:02] EXEC IGC_Monster_KillCount_Save 'Kavalski', 771
[20:58:02] SQLSTATE: 42S02, Diagnosis: [Microsoft][ODBC SQL Server Driver][SQL Server]Invalid object name 'MonsterKillCount'.
[20:58:02] EXEC IGC_Monster_KillCount_Save 'Insane', 772
[20:58:02] SQLSTATE: 42S02, Diagnosis: [Microsoft][ODBC SQL Server Driver][SQL Server]Invalid object name 'MonsterKillCount'.
[20:58:02] EXEC IGC_Monster_KillCount_Save 'Insane', 772
[20:58:02] SQLSTATE: 42S02, Diagnosis: [Microsoft][ODBC SQL Server Driver][SQL Server]Invalid object name 'MonsterKillCount'.
[20:58:02] EXEC IGC_Monster_KillCount_Save 'xXxXx', 786
[20:58:02] SQLSTATE: 42S02, Diagnosis: [Microsoft][ODBC SQL Server Driver][SQL Server]Invalid object name 'MonsterKillCount'.
[20:58:02] EXEC IGC_Monster_KillCount_Save 'VNZzGLzZVN', 786
[20:58:02] SQLSTATE: 42S02, Diagnosis: [Microsoft][ODBC SQL Server Driver][SQL Server]Invalid object name 'MonsterKillCount'.
[20:58:02] EXEC IGC_Monster_KillCount_Save 'HaMyXinh', 786
[20:58:02] SQLSTATE: 42S02, Diagnosis: [Microsoft][ODBC SQL Server Driver][SQL Server]Invalid object name 'MonsterKillCount'.
[20:58:02] EXEC IGC_Monster_KillCount_Save 'wewe', 787
[20:58:02] SQLSTATE: 42S02, Diagnosis: [Microsoft][ODBC SQL Server Driver][SQL Server]Invalid object name 'MonsterKillCount'.
[20:58:02] EXEC IGC_Monster_KillCount_Save 'TDLove4', 569
[20:58:02] SQLSTATE: 42S02, Diagnosis: [Microsoft][ODBC SQL Server Driver][SQL Server]Invalid object name 'MonsterKillCount'.
[20:58:02] EXEC IGC_Monster_KillCount_Save 'TDLove4', 569
[20:58:02] SQLSTATE: 42S02, Diagnosis: [Microsoft][ODBC SQL Server Driver][SQL Server]Invalid object name 'MonsterKillCount'.
[20:58:02] EXEC IGC_Monster_KillCount_Save 'TDLove4', 569
[20:58:02] SQLSTATE: 42S02, Diagnosis: [Microsoft][ODBC SQL Server Driver][SQL Server]Invalid object name 'MonsterKillCount'.
[20:58:02] EXEC IGC_Monster_KillCount_Save 'TDLove4', 569
[20:58:02] SQLSTATE: 42S02, Diagnosis: [Microsoft][ODBC SQL Server Driver][SQL Server]Invalid object name 'MonsterKillCount'.
[20:58:02] EXEC IGC_Monster_KillCount_Save 'TDLove4', 569
[20:58:02] SQLSTATE: 42S02, Diagnosis: [Microsoft][ODBC SQL Server Driver][SQL Server]Invalid object name 'MonsterKillCount'.
[20:58:03] EXEC IGC_Monster_KillCount_Save 'Resnais', 768
[20:58:03] SQLSTATE: 42S02, Diagnosis: [Microsoft][ODBC SQL Server Driver][SQL Server]Invalid object name 'MonsterKillCount'.
[20:58:03] EXEC IGC_Monster_KillCount_Save 'isk7', 20
[20:58:03] SQLSTATE: 42S02, Diagnosis: [Microsoft][ODBC SQL Server Driver][SQL Server]Invalid object name 'MonsterKillCount'.
[20:58:03] EXEC IGC_Monster_KillCount_Save 'isker', 449
[20:58:03] SQLSTATE: 42S02, Diagnosis: [Microsoft][ODBC SQL Server Driver][SQL Server]Invalid object name 'MonsterKillCount'.
[20:58:03] EXEC IGC_Monster_KillCount_Save 'CoDaySinh', 767
[20:58:03] SQLSTATE: 42S02, Diagnosis: [Microsoft][ODBC SQL Server Driver][SQL Server]Invalid object name 'MonsterKillCount'.
[20:58:03] EXEC IGC_Monster_KillCount_Save 'CoDaySinh', 767
[20:58:03] SQLSTATE: 42S02, Diagnosis: [Microsoft][ODBC SQL Server Driver][SQL Server]Invalid object name 'MonsterKillCount'.
[20:58:03] EXEC IGC_Monster_KillCount_Save 'ThayDayLy', 770
[20:58:03] SQLSTATE: 42S02, Diagnosis: [Microsoft][ODBC SQL Server Driver][SQL Server]Invalid object name 'MonsterKillCount'.
[20:58:03] EXEC IGC_Monster_KillCount_Save 'ThayDayLy', 770
[20:58:03] SQLSTATE: 42S02, Diagnosis: [Microsoft][ODBC SQL Server Driver][SQL Server]Invalid object name 'MonsterKillCount'.
[20:58:03] EXEC IGC_Monster_KillCount_Save 'Ladyzinha', 770
[20:58:03] SQLSTATE: 42S02, Diagnosis: [Microsoft][ODBC SQL Server Driver][SQL Server]Invalid object name 'MonsterKillCount'.
[20:58:03] EXEC IGC_Monster_KillCount_Save 'Ladyzinha', 770
[20:58:03] SQLSTATE: 42S02, Diagnosis: [Microsoft][ODBC SQL Server Driver][SQL Server]Invalid object name 'MonsterKillCount'.
[20:58:03] EXEC IGC_Monster_KillCount_Save 'FunnyBunny', 771
[20:58:03] SQLSTATE: 42S02, Diagnosis: [Microsoft][ODBC SQL Server Driver][SQL Server]Invalid object name 'MonsterKillCount'.
[20:58:03] EXEC IGC_Monster_KillCount_Save 'AAAA', 772
[20:58:03] SQLSTATE: 42S02, Diagnosis: [Microsoft][ODBC SQL Server Driver][SQL Server]Invalid object name 'MonsterKillCount'.
[20:58:03] EXEC IGC_Monster_KillCount_Save 'AutoBuff', 786
[20:58:03] SQLSTATE: 42S02, Diagnosis: [Microsoft][ODBC SQL Server Driver][SQL Server]Invalid object name 'MonsterKillCount'.
[20:58:03] EXEC IGC_Monster_KillCount_Save 'AutoBuff', 786
[20:58:03] SQLSTATE: 42S02, Diagnosis: [Microsoft][ODBC SQL Server Driver][SQL Server]Invalid object name 'MonsterKillCount'.
[20:58:03] EXEC IGC_Monster_KillCount_Save 'qwer', 787
[20:58:03] SQLSTATE: 42S02, Diagnosis: [Microsoft][ODBC SQL Server Driver][SQL Server]Invalid object name 'MonsterKillCount'.
[20:58:03] EXEC IGC_Monster_KillCount_Save 'iskunnd', 787
[20:58:03] SQLSTATE: 42S02, Diagnosis: [Microsoft][ODBC SQL Server Driver][SQL Server]Invalid object name 'MonsterKillCount'.
[20:58:03] EXEC IGC_Monster_KillCount_Save 'Ruub', 358
[20:58:03] SQLSTATE: 42S02, Diagnosis: [Microsoft][ODBC SQL Server Driver][SQL Server]Invalid object name 'MonsterKillCount'.
[20:58:03] EXEC IGC_Monster_KillCount_Save 'AoVL', 455
[20:58:03] SQLSTATE: 42S02, Diagnosis: [Microsoft][ODBC SQL Server Driver][SQL Server]Invalid object name 'MonsterKillCount'.
[20:58:03] EXEC IGC_Monster_KillCount_Save 'DTLove9', 573
[20:58:03] SQLSTATE: 42S02, Diagnosis: [Microsoft][ODBC SQL Server Driver][SQL Server]Invalid object name 'MonsterKillCount'.
[20:58:03] EXEC IGC_Monster_KillCount_Save 'DTLove8', 574
[20:58:03] SQLSTATE: 42S02, Diagnosis: [Microsoft][ODBC SQL Server Driver][SQL Server]Invalid object name 'MonsterKillCount'.
[20:58:03] EXEC IGC_Monster_KillCount_Save 'TDLove', 569
[20:58:03] SQLSTATE: 42S02, Diagnosis: [Microsoft][ODBC SQL Server Driver][SQL Server]Invalid object name 'MonsterKillCount'.
[20:58:03] EXEC IGC_Monster_KillCount_Save 'HongAnhGL', 730
[20:58:03] SQLSTATE: 42S02, Diagnosis: [Microsoft][ODBC SQL Server Driver][SQL Server]Invalid object name 'MonsterKillCount'.
[20:58:03] EXEC IGC_Monster_KillCount_Save 'TARRASQUE', 767
[20:58:03] SQLSTATE: 42S02, Diagnosis: [Microsoft][ODBC SQL Server Driver][SQL Server]Invalid object name 'MonsterKillCount'.
[20:58:03] EXEC IGC_Monster_KillCount_Save 'DarkIK', 770
[20:58:03] SQLSTATE: 42S02, Diagnosis: [Microsoft][ODBC SQL Server Driver][SQL Server]Invalid object name 'MonsterKillCount'.
[20:58:03] EXEC IGC_Monster_KillCount_Save 'Autumn', 787
[20:58:03] SQLSTATE: 42S02, Diagnosis: [Microsoft][ODBC SQL Server Driver][SQL Server]Invalid object name 'MonsterKillCount'.
[20:58:03] EXEC IGC_Monster_KillCount_Save 'Winter', 787
[20:58:03] SQLSTATE: 42S02, Diagnosis: [Microsoft][ODBC SQL Server Driver][SQL Server]Invalid object name 'MonsterKillCount'.
[20:58:03] EXEC IGC_Monster_KillCount_Save 'Winter', 787
[20:58:03] SQLSTATE: 42S02, Diagnosis: [Microsoft][ODBC SQL Server Driver][SQL Server]Invalid object name 'MonsterKillCount'.
[20:58:03] EXEC IGC_Monster_KillCount_Save 'Resnais', 768
[20:58:03] SQLSTATE: 42S02, Diagnosis: [Microsoft][ODBC SQL Server Driver][SQL Server]Invalid object name 'MonsterKillCount'.
[20:58:03] EXEC IGC_Monster_KillCount_Save 'bbbbb', 353
[20:58:03] SQLSTATE: 42S02, Diagnosis: [Microsoft][ODBC SQL Server Driver][SQL Server]Invalid object name 'MonsterKillCount'.
[20:58:03] EXEC IGC_Monster_KillCount_Save 'Duud', 444
[20:58:03] SQLSTATE: 42S02, Diagnosis: [Microsoft][ODBC SQL Server Driver][SQL Server]Invalid object name 'MonsterKillCount'.
[20:58:03] EXEC IGC_Monster_KillCount_Save 'Summmer', 570
[20:58:03] SQLSTATE: 42S02, Diagnosis: [Microsoft][ODBC SQL Server Driver][SQL Server]Invalid object name 'MonsterKillCount'.
[20:58:03] EXEC IGC_Monster_KillCount_Save 'ArthurMD', 589
[20:58:03] SQLSTATE: 42S02, Diagnosis: [Microsoft][ODBC SQL Server Driver][SQL Server]Invalid object name 'MonsterKillCount'.
[20:58:03] EXEC IGC_Monster_KillCount_Save 'Zlato4ka', 609
[20:58:03] SQLSTATE: 42S02, Diagnosis: [Microsoft][ODBC SQL Server Driver][SQL Server]Invalid object name 'MonsterKillCount'.
[20:58:03] EXEC IGC_Monster_KillCount_Save 'pigiVN', 731
[20:58:03] SQLSTATE: 42S02, Diagnosis: [Microsoft][ODBC SQL Server Driver][SQL Server]Invalid object name 'MonsterKillCount'.
[20:58:03] EXEC IGC_Monster_KillCount_Save 'ThayDayLy', 770
[20:58:03] SQLSTATE: 42S02, Diagnosis: [Microsoft][ODBC SQL Server Driver][SQL Server]Invalid object name 'MonsterKillCount'.
[20:58:03] EXEC IGC_Monster_KillCount_Save 'GL01', 770
[20:58:03] SQLSTATE: 42S02, Diagnosis: [Microsoft][ODBC SQL Server Driver][SQL Server]Invalid object name 'MonsterKillCount'.
[20:58:03] EXEC IGC_Monster_KillCount_Save 'GL01', 770
[20:58:03] SQLSTATE: 42S02, Diagnosis: [Microsoft][ODBC SQL Server Driver][SQL Server]Invalid object name 'MonsterKillCount'.
[20:58:03] EXEC IGC_Monster_KillCount_Save 'CS116', 768
[20:58:03] SQLSTATE: 42S02, Diagnosis: [Microsoft][ODBC SQL Server Driver][SQL Server]Invalid object name 'MonsterKillCount'.
[20:58:03] EXEC IGC_Monster_KillCount_Save 'VNZzGLzZVN', 786
[20:58:03] SQLSTATE: 42S02, Diagnosis: [Microsoft][ODBC SQL Server Driver][SQL Server]Invalid object name 'MonsterKillCount'.
[20:58:03] EXEC IGC_Monster_KillCount_Save 'luka', 787
[20:58:03] SQLSTATE: 42S02, Diagnosis: [Microsoft][ODBC SQL Server Driver][SQL Server]Invalid object name 'MonsterKillCount'.
[20:58:03] EXEC IGC_Monster_KillCount_Save 'refuseMG', 311
[20:58:03] SQLSTATE: 42S02, Diagnosis: [Microsoft][ODBC SQL Server Driver][SQL Server]Invalid object name 'MonsterKillCount'.
[20:58:03] EXEC IGC_Monster_KillCount_Save 'DTLove9', 573
[20:58:03] SQLSTATE: 42S02, Diagnosis: [Microsoft][ODBC SQL Server Driver][SQL Server]Invalid object name 'MonsterKillCount'.
[20:58:03] EXEC IGC_Monster_KillCount_Save 'DarkIK', 770
[20:58:03] SQLSTATE: 42S02, Diagnosis: [Microsoft][ODBC SQL Server Driver][SQL Server]Invalid object name 'MonsterKillCount'.
[20:58:03] EXEC IGC_Monster_KillCount_Save 'DarkIK', 770
[20:58:03] SQLSTATE: 42S02, Diagnosis: [Microsoft][ODBC SQL Server Driver][SQL Server]Invalid object name 'MonsterKillCount'.
[20:58:03] EXEC IGC_Monster_KillCount_Save 'Winter', 787
[20:58:03] SQLSTATE: 42S02, Diagnosis: [Microsoft][ODBC SQL Server Driver][SQL Server]Invalid object name 'MonsterKillCount'.
[20:58:04] EXEC IGC_Monster_KillCount_Save 'Winter', 787
[20:58:04] SQLSTATE: 42S02, Diagnosis: [Microsoft][ODBC SQL Server Driver][SQL Server]Invalid object name 'MonsterKillCount'.
[20:58:04] SELECT Name FROM OptionData WHERE Name='DTLove6'
[20:58:04] UPDATE OptionData SET GameOption=29, Qkey=255, Wkey=255, Ekey=255, ChatWindow=0, Rkey=0, QWERLevel=658184, EnableChangeMode=0, PlayGuideLv=400, PlayGuideCK=1 WHERE Name='DTLove6'
[20:58:04] EXEC IGC_Monster_KillCount_Save 'Mace', 456
[20:58:04] SQLSTATE: 42S02, Diagnosis: [Microsoft][ODBC SQL Server Driver][SQL Server]Invalid object name 'MonsterKillCount'.
[20:58:04] UPDATE OptionData SET SkillKey=? where Name='DTLove6'
[20:58:04] EXEC IGC_Monster_KillCount_Save 'isk6', 20
[20:58:04] SQLSTATE: 42S02, Diagnosis: [Microsoft][ODBC SQL Server Driver][SQL Server]Invalid object name 'MonsterKillCount'.
[20:58:04] EXEC IGC_Monster_KillCount_Save 'Duud', 444
[20:58:04] EXEC IGC_RealmItemDropUpdate 13, 1980
[20:58:04] SQLSTATE: 42S02, Diagnosis: [Microsoft][ODBC SQL Server Driver][SQL Server]Invalid object name 'MonsterKillCount'.
[20:58:04] EXEC IGC_Monster_KillCount_Save '3WindSoul', 445
[20:58:04] SQLSTATE: 42S02, Diagnosis: [Microsoft][ODBC SQL Server Driver][SQL Server]Invalid object name 'MonsterKillCount'.
[20:58:04] EXEC IGC_Monster_KillCount_Save '06SL', 480
[20:58:04] SQLSTATE: 42S02, Diagnosis: [Microsoft][ODBC SQL Server Driver][SQL Server]Invalid object name 'MonsterKillCount'.
[20:58:04] EXEC IGC_Monster_KillCount_Save '06SL', 480
[20:58:04] SQLSTATE: 42S02, Diagnosis: [Microsoft][ODBC SQL Server Driver][SQL Server]Invalid object name 'MonsterKillCount'.
[20:58:04] EXEC IGC_Monster_KillCount_Save 'Tarabas', 586
[20:58:04] SQLSTATE: 42S02, Diagnosis: [Microsoft][ODBC SQL Server Driver][SQL Server]Invalid object name 'MonsterKillCount'.
[20:58:04] EXEC IGC_Monster_KillCount_Save 'CoDaySinh', 767
[20:58:04] SQLSTATE: 42S02, Diagnosis: [Microsoft][ODBC SQL Server Driver][SQL Server]Invalid object name 'MonsterKillCount'.
[20:58:04] EXEC IGC_Monster_KillCount_Save 'cs113', 768
[20:58:04] SQLSTATE: 42S02, Diagnosis: [Microsoft][ODBC SQL Server Driver][SQL Server]Invalid object name 'MonsterKillCount'.
[20:58:04] EXEC IGC_Monster_KillCount_Save 'iskerka', 787
[20:58:04] SQLSTATE: 42S02, Diagnosis: [Microsoft][ODBC SQL Server Driver][SQL Server]Invalid object name 'MonsterKillCount'.
[20:58:04] EXEC IGC_Monster_KillCount_Save 'Barrier', 789
[20:58:04] SQLSTATE: 42S02, Diagnosis: [Microsoft][ODBC SQL Server Driver][SQL Server]Invalid object name 'MonsterKillCount'.
[20:58:04] EXEC IGC_Monster_KillCount_Save 'G123', 789
[20:58:04] SQLSTATE: 42S02, Diagnosis: [Microsoft][ODBC SQL Server Driver][SQL Server]Invalid object name 'MonsterKillCount'.
[20:58:04] SELECT Name FROM IGC_FavouriteWarpData WHERE Name = 'DTLove6'
[20:58:04] UPDATE IGC_FavouriteWarpData SET WarpIndex_1 = -1, WarpMapNum_1 = -1, WarpIndex_2 = -1, WarpMapNum_2 = -1, WarpIndex_3 = -1, WarpMapNum_3 = -1, WarpIndex_4 = -1, WarpMapNum_4 = -1, WarpIndex_5 = -1, WarpMapNum_5 = -1 WHERE Name = 'DTLove6'
[20:58:04] EXEC IGC_Monster_KillCount_Save 'HongAnhSL', 70
[20:58:04] SQLSTATE: 42S02, Diagnosis: [Microsoft][ODBC SQL Server Driver][SQL Server]Invalid object name 'MonsterKillCount'.
[20:58:04] EXEC IGC_Monster_KillCount_Save 'HongAnhSL', 70
[20:58:04] SQLSTATE: 42S02, Diagnosis: [Microsoft][ODBC SQL Server Driver][SQL Server]Invalid object name 'MonsterKillCount'.
[20:58:04] EXEC IGC_Monster_KillCount_Save 'zZElfHitZz', 770
[20:58:04] SQLSTATE: 42S02, Diagnosis: [Microsoft][ODBC SQL Server Driver][SQL Server]Invalid object name 'MonsterKillCount'.
[20:58:04] EXEC IGC_Monster_KillCount_Save 'Winter', 787
[20:58:04] SQLSTATE: 42S02, Diagnosis: [Microsoft][ODBC SQL Server Driver][SQL Server]Invalid object name 'MonsterKillCount'.
[20:58:04] EXEC IGC_Monster_KillCount_Save 'Mace', 456
[20:58:04] SQLSTATE: 42S02, Diagnosis: [Microsoft][ODBC SQL Server Driver][SQL Server]Invalid object name 'MonsterKillCount'.
[20:58:04] EXEC IGC_Monster_KillCount_Save 'isk6', 20
[20:58:04] SQLSTATE: 42S02, Diagnosis: [Microsoft][ODBC SQL Server Driver][SQL Server]Invalid object name 'MonsterKillCount'.
[20:58:04] EXEC IGC_Monster_KillCount_Save 'RatLaVaiL', 40
[20:58:04] SQLSTATE: 42S02, Diagnosis: [Microsoft][ODBC SQL Server Driver][SQL Server]Invalid object name 'MonsterKillCount'.
[20:58:04] EXEC IGC_Monster_KillCount_Save 'TOP1FARMJW', 351
[20:58:04] SQLSTATE: 42S02, Diagnosis: [Microsoft][ODBC SQL Server Driver][SQL Server]Invalid object name 'MonsterKillCount'.
[20:58:04] EXEC IGC_Monster_KillCount_Save 'TOP1FARMJW', 351
[20:58:04] SQLSTATE: 42S02, Diagnosis: [Microsoft][ODBC SQL Server Driver][SQL Server]Invalid object name 'MonsterKillCount'.
[20:58:04] EXEC IGC_Monster_KillCount_Save '06SL', 480
[20:58:04] SQLSTATE: 42S02, Diagnosis: [Microsoft][ODBC SQL Server Driver][SQL Server]Invalid object name 'MonsterKillCount'.
[20:58:04] EXEC IGC_Monster_KillCount_Save '06SL', 480
[20:58:04] SQLSTATE: 42S02, Diagnosis: [Microsoft][ODBC SQL Server Driver][SQL Server]Invalid object name 'MonsterKillCount'.
[20:58:04] EXEC IGC_Monster_KillCount_Save '100GL', 486
[20:58:04] SQLSTATE: 42S02, Diagnosis: [Microsoft][ODBC SQL Server Driver][SQL Server]Invalid object name 'MonsterKillCount'.
[20:58:04] EXEC IGC_Monster_KillCount_Save '100GL', 486
[20:58:04] SQLSTATE: 42S02, Diagnosis: [Microsoft][ODBC SQL Server Driver][SQL Server]Invalid object name 'MonsterKillCount'.
[20:58:04] EXEC IGC_Monster_KillCount_Save 'BaLaSuBaS', 573
[20:58:04] SQLSTATE: 42S02, Diagnosis: [Microsoft][ODBC SQL Server Driver][SQL Server]Invalid object name 'MonsterKillCount'.
[20:58:04] EXEC IGC_Monster_KillCount_Save 'RatLaVL', 575
[20:58:04] SQLSTATE: 42S02, Diagnosis: [Microsoft][ODBC SQL Server Driver][SQL Server]Invalid object name 'MonsterKillCount'.
[20:58:04] EXEC IGC_Monster_KillCount_Save 'RatLaVL', 575
[20:58:04] SQLSTATE: 42S02, Diagnosis: [Microsoft][ODBC SQL Server Driver][SQL Server]Invalid object name 'MonsterKillCount'.
[20:58:04] EXEC IGC_Monster_KillCount_Save 'RatLaVL', 575
[20:58:04] SQLSTATE: 42S02, Diagnosis: [Microsoft][ODBC SQL Server Driver][SQL Server]Invalid object name 'MonsterKillCount'.
[20:58:04] EXEC IGC_Monster_KillCount_Save 'RatLaVL', 575
[20:58:04] SQLSTATE: 42S02, Diagnosis: [Microsoft][ODBC SQL Server Driver][SQL Server]Invalid object name 'MonsterKillCount'.
[20:58:04] EXEC IGC_Monster_KillCount_Save 'RatLaVL', 575
[20:58:04] SQLSTATE: 42S02, Diagnosis: [Microsoft][ODBC SQL Server Driver][SQL Server]Invalid object name 'MonsterKillCount'.
[20:58:04] EXEC IGC_Monster_KillCount_Save 'RatLaVL', 575
[20:58:04] SQLSTATE: 42S02, Diagnosis: [Microsoft][ODBC SQL Server Driver][SQL Server]Invalid object name 'MonsterKillCount'.
[20:58:04] EXEC IGC_Monster_KillCount_Save 'RatLaVL', 575
[20:58:04] SQLSTATE: 42S02, Diagnosis: [Microsoft][ODBC SQL Server Driver][SQL Server]Invalid object name 'MonsterKillCount'.
[20:58:04] EXEC IGC_Monster_KillCount_Save 'The6', 737
[20:58:04] SQLSTATE: 42S02, Diagnosis: [Microsoft][ODBC SQL Server Driver][SQL Server]Invalid object name 'MonsterKillCount'.
[20:58:04] EXEC IGC_Monster_KillCount_Save 'luka', 787
[20:58:04] SQLSTATE: 42S02, Diagnosis: [Microsoft][ODBC SQL Server Driver][SQL Server]Invalid object name 'MonsterKillCount'.
[20:58:04] EXEC IGC_Monster_KillCount_Save 'Elvis', 789
[20:58:04] SQLSTATE: 42S02, Diagnosis: [Microsoft][ODBC SQL Server Driver][SQL Server]Invalid object name 'MonsterKillCount'.
[20:58:04] EXEC IGC_Monster_KillCount_Save 'HongAnhSL', 70
[20:58:04] SQLSTATE: 42S02, Diagnosis: [Microsoft][ODBC SQL Server Driver][SQL Server]Invalid object name 'MonsterKillCount'.
[20:58:04] EXEC IGC_Monster_KillCount_Save 'DTLove10', 569
[20:58:04] SQLSTATE: 42S02, Diagnosis: [Microsoft][ODBC SQL Server Driver][SQL Server]Invalid object name 'MonsterKillCount'.
[20:58:04] EXEC IGC_Monster_KillCount_Save 'Mrdka', 743
[20:58:04] SQLSTATE: 42S02, Diagnosis: [Microsoft][ODBC SQL Server Driver][SQL Server]Invalid object name 'MonsterKillCount'.
[20:58:05] EXEC IGC_Monster_KillCount_Save 'refuseAE', 454
[20:58:05] SQLSTATE: 42S02, Diagnosis: [Microsoft][ODBC SQL Server Driver][SQL Server]Invalid object name 'MonsterKillCount'.
[20:58:05] EXEC IGC_Monster_KillCount_Save 'refuseWW', 771
[20:58:05] SQLSTATE: 42S02, Diagnosis: [Microsoft][ODBC SQL Server Driver][SQL Server]Invalid object name 'MonsterKillCount'.
[20:58:05] EXEC IGC_Monster_KillCount_Save '7event', 20
[20:58:05] SQLSTATE: 42S02, Diagnosis: [Microsoft][ODBC SQL Server Driver][SQL Server]Invalid object name 'MonsterKillCount'.
[20:58:05] EXEC IGC_Monster_KillCount_Save 'Lancer', 35
[20:58:05] SQLSTATE: 42S02, Diagnosis: [Microsoft][ODBC SQL Server Driver][SQL Server]Invalid object name 'MonsterKillCount'.
[20:58:05] EXEC IGC_Monster_KillCount_Save '8HAPPIER', 45
[20:58:05] SQLSTATE: 42S02, Diagnosis: [Microsoft][ODBC SQL Server Driver][SQL Server]Invalid object name 'MonsterKillCount'.
[20:58:05] EXEC IGC_Monster_KillCount_Save '8HAPPIER', 45
[20:58:05] SQLSTATE: 42S02, Diagnosis: [Microsoft][ODBC SQL Server Driver][SQL Server]Invalid object name 'MonsterKillCount'.
[20:58:05] EXEC IGC_Monster_KillCount_Save 'Ruud', 358
[20:58:05] SQLSTATE: 42S02, Diagnosis: [Microsoft][ODBC SQL Server Driver][SQL Server]Invalid object name 'MonsterKillCount'.
[20:58:05] EXEC IGC_Monster_KillCount_Save 'Ruud', 358
[20:58:05] SQLSTATE: 42S02, Diagnosis: [Microsoft][ODBC SQL Server Driver][SQL Server]Invalid object name 'MonsterKillCount'.
[20:58:05] EXEC IGC_Monster_KillCount_Save '101IK', 484
[20:58:05] SQLSTATE: 42S02, Diagnosis: [Microsoft][ODBC SQL Server Driver][SQL Server]Invalid object name 'MonsterKillCount'.
[20:58:05] EXEC IGC_Monster_KillCount_Save 'cs113', 768
[20:58:05] SQLSTATE: 42S02, Diagnosis: [Microsoft][ODBC SQL Server Driver][SQL Server]Invalid object name 'MonsterKillCount'.
[20:58:05] EXEC IGC_Monster_KillCount_Save 'ARAGORN', 786
[20:58:05] SQLSTATE: 42S02, Diagnosis: [Microsoft][ODBC SQL Server Driver][SQL Server]Invalid object name 'MonsterKillCount'.
[20:58:05] EXEC IGC_Monster_KillCount_Save 'KimChuaXau', 786
[20:58:05] SQLSTATE: 42S02, Diagnosis: [Microsoft][ODBC SQL Server Driver][SQL Server]Invalid object name 'MonsterKillCount'.
[20:58:05] EXEC IGC_Monster_KillCount_Save 'iskerka', 787
[20:58:05] SQLSTATE: 42S02, Diagnosis: [Microsoft][ODBC SQL Server Driver][SQL Server]Invalid object name 'MonsterKillCount'.
[20:58:05] EXEC IGC_Monster_KillCount_Save 'G123', 789
[20:58:05] SQLSTATE: 42S02, Diagnosis: [Microsoft][ODBC SQL Server Driver][SQL Server]Invalid object name 'MonsterKillCount'.
[20:58:05] EXEC IGC_Monster_KillCount_Save 'TheTank', 767
[20:58:05] SQLSTATE: 42S02, Diagnosis: [Microsoft][ODBC SQL Server Driver][SQL Server]Invalid object name 'MonsterKillCount'.
[20:58:05] EXEC IGC_Monster_KillCount_Save 'Lysandra', 787
[20:58:05] SQLSTATE: 42S02, Diagnosis: [Microsoft][ODBC SQL Server Driver][SQL Server]Invalid object name 'MonsterKillCount'.
[20:58:05] EXEC IGC_Monster_KillCount_Save 'refuseWW', 771
[20:58:05] SQLSTATE: 42S02, Diagnosis: [Microsoft][ODBC SQL Server Driver][SQL Server]Invalid object name 'MonsterKillCount'.
[20:58:05] EXEC IGC_Monster_KillCount_Save 'RatLaVaiL', 40
[20:58:05] SQLSTATE: 42S02, Diagnosis: [Microsoft][ODBC SQL Server Driver][SQL Server]Invalid object name 'MonsterKillCount'.
[20:58:05] EXEC IGC_Monster_KillCount_Save 'RatLaVaiL', 40
[20:58:05] SQLSTATE: 42S02, Diagnosis: [Microsoft][ODBC SQL Server Driver][SQL Server]Invalid object name 'MonsterKillCount'.
[20:58:05] EXEC IGC_Monster_KillCount_Save 'BaLaSuBaS', 573
[20:58:05] SQLSTATE: 42S02, Diagnosis: [Microsoft][ODBC SQL Server Driver][SQL Server]Invalid object name 'MonsterKillCount'.
[20:58:05] EXEC IGC_Monster_KillCount_Save 'Tarabas', 586
[20:58:05] SQLSTATE: 42S02, Diagnosis: [Microsoft][ODBC SQL Server Driver][SQL Server]Invalid object name 'MonsterKillCount'.
[20:58:05] EXEC IGC_Monster_KillCount_Save 'Barracuda', 714
[20:58:05] SQLSTATE: 42S02, Diagnosis: [Microsoft][ODBC SQL Server Driver][SQL Server]Invalid object name 'MonsterKillCount'.
[20:58:05] EXEC IGC_Monster_KillCount_Save 'Barracuda', 714
[20:58:05] SQLSTATE: 42S02, Diagnosis: [Microsoft][ODBC SQL Server Driver][SQL Server]Invalid object name 'MonsterKillCount'.
[20:58:05] EXEC IGC_Monster_KillCount_Save 'The5', 730
[20:58:05] SQLSTATE: 42S02, Diagnosis: [Microsoft][ODBC SQL Server Driver][SQL Server]Invalid object name 'MonsterKillCount'.
[20:58:05] EXEC IGC_Monster_KillCount_Save 'The5', 731
[20:58:05] SQLSTATE: 42S02, Diagnosis: [Microsoft][ODBC SQL Server Driver][SQL Server]Invalid object name 'MonsterKillCount'.
[20:58:05] EXEC IGC_Monster_KillCount_Save 'CoDaySinh', 767
[20:58:05] SQLSTATE: 42S02, Diagnosis: [Microsoft][ODBC SQL Server Driver][SQL Server]Invalid object name 'MonsterKillCount'.
[20:58:05] EXEC IGC_Monster_KillCount_Save 'CoDaySinh', 767
[20:58:05] SQLSTATE: 42S02, Diagnosis: [Microsoft][ODBC SQL Server Driver][SQL Server]Invalid object name 'MonsterKillCount'.
[20:58:05] EXEC IGC_Monster_KillCount_Save 'GL01', 770
[20:58:05] SQLSTATE: 42S02, Diagnosis: [Microsoft][ODBC SQL Server Driver][SQL Server]Invalid object name 'MonsterKillCount'.
[20:58:05] EXEC IGC_Monster_KillCount_Save 'FunnyBunny', 771
[20:58:05] SQLSTATE: 42S02, Diagnosis: [Microsoft][ODBC SQL Server Driver][SQL Server]Invalid object name 'MonsterKillCount'.
[20:58:05] EXEC IGC_Monster_KillCount_Save 'AAAA', 772
[20:58:05] SQLSTATE: 42S02, Diagnosis: [Microsoft][ODBC SQL Server Driver][SQL Server]Invalid object name 'MonsterKillCount'.
[20:58:05] EXEC IGC_Monster_KillCount_Save 'KimChuaXau', 786
[20:58:05] SQLSTATE: 42S02, Diagnosis: [Microsoft][ODBC SQL Server Driver][SQL Server]Invalid object name 'MonsterKillCount'.
[20:58:05] EXEC IGC_Monster_KillCount_Save 'qwer', 787
[20:58:05] SQLSTATE: 42S02, Diagnosis: [Microsoft][ODBC SQL Server Driver][SQL Server]Invalid object name 'MonsterKillCount'.
[20:58:05] EXEC IGC_Monster_KillCount_Save 'iskerka', 787
[20:58:05] SQLSTATE: 42S02, Diagnosis: [Microsoft][ODBC SQL Server Driver][SQL Server]Invalid object name 'MonsterKillCount'.
[20:58:05] EXEC IGC_Monster_KillCount_Save 'elfbuff', 810
[20:58:05] SQLSTATE: 42S02, Diagnosis: [Microsoft][ODBC SQL Server Driver][SQL Server]Invalid object name 'MonsterKillCount'.
[20:58:05] EXEC IGC_Monster_KillCount_Save 'GL06', 893
[20:58:05] SQLSTATE: 42S02, Diagnosis: [Microsoft][ODBC SQL Server Driver][SQL Server]Invalid object name 'MonsterKillCount'.
[20:58:05] EXEC IGC_Monster_KillCount_Save 'refuseLem', 310
[20:58:05] SQLSTATE: 42S02, Diagnosis: [Microsoft][ODBC SQL Server Driver][SQL Server]Invalid object name 'MonsterKillCount'.
[20:58:05] EXEC IGC_Monster_KillCount_Save 'DTLove9', 573
[20:58:05] SQLSTATE: 42S02, Diagnosis: [Microsoft][ODBC SQL Server Driver][SQL Server]Invalid object name 'MonsterKillCount'.
[20:58:05] EXEC IGC_Monster_KillCount_Save 'DTLove9', 573
[20:58:05] SQLSTATE: 42S02, Diagnosis: [Microsoft][ODBC SQL Server Driver][SQL Server]Invalid object name 'MonsterKillCount'.
[20:58:06] EXEC IGC_Monster_KillCount_Save 'Saken', 772
[20:58:06] SQLSTATE: 42S02, Diagnosis: [Microsoft][ODBC SQL Server Driver][SQL Server]Invalid object name 'MonsterKillCount'.
[20:58:06] EXEC IGC_Monster_KillCount_Save '7event', 20
[20:58:06] SQLSTATE: 42S02, Diagnosis: [Microsoft][ODBC SQL Server Driver][SQL Server]Invalid object name 'MonsterKillCount'.
[20:58:06] EXEC IGC_Monster_KillCount_Save 'Lancer', 35
[20:58:06] SQLSTATE: 42S02, Diagnosis: [Microsoft][ODBC SQL Server Driver][SQL Server]Invalid object name 'MonsterKillCount'.
[20:58:06] EXEC IGC_Monster_KillCount_Save 'Lancer', 35
[20:58:06] SQLSTATE: 42S02, Diagnosis: [Microsoft][ODBC SQL Server Driver][SQL Server]Invalid object name 'MonsterKillCount'.
[20:58:06] EXEC IGC_Monster_KillCount_Save '9PORSCHE', 45
[20:58:06] SQLSTATE: 42S02, Diagnosis: [Microsoft][ODBC SQL Server Driver][SQL Server]Invalid object name 'MonsterKillCount'.
[20:58:06] EXEC IGC_Monster_KillCount_Save 'bbbbb', 353
[20:58:06] SQLSTATE: 42S02, Diagnosis: [Microsoft][ODBC SQL Server Driver][SQL Server]Invalid object name 'MonsterKillCount'.
[20:58:06] EXEC IGC_Monster_KillCount_Save '101IK', 484
[20:58:06] SQLSTATE: 42S02, Diagnosis: [Microsoft][ODBC SQL Server Driver][SQL Server]Invalid object name 'MonsterKillCount'.
[20:58:06] EXEC IGC_Monster_KillCount_Save '101IK', 484
[20:58:06] SQLSTATE: 42S02, Diagnosis: [Microsoft][ODBC SQL Server Driver][SQL Server]Invalid object name 'MonsterKillCount'.
[20:58:06] EXEC IGC_Monster_KillCount_Save 'The5', 732
[20:58:06] SQLSTATE: 42S02, Diagnosis: [Microsoft][ODBC SQL Server Driver][SQL Server]Invalid object name 'MonsterKillCount'.
[20:58:06] EXEC IGC_Monster_KillCount_Save 'Resnis', 768
[20:58:06] SQLSTATE: 42S02, Diagnosis: [Microsoft][ODBC SQL Server Driver][SQL Server]Invalid object name 'MonsterKillCount'.
[20:58:06] EXEC IGC_Monster_KillCount_Save 'Ruub', 358
[20:58:06] SQLSTATE: 42S02, Diagnosis: [Microsoft][ODBC SQL Server Driver][SQL Server]Invalid object name 'MonsterKillCount'.
[20:58:06] EXEC IGC_Monster_KillCount_Save 'Ulquiora', 575
[20:58:06] SQLSTATE: 42S02, Diagnosis: [Microsoft][ODBC SQL Server Driver][SQL Server]Invalid object name 'MonsterKillCount'.
[20:58:06] EXEC IGC_Monster_KillCount_Save 'BabyFace', 768
[20:58:06] SQLSTATE: 42S02, Diagnosis: [Microsoft][ODBC SQL Server Driver][SQL Server]Invalid object name 'MonsterKillCount'.
[20:58:06] EXEC IGC_Monster_KillCount_Save '9PORSCHE', 45
[20:58:06] EXEC IGC_RealmItemDropUpdate 12, 2732
[20:58:06] SQLSTATE: 42S02, Diagnosis: [Microsoft][ODBC SQL Server Driver][SQL Server]Invalid object name 'MonsterKillCount'.
[20:58:06] EXEC IGC_Monster_KillCount_Save '9PORSCHE', 45
[20:58:06] SQLSTATE: 42S02, Diagnosis: [Microsoft][ODBC SQL Server Driver][SQL Server]Invalid object name 'MonsterKillCount'.
[20:58:06] EXEC IGC_Monster_KillCount_Save '9PORSCHE', 45
[20:58:06] SQLSTATE: 42S02, Diagnosis: [Microsoft][ODBC SQL Server Driver][SQL Server]Invalid object name 'MonsterKillCount'.
[20:58:06] EXEC IGC_Monster_KillCount_Save 'ReflektMD', 608
[20:58:06] SQLSTATE: 42S02, Diagnosis: [Microsoft][ODBC SQL Server Driver][SQL Server]Invalid object name 'MonsterKillCount'.
[20:58:06] EXEC IGC_Monster_KillCount_Save 'pigiVN', 730
[20:58:06] SQLSTATE: 42S02, Diagnosis: [Microsoft][ODBC SQL Server Driver][SQL Server]Invalid object name 'MonsterKillCount'.
[20:58:06] EXEC IGC_Monster_KillCount_Save 'The5', 730
[20:58:06] SQLSTATE: 42S02, Diagnosis: [Microsoft][ODBC SQL Server Driver][SQL Server]Invalid object name 'MonsterKillCount'.
[20:58:06] EXEC IGC_Monster_KillCount_Save 'The5', 730
[20:58:06] SQLSTATE: 42S02, Diagnosis: [Microsoft][ODBC SQL Server Driver][SQL Server]Invalid object name 'MonsterKillCount'.
[20:58:06] EXEC IGC_Monster_KillCount_Save 'pigiVN', 732
[20:58:06] SQLSTATE: 42S02, Diagnosis: [Microsoft][ODBC SQL Server Driver][SQL Server]Invalid object name 'MonsterKillCount'.
[20:58:06] EXEC IGC_Monster_KillCount_Save 'ThayDayLy', 770
[20:58:06] SQLSTATE: 42S02, Diagnosis: [Microsoft][ODBC SQL Server Driver][SQL Server]Invalid object name 'MonsterKillCount'.
[20:58:06] EXEC IGC_Monster_KillCount_Save 'Kiborg', 771
[20:58:06] SQLSTATE: 42S02, Diagnosis: [Microsoft][ODBC SQL Server Driver][SQL Server]Invalid object name 'MonsterKillCount'.
[20:58:06] EXEC IGC_Monster_KillCount_Save '0oZeuso0', 786
[20:58:06] SQLSTATE: 42S02, Diagnosis: [Microsoft][ODBC SQL Server Driver][SQL Server]Invalid object name 'MonsterKillCount'.
[20:58:06] EXEC IGC_Monster_KillCount_Save 'S123', 789
[20:58:06] SQLSTATE: 42S02, Diagnosis: [Microsoft][ODBC SQL Server Driver][SQL Server]Invalid object name 'MonsterKillCount'.
[20:58:06] UPDATE Character SET cLevel=400, mLevel=393, Class=195,LevelUpPoint=0, mlPoint=2, Experience=3853180094, mlExperience=396144000, mlNextExp=11556122086, Strength=200, Dexterity=392, Vitality=19, Energy=1739, Money=66722243, Life=1867.000000, MaxLife=904.000000, Mana=5844.000000, MaxMana=4911.000000, MapNumber=34, MapPosX=238, MapPosY=111, MapDir=5, PkCount=0, PkLevel=3, PkTime=0, Leadership=0, ChatLimitTime=0, RESETS = 0, Married = 0, MarryName = '', WinDuels=0, LoseDuels=0, BlockChatTime=0, PenaltyMask=0, Ruud=0, OpenHuntingLog=112, StatGP=0, StatCoin=0, i4thSkillPoint=0, AddStrength=0, AddDexterity=0, AddVitality=0, AddEnergy=0, FruitAddPoint=0, FruitDecPoint=0, GrandResets=0, MonStat=0, Age=0, CJL=0, SIC=0, WingCoreType=255, WingCoreLevel=255, GiantMountType=0, GiantMountWear=0, AddLeadership=0 WHERE Name = 'refuseLem'
[20:58:06] EXEC IGC_GensSave 'refuseLem', 10, 0
[20:58:06] EXEC IGC_PentagramInfoUpdate 21, 'r2dnr8', 'refuseLem', 1, 0, 12, 222, 20, 0, 14, 0, 15, 15, 15, 15, 15, 15, 15, 15, 15
[20:58:06] UPDATE Character SET Inventory=? WHERE Name='refuseLem'
[20:58:06] EXEC IGC_PentagramInfoUpdate 21, 'r2dnr8', 'refuseLem', 1, 1, 12, 232, 20, 0, 14, 0, 15, 15, 15, 15, 15, 15, 15, 15, 15
[20:58:06] DELETE FROM IGC_GensAbuse WHERE Name = 'refuseLem'
[20:58:06] UPDATE Character SET MagicList=? WHERE Name='refuseLem'
[20:58:06] EXEC IGC_PentagramInfoUpdate 21, 'r2dnr8', 'refuseLem', 1, 2, 12, 242, 20, 0, 14, 0, 15, 15, 15, 15, 15, 15, 15, 15, 15
[20:58:06] UPDATE Character SET Quest=? WHERE Name='refuseLem'
[20:58:06] EXEC IGC_PentagramInfoUpdate 21, 'r2dnr8', 'refuseLem', 1, 3, 12, 252, 20, 0, 14, 0, 15, 15, 15, 15, 15, 15, 15, 15, 15
[20:58:06] UPDATE T_Event_Inventory SET Inventory=? WHERE Name = 'refuseLem'
[20:58:06] EXEC IGC_ClassQuest_MonsterKillSave 'refuseLem', -1, -1, 0, -1, 0, -1, 0, -1, 0, -1, 0
[20:58:06] EXEC IGC_EvolutionMonsterInfoSave 'r2dnr8', 'refuseLem', -1, 0, 0, -1, 0, 0, -1, 0, 0, -1, 0, 0, -1, 0, 0, 0
[20:58:06] UPDATE IGC_Muun_Inventory SET Items=? WHERE Name='refuseLem'
[20:58:06] EXEC IGC_SetSaveRestoreInventory 'r2dnr8', 'refuseLem', ?
[20:58:06] EXEC IGC_MuunConditionInfoSetSave 'refuseLem', 0, 255, 0
[20:58:06] EXEC IGC_MuunConditionInfoSetSave 'refuseLem', 1, 255, 0
[20:58:06] EXEC IGC_EventMapEnterCount_Set 'refuseLem', 0, 0, 0, 0, 0, 0, 0
[20:58:06] EXEC IGC_MuunConditionInfoSetSave 'refuseLem', 2, 255, 0
[20:58:06] EXEC IGC_HuntingRecordInfoSave 'r2dnr8', 'refuseLem', 34, 2024, 12, 27, 793, 75403, 1504586306, 1166416, 0, 26247, 3996633768, 12, 26390, 560, 9, 6, 0, 0
[20:58:06] EXEC IGC_HuntingRecordInfoUserOpenSave 'r2dnr8', 'refuseLem', 1
[20:58:06] DELETE FROM IGC_BlockChat WHERE Name = 'refuseLem'
[20:58:06] EXEC IGC_ResetInfoSave 470, 0
[20:58:06] SELECT character_id FROM IGC_SeasonPass WHERE character_id = 470
[20:58:06] UPDATE IGC_SeasonPass SET pass_id = 1, pass_type = 0, pass_level = 4, pass_experience = 937, complete_mission = 6, today_exp = 151, mu_pass_reward = 2, gold_pass_reward = 0, premium_pass_reward = 0, last_login = 1735322286 WHERE character_id = 470
[20:58:06] SELECT character_id FROM IGC_SeasonPassTicket WHERE character_id = 470
[20:58:06] UPDATE IGC_SeasonPassTicket SET ticket_count = 0, special_point = 0 WHERE character_id = 470
[20:58:06] DELETE FROM IGC_SeasonPassMission WHERE character_id = 470
[20:58:06] INSERT INTO IGC_SeasonPassMission (character_id, mission_index, mission_type, current_step, current_amount) VALUES (470, 0, 0, 10, 2160)
[20:58:06] INSERT INTO IGC_SeasonPassMission (character_id, mission_index, mission_type, current_step, current_amount) VALUES (470, 1, 1, 7, 1700)
[20:58:06] INSERT INTO IGC_SeasonPassMission (character_id, mission_index, mission_type, current_step, current_amount) VALUES (470, 2, 2, 5, 34473)
[20:58:06] INSERT INTO IGC_SeasonPassMission (character_id, mission_index, mission_type, current_step, current_amount) VALUES (470, 4, 4, 3, 6)
[20:58:07] INSERT INTO IGC_SeasonPassMission (character_id, mission_index, mission_type, current_step, current_amount) VALUES (470, 11, 11, 1, 1)
[20:58:07] INSERT INTO IGC_SeasonPassMission (character_id, mission_index, mission_type, current_step, current_amount) VALUES (470, 24, 24, 1, 1)
[20:58:07] UPDATE IGC_HuntPoint SET HuntPoint=2500,Monsters=0,Buffs='|0=12.5||1=12.5||2=12.5||3=12.5||4=12.5||5=12.5||6=12.5||7=12.5|',Inactive=0,Quest='|0=0.0||1=0.0||2=0.0||3=0.0||4=0.0||5=0.0||6=0.0||7=0.0|', WeekMonsters=0 WHERE Name = 'refuseLem'
[20:58:07] UPDATE IGC_HuntPoint SET QuestState=? where Name='refuseLem'
[20:58:07] EXEC IGC_Monster_KillCount_Save 'TDLove', 573
[20:58:07] SQLSTATE: 42S02, Diagnosis: [Microsoft][ODBC SQL Server Driver][SQL Server]Invalid object name 'MonsterKillCount'.
[20:58:07] EXEC IGC_Monster_KillCount_Save 'TDLove', 573
[20:58:07] SQLSTATE: 42S02, Diagnosis: [Microsoft][ODBC SQL Server Driver][SQL Server]Invalid object name 'MonsterKillCount'.
[20:58:07] EXEC IGC_Monster_KillCount_Save 'TDLove', 573
[20:58:07] SQLSTATE: 42S02, Diagnosis: [Microsoft][ODBC SQL Server Driver][SQL Server]Invalid object name 'MonsterKillCount'.
[20:58:07] EXEC IGC_Monster_KillCount_Save 'TDLove', 573
[20:58:07] SQLSTATE: 42S02, Diagnosis: [Microsoft][ODBC SQL Server Driver][SQL Server]Invalid object name 'MonsterKillCount'.
[20:58:07] EXEC IGC_Monster_KillCount_Save 'TDLove', 573
[20:58:07] SQLSTATE: 42S02, Diagnosis: [Microsoft][ODBC SQL Server Driver][SQL Server]Invalid object name 'MonsterKillCount'.
[20:58:07] EXEC IGC_Monster_KillCount_Save 'RatLaVLon', 767
[20:58:07] SQLSTATE: 42S02, Diagnosis: [Microsoft][ODBC SQL Server Driver][SQL Server]Invalid object name 'MonsterKillCount'.
[20:58:07] EXEC IGC_Monster_KillCount_Save 'RatLaVLon', 767
[20:58:07] SQLSTATE: 42S02, Diagnosis: [Microsoft][ODBC SQL Server Driver][SQL Server]Invalid object name 'MonsterKillCount'.
[20:58:07] EXEC IGC_Monster_KillCount_Save 'RatLaVLon', 767
[20:58:07] SQLSTATE: 42S02, Diagnosis: [Microsoft][ODBC SQL Server Driver][SQL Server]Invalid object name 'MonsterKillCount'.
[20:58:07] EXEC IGC_Monster_KillCount_Save 'refuseEBK', 771
[20:58:07] SQLSTATE: 42S02, Diagnosis: [Microsoft][ODBC SQL Server Driver][SQL Server]Invalid object name 'MonsterKillCount'.
[20:58:07] EXEC IGC_Monster_KillCount_Save 'Saken', 772
[20:58:07] SQLSTATE: 42S02, Diagnosis: [Microsoft][ODBC SQL Server Driver][SQL Server]Invalid object name 'MonsterKillCount'.
[20:58:07] EXEC IGC_Monster_KillCount_Save 'SacreD', 772
[20:58:07] SQLSTATE: 42S02, Diagnosis: [Microsoft][ODBC SQL Server Driver][SQL Server]Invalid object name 'MonsterKillCount'.
[20:58:07] EXEC IGC_Monster_KillCount_Save 'SacreD', 772
[20:58:07] SQLSTATE: 42S02, Diagnosis: [Microsoft][ODBC SQL Server Driver][SQL Server]Invalid object name 'MonsterKillCount'.
[20:58:07] EXEC IGC_Monster_KillCount_Save '3WindSoul', 445
[20:58:07] SQLSTATE: 42S02, Diagnosis: [Microsoft][ODBC SQL Server Driver][SQL Server]Invalid object name 'MonsterKillCount'.
[20:58:07] EXEC IGC_Monster_KillCount_Save 'isker', 449
[20:58:07] SQLSTATE: 42S02, Diagnosis: [Microsoft][ODBC SQL Server Driver][SQL Server]Invalid object name 'MonsterKillCount'.
[20:58:07] EXEC IGC_Monster_KillCount_Save '3KunDun', 484
[20:58:07] SQLSTATE: 42S02, Diagnosis: [Microsoft][ODBC SQL Server Driver][SQL Server]Invalid object name 'MonsterKillCount'.
[20:58:07] EXEC IGC_Monster_KillCount_Save 'ReflektMD', 608
[20:58:07] SQLSTATE: 42S02, Diagnosis: [Microsoft][ODBC SQL Server Driver][SQL Server]Invalid object name 'MonsterKillCount'.
[20:58:07] EXEC IGC_Monster_KillCount_Save 'MisterMD', 608
[20:58:07] SQLSTATE: 42S02, Diagnosis: [Microsoft][ODBC SQL Server Driver][SQL Server]Invalid object name 'MonsterKillCount'.
[20:58:07] EXEC IGC_Monster_KillCount_Save 'The7', 730
[20:58:07] SQLSTATE: 42S02, Diagnosis: [Microsoft][ODBC SQL Server Driver][SQL Server]Invalid object name 'MonsterKillCount'.
[20:58:07] EXEC IGC_Monster_KillCount_Save 'The7', 730
[20:58:07] SQLSTATE: 42S02, Diagnosis: [Microsoft][ODBC SQL Server Driver][SQL Server]Invalid object name 'MonsterKillCount'.
[20:58:07] EXEC IGC_Monster_KillCount_Save 'The7', 731
[20:58:07] SQLSTATE: 42S02, Diagnosis: [Microsoft][ODBC SQL Server Driver][SQL Server]Invalid object name 'MonsterKillCount'.
[20:58:07] EXEC IGC_Monster_KillCount_Save 'CS116', 768
[20:58:07] SQLSTATE: 42S02, Diagnosis: [Microsoft][ODBC SQL Server Driver][SQL Server]Invalid object name 'MonsterKillCount'.
[20:58:07] EXEC IGC_Monster_KillCount_Save 'KimChuaXau', 786
[20:58:07] SQLSTATE: 42S02, Diagnosis: [Microsoft][ODBC SQL Server Driver][SQL Server]Invalid object name 'MonsterKillCount'.
[20:58:07] EXEC IGC_Monster_KillCount_Save 'Elvis', 789
[20:58:07] SQLSTATE: 42S02, Diagnosis: [Microsoft][ODBC SQL Server Driver][SQL Server]Invalid object name 'MonsterKillCount'.
[20:58:07] SELECT Id FROM AccountCharacter WHERE Id='foxnix'
[20:58:07] SELECT * FROM AccountCharacter WHERE Id='foxnix'
[20:58:07] SELECT WarehouseExpansion, MagicGladiator, DarkLord, Summoner, RageFighter, GrowLancer, RuneWizard, Slayer, GunCrusher, LightWizard, LemuriaMage, IllusionKnight, SecCode, ILC, LastCreateDate, CharacterCreateCountUsed FROM AccountCharacter WHERE Id='foxnix'
[20:58:07] SELECT cLevel, mLevel, Class, CtlCode, PkLevel, SIC, WingCoreType, WingCoreLevel FROM vCharacterPreview WHERE Name = 'Ti4ka'
[20:58:07] SELECT Inventory FROM Character WHERE Name='Ti4ka'
[20:58:07] SELECT RESETS FROM Character WHERE Name='Ti4ka'
[20:58:07] SELECT G_Status FROM GuildMember WHERE Name='Ti4ka'
[20:58:07] SELECT cLevel, mLevel, Class, CtlCode, PkLevel, SIC, WingCoreType, WingCoreLevel FROM vCharacterPreview WHERE Name = '1111q'
[20:58:07] SELECT Inventory FROM Character WHERE Name='1111q'
[20:58:07] SELECT RESETS FROM Character WHERE Name='1111q'
[20:58:07] SELECT G_Status FROM GuildMember WHERE Name='1111q'
[20:58:07] SELECT cLevel, mLevel, Class, CtlCode, PkLevel, SIC, WingCoreType, WingCoreLevel FROM vCharacterPreview WHERE Name = '2222q'
[20:58:07] SELECT Inventory FROM Character WHERE Name='2222q'
[20:58:07] SELECT RESETS FROM Character WHERE Name='2222q'
[20:58:07] SELECT G_Status FROM GuildMember WHERE Name='2222q'
[20:58:07] SELECT cLevel, mLevel, Class, CtlCode, PkLevel, SIC, WingCoreType, WingCoreLevel FROM vCharacterPreview WHERE Name = '33333q'
[20:58:07] SELECT Inventory FROM Character WHERE Name='33333q'
[20:58:07] SELECT RESETS FROM Character WHERE Name='33333q'
[20:58:07] SELECT G_Status FROM GuildMember WHERE Name='33333q'
[20:58:07] SELECT cLevel, mLevel, Class, CtlCode, PkLevel, SIC, WingCoreType, WingCoreLevel FROM vCharacterPreview WHERE Name = '444444q'
[20:58:07] SELECT Inventory FROM Character WHERE Name='444444q'
[20:58:07] SELECT RESETS FROM Character WHERE Name='444444q'
[20:58:07] SELECT G_Status FROM GuildMember WHERE Name='444444q'
[20:58:07] EXEC IGC_Monster_KillCount_Save 'HongAnhGL', 732
[20:58:07] SQLSTATE: 42S02, Diagnosis: [Microsoft][ODBC SQL Server Driver][SQL Server]Invalid object name 'MonsterKillCount'.
[20:58:07] EXEC IGC_Monster_KillCount_Save 'Mrdka', 743
[20:58:07] SQLSTATE: 42S02, Diagnosis: [Microsoft][ODBC SQL Server Driver][SQL Server]Invalid object name 'MonsterKillCount'.
[20:58:07] EXEC IGC_Monster_KillCount_Save 'RatLaVLon', 767
[20:58:07] SQLSTATE: 42S02, Diagnosis: [Microsoft][ODBC SQL Server Driver][SQL Server]Invalid object name 'MonsterKillCount'.
[20:58:07] EXEC IGC_Monster_KillCount_Save 'RatLaVLon', 767
[20:58:07] SQLSTATE: 42S02, Diagnosis: [Microsoft][ODBC SQL Server Driver][SQL Server]Invalid object name 'MonsterKillCount'.
[20:58:07] EXEC IGC_Monster_KillCount_Save 'RatLaVLon', 767
[20:58:07] SQLSTATE: 42S02, Diagnosis: [Microsoft][ODBC SQL Server Driver][SQL Server]Invalid object name 'MonsterKillCount'.
[20:58:07] EXEC IGC_Monster_KillCount_Save 'RatLaVLon', 767
[20:58:07] SQLSTATE: 42S02, Diagnosis: [Microsoft][ODBC SQL Server Driver][SQL Server]Invalid object name 'MonsterKillCount'.
[20:58:07] EXEC IGC_Monster_KillCount_Save 'zZElfHitZz', 770
[20:58:07] SQLSTATE: 42S02, Diagnosis: [Microsoft][ODBC SQL Server Driver][SQL Server]Invalid object name 'MonsterKillCount'.
[20:58:07] EXEC IGC_Monster_KillCount_Save 'Resnais', 768
[20:58:07] SQLSTATE: 42S02, Diagnosis: [Microsoft][ODBC SQL Server Driver][SQL Server]Invalid object name 'MonsterKillCount'.
[20:58:07] EXEC IGC_Monster_KillCount_Save 'refuseDL', 69
[20:58:07] SQLSTATE: 42S02, Diagnosis: [Microsoft][ODBC SQL Server Driver][SQL Server]Invalid object name 'MonsterKillCount'.
[20:58:07] EXEC IGC_Monster_KillCount_Save 'bbbbb', 353
[20:58:07] SQLSTATE: 42S02, Diagnosis: [Microsoft][ODBC SQL Server Driver][SQL Server]Invalid object name 'MonsterKillCount'.
[20:58:07] EXEC IGC_Monster_KillCount_Save 'Hocok', 446
[20:58:07] SQLSTATE: 42S02, Diagnosis: [Microsoft][ODBC SQL Server Driver][SQL Server]Invalid object name 'MonsterKillCount'.
[20:58:07] EXEC IGC_Monster_KillCount_Save 'The7', 730
[20:58:07] SQLSTATE: 42S02, Diagnosis: [Microsoft][ODBC SQL Server Driver][SQL Server]Invalid object name 'MonsterKillCount'.
[20:58:07] EXEC IGC_Monster_KillCount_Save 'KimChuaXau', 786
[20:58:07] SQLSTATE: 42S02, Diagnosis: [Microsoft][ODBC SQL Server Driver][SQL Server]Invalid object name 'MonsterKillCount'.
[20:58:07] SELECT Name FROM IGC_FavouriteWarpData WHERE Name = 'MissMD'
[20:58:07] UPDATE IGC_FavouriteWarpData SET WarpIndex_1 = -1, WarpMapNum_1 = -1, WarpIndex_2 = -1, WarpMapNum_2 = -1, WarpIndex_3 = -1, WarpMapNum_3 = -1, WarpIndex_4 = -1, WarpMapNum_4 = -1, WarpIndex_5 = -1, WarpMapNum_5 = -1 WHERE Name = 'MissMD'
[20:58:07] EXEC IGC_Monster_KillCount_Save 'ikacko', 487
[20:58:07] SQLSTATE: 42S02, Diagnosis: [Microsoft][ODBC SQL Server Driver][SQL Server]Invalid object name 'MonsterKillCount'.
[20:58:07] EXEC IGC_Monster_KillCount_Save 'Mrdka', 743
[20:58:07] SQLSTATE: 42S02, Diagnosis: [Microsoft][ODBC SQL Server Driver][SQL Server]Invalid object name 'MonsterKillCount'.
[20:58:08] EXEC IGC_Monster_KillCount_Save 'Duud', 444
[20:58:08] SQLSTATE: 42S02, Diagnosis: [Microsoft][ODBC SQL Server Driver][SQL Server]Invalid object name 'MonsterKillCount'.
[20:58:08] EXEC IGC_Monster_KillCount_Save 'isker', 449
[20:58:08] SQLSTATE: 42S02, Diagnosis: [Microsoft][ODBC SQL Server Driver][SQL Server]Invalid object name 'MonsterKillCount'.
[20:58:08] EXEC IGC_Monster_KillCount_Save '100GL', 486
[20:58:08] SQLSTATE: 42S02, Diagnosis: [Microsoft][ODBC SQL Server Driver][SQL Server]Invalid object name 'MonsterKillCount'.
[20:58:08] EXEC IGC_Monster_KillCount_Save 'ArthurMD', 589
[20:58:08] SQLSTATE: 42S02, Diagnosis: [Microsoft][ODBC SQL Server Driver][SQL Server]Invalid object name 'MonsterKillCount'.
[20:58:08] EXEC IGC_Monster_KillCount_Save 'pigiVN', 730
[20:58:08] SQLSTATE: 42S02, Diagnosis: [Microsoft][ODBC SQL Server Driver][SQL Server]Invalid object name 'MonsterKillCount'.
[20:58:08] EXEC IGC_Monster_KillCount_Save 'ThayDayLy', 770
[20:58:08] SQLSTATE: 42S02, Diagnosis: [Microsoft][ODBC SQL Server Driver][SQL Server]Invalid object name 'MonsterKillCount'.
[20:58:08] EXEC IGC_Monster_KillCount_Save 'Ladyzinha', 770
[20:58:08] SQLSTATE: 42S02, Diagnosis: [Microsoft][ODBC SQL Server Driver][SQL Server]Invalid object name 'MonsterKillCount'.
[20:58:08] EXEC IGC_Monster_KillCount_Save 'Resnis', 768
[20:58:08] SQLSTATE: 42S02, Diagnosis: [Microsoft][ODBC SQL Server Driver][SQL Server]Invalid object name 'MonsterKillCount'.
[20:58:08] EXEC IGC_Monster_KillCount_Save 'cs113', 768
[20:58:08] SQLSTATE: 42S02, Diagnosis: [Microsoft][ODBC SQL Server Driver][SQL Server]Invalid object name 'MonsterKillCount'.
[20:58:08] EXEC IGC_Monster_KillCount_Save 'Candy', 786
[20:58:08] SQLSTATE: 42S02, Diagnosis: [Microsoft][ODBC SQL Server Driver][SQL Server]Invalid object name 'MonsterKillCount'.
[20:58:08] SELECT Name FROM IGC_FavouriteWarpData WHERE Name = 'DeMoH'
[20:58:08] UPDATE IGC_FavouriteWarpData SET WarpIndex_1 = -1, WarpMapNum_1 = -1, WarpIndex_2 = -1, WarpMapNum_2 = -1, WarpIndex_3 = -1, WarpMapNum_3 = -1, WarpIndex_4 = -1, WarpMapNum_4 = -1, WarpIndex_5 = -1, WarpMapNum_5 = -1 WHERE Name = 'DeMoH'
[20:58:08] EXEC IGC_Monster_KillCount_Save 'Resnais', 768
[20:58:08] SQLSTATE: 42S02, Diagnosis: [Microsoft][ODBC SQL Server Driver][SQL Server]Invalid object name 'MonsterKillCount'.
[20:58:08] EXEC WZ_CS_ModifyMoney 0, 3870
[20:58:08] EXEC IGC_Monster_KillCount_Save 'refuseDL', 69
[20:58:08] SQLSTATE: 42S02, Diagnosis: [Microsoft][ODBC SQL Server Driver][SQL Server]Invalid object name 'MonsterKillCount'.
[20:58:08] EXEC IGC_Monster_KillCount_Save '3WindSoul', 445
[20:58:08] SQLSTATE: 42S02, Diagnosis: [Microsoft][ODBC SQL Server Driver][SQL Server]Invalid object name 'MonsterKillCount'.
[20:58:08] EXEC IGC_Monster_KillCount_Save 'isk5', 447
[20:58:08] SQLSTATE: 42S02, Diagnosis: [Microsoft][ODBC SQL Server Driver][SQL Server]Invalid object name 'MonsterKillCount'.
[20:58:08] EXEC IGC_Monster_KillCount_Save 'isk5', 447
[20:58:08] SQLSTATE: 42S02, Diagnosis: [Microsoft][ODBC SQL Server Driver][SQL Server]Invalid object name 'MonsterKillCount'.
[20:58:08] EXEC IGC_Monster_KillCount_Save 'isk5', 447
[20:58:08] SQLSTATE: 42S02, Diagnosis: [Microsoft][ODBC SQL Server Driver][SQL Server]Invalid object name 'MonsterKillCount'.
[20:58:08] EXEC IGC_Monster_KillCount_Save 'isk5', 447
[20:58:08] SQLSTATE: 42S02, Diagnosis: [Microsoft][ODBC SQL Server Driver][SQL Server]Invalid object name 'MonsterKillCount'.
[20:58:08] EXEC IGC_Monster_KillCount_Save 'isk5', 447
[20:58:08] SQLSTATE: 42S02, Diagnosis: [Microsoft][ODBC SQL Server Driver][SQL Server]Invalid object name 'MonsterKillCount'.
[20:58:08] EXEC IGC_Monster_KillCount_Save '100GL', 486
[20:58:08] SQLSTATE: 42S02, Diagnosis: [Microsoft][ODBC SQL Server Driver][SQL Server]Invalid object name 'MonsterKillCount'.
[20:58:08] EXEC IGC_Monster_KillCount_Save 'Summmer', 570
[20:58:08] SQLSTATE: 42S02, Diagnosis: [Microsoft][ODBC SQL Server Driver][SQL Server]Invalid object name 'MonsterKillCount'.
[20:58:08] EXEC IGC_Monster_KillCount_Save 'Summmer', 570
[20:58:08] SQLSTATE: 42S02, Diagnosis: [Microsoft][ODBC SQL Server Driver][SQL Server]Invalid object name 'MonsterKillCount'.
[20:58:08] EXEC IGC_Monster_KillCount_Save 'AstroX', 731
[20:58:08] SQLSTATE: 42S02, Diagnosis: [Microsoft][ODBC SQL Server Driver][SQL Server]Invalid object name 'MonsterKillCount'.
[20:58:08] EXEC IGC_Monster_KillCount_Save 'GL01', 770
[20:58:08] SQLSTATE: 42S02, Diagnosis: [Microsoft][ODBC SQL Server Driver][SQL Server]Invalid object name 'MonsterKillCount'.
[20:58:08] EXEC IGC_Monster_KillCount_Save 'FunnyBunny', 771
[20:58:08] SQLSTATE: 42S02, Diagnosis: [Microsoft][ODBC SQL Server Driver][SQL Server]Invalid object name 'MonsterKillCount'.
[20:58:08] EXEC IGC_Monster_KillCount_Save 'qwer', 787
[20:58:08] SQLSTATE: 42S02, Diagnosis: [Microsoft][ODBC SQL Server Driver][SQL Server]Invalid object name 'MonsterKillCount'.
[20:58:08] EXEC IGC_Monster_KillCount_Save 'lili', 787
[20:58:08] SQLSTATE: 42S02, Diagnosis: [Microsoft][ODBC SQL Server Driver][SQL Server]Invalid object name 'MonsterKillCount'.
[20:58:08] EXEC IGC_Monster_KillCount_Save 'Elvis', 789
[20:58:08] SQLSTATE: 42S02, Diagnosis: [Microsoft][ODBC SQL Server Driver][SQL Server]Invalid object name 'MonsterKillCount'.
[20:58:08] EXEC IGC_Monster_KillCount_Save 'GL06', 893
[20:58:08] SQLSTATE: 42S02, Diagnosis: [Microsoft][ODBC SQL Server Driver][SQL Server]Invalid object name 'MonsterKillCount'.
[20:58:08] EXEC IGC_Monster_KillCount_Save 'GL03', 893
[20:58:08] SQLSTATE: 42S02, Diagnosis: [Microsoft][ODBC SQL Server Driver][SQL Server]Invalid object name 'MonsterKillCount'.
[20:58:09] EXEC IGC_Monster_KillCount_Save 'refuseWW', 771
[20:58:09] SQLSTATE: 42S02, Diagnosis: [Microsoft][ODBC SQL Server Driver][SQL Server]Invalid object name 'MonsterKillCount'.
[20:58:09] EXEC IGC_Monster_KillCount_Save 'Ronan', 33
[20:58:09] SQLSTATE: 42S02, Diagnosis: [Microsoft][ODBC SQL Server Driver][SQL Server]Invalid object name 'MonsterKillCount'.
[20:58:09] EXEC IGC_Monster_KillCount_Save '3KunDun', 484
[20:58:09] SQLSTATE: 42S02, Diagnosis: [Microsoft][ODBC SQL Server Driver][SQL Server]Invalid object name 'MonsterKillCount'.
[20:58:09] EXEC IGC_Monster_KillCount_Save '3KunDun', 484
[20:58:09] SQLSTATE: 42S02, Diagnosis: [Microsoft][ODBC SQL Server Driver][SQL Server]Invalid object name 'MonsterKillCount'.
[20:58:09] EXEC IGC_Monster_KillCount_Save '3KunDun', 484
[20:58:09] SQLSTATE: 42S02, Diagnosis: [Microsoft][ODBC SQL Server Driver][SQL Server]Invalid object name 'MonsterKillCount'.
[20:58:09] EXEC IGC_Monster_KillCount_Save 'ArthurMD', 589
[20:58:09] SQLSTATE: 42S02, Diagnosis: [Microsoft][ODBC SQL Server Driver][SQL Server]Invalid object name 'MonsterKillCount'.
[20:58:09] EXEC IGC_Monster_KillCount_Save 'MisterMD', 608
[20:58:09] SQLSTATE: 42S02, Diagnosis: [Microsoft][ODBC SQL Server Driver][SQL Server]Invalid object name 'MonsterKillCount'.
[20:58:09] EXEC IGC_Monster_KillCount_Save 'Buff666', 768
[20:58:09] SQLSTATE: 42S02, Diagnosis: [Microsoft][ODBC SQL Server Driver][SQL Server]Invalid object name 'MonsterKillCount'.
[20:58:09] EXEC IGC_Monster_KillCount_Save 'CS114', 768
[20:58:09] SQLSTATE: 42S02, Diagnosis: [Microsoft][ODBC SQL Server Driver][SQL Server]Invalid object name 'MonsterKillCount'.
[20:58:09] EXEC IGC_Monster_KillCount_Save 'GL03', 893
[20:58:09] SQLSTATE: 42S02, Diagnosis: [Microsoft][ODBC SQL Server Driver][SQL Server]Invalid object name 'MonsterKillCount'.
[20:58:09] SELECT Name FROM IGC_FavouriteWarpData WHERE Name = 'DeMoH'
[20:58:09] UPDATE IGC_FavouriteWarpData SET WarpIndex_1 = -1, WarpMapNum_1 = -1, WarpIndex_2 = -1, WarpMapNum_2 = -1, WarpIndex_3 = -1, WarpMapNum_3 = -1, WarpIndex_4 = -1, WarpMapNum_4 = -1, WarpIndex_5 = -1, WarpMapNum_5 = -1 WHERE Name = 'DeMoH'
[20:58:09] EXEC IGC_Monster_KillCount_Save 'TDLove2', 570
[20:58:09] SQLSTATE: 42S02, Diagnosis: [Microsoft][ODBC SQL Server Driver][SQL Server]Invalid object name 'MonsterKillCount'.
[20:58:09] EXEC IGC_Monster_KillCount_Save 'TDLove2', 570
[20:58:09] SQLSTATE: 42S02, Diagnosis: [Microsoft][ODBC SQL Server Driver][SQL Server]Invalid object name 'MonsterKillCount'.
[20:58:09] EXEC IGC_Monster_KillCount_Save 'TDLove2', 570
[20:58:09] SQLSTATE: 42S02, Diagnosis: [Microsoft][ODBC SQL Server Driver][SQL Server]Invalid object name 'MonsterKillCount'.
[20:58:09] EXEC IGC_Monster_KillCount_Save 'TDLove2', 570
[20:58:09] SQLSTATE: 42S02, Diagnosis: [Microsoft][ODBC SQL Server Driver][SQL Server]Invalid object name 'MonsterKillCount'.
[20:58:09] EXEC IGC_Monster_KillCount_Save 'TDLove2', 570
[20:58:09] SQLSTATE: 42S02, Diagnosis: [Microsoft][ODBC SQL Server Driver][SQL Server]Invalid object name 'MonsterKillCount'.
[20:58:09] EXEC IGC_Monster_KillCount_Save 'Mrdka', 743
[20:58:09] SQLSTATE: 42S02, Diagnosis: [Microsoft][ODBC SQL Server Driver][SQL Server]Invalid object name 'MonsterKillCount'.
[20:58:09] EXEC IGC_Monster_KillCount_Save 'uckyBcTBo', 767
[20:58:09] SQLSTATE: 42S02, Diagnosis: [Microsoft][ODBC SQL Server Driver][SQL Server]Invalid object name 'MonsterKillCount'.
[20:58:09] EXEC IGC_Monster_KillCount_Save 'uckyBcTBo', 767
[20:58:09] SQLSTATE: 42S02, Diagnosis: [Microsoft][ODBC SQL Server Driver][SQL Server]Invalid object name 'MonsterKillCount'.
[20:58:09] EXEC IGC_Monster_KillCount_Save 'Lemberg', 767
[20:58:09] SQLSTATE: 42S02, Diagnosis: [Microsoft][ODBC SQL Server Driver][SQL Server]Invalid object name 'MonsterKillCount'.
[20:58:09] EXEC IGC_Monster_KillCount_Save 'ARJHOTV', 569
[20:58:09] SQLSTATE: 42S02, Diagnosis: [Microsoft][ODBC SQL Server Driver][SQL Server]Invalid object name 'MonsterKillCount'.
[20:58:09] EXEC IGC_Monster_KillCount_Save '7event', 20
[20:58:09] SQLSTATE: 42S02, Diagnosis: [Microsoft][ODBC SQL Server Driver][SQL Server]Invalid object name 'MonsterKillCount'.
[20:58:09] EXEC IGC_Monster_KillCount_Save 'isk7', 20
[20:58:09] SQLSTATE: 42S02, Diagnosis: [Microsoft][ODBC SQL Server Driver][SQL Server]Invalid object name 'MonsterKillCount'.
[20:58:09] EXEC IGC_Monster_KillCount_Save 'ArthurMD', 589
[20:58:09] SQLSTATE: 42S02, Diagnosis: [Microsoft][ODBC SQL Server Driver][SQL Server]Invalid object name 'MonsterKillCount'.
[20:58:09] EXEC IGC_Monster_KillCount_Save 'Zlato4ka', 609
[20:58:09] SQLSTATE: 42S02, Diagnosis: [Microsoft][ODBC SQL Server Driver][SQL Server]Invalid object name 'MonsterKillCount'.
[20:58:09] EXEC IGC_Monster_KillCount_Save 'AstroX', 732
[20:58:09] SQLSTATE: 42S02, Diagnosis: [Microsoft][ODBC SQL Server Driver][SQL Server]Invalid object name 'MonsterKillCount'.
[20:58:09] EXEC IGC_Monster_KillCount_Save 'The6', 738
[20:58:09] SQLSTATE: 42S02, Diagnosis: [Microsoft][ODBC SQL Server Driver][SQL Server]Invalid object name 'MonsterKillCount'.
[20:58:09] EXEC IGC_Monster_KillCount_Save 'CoDaySinh', 767
[20:58:09] SQLSTATE: 42S02, Diagnosis: [Microsoft][ODBC SQL Server Driver][SQL Server]Invalid object name 'MonsterKillCount'.
[20:58:09] EXEC IGC_Monster_KillCount_Save 'CoDaySinh', 767
[20:58:09] SQLSTATE: 42S02, Diagnosis: [Microsoft][ODBC SQL Server Driver][SQL Server]Invalid object name 'MonsterKillCount'.
[20:58:09] EXEC IGC_Monster_KillCount_Save 'Buff666', 768
[20:58:09] SQLSTATE: 42S02, Diagnosis: [Microsoft][ODBC SQL Server Driver][SQL Server]Invalid object name 'MonsterKillCount'.
[20:58:09] EXEC IGC_Monster_KillCount_Save 'MeFace', 771
[20:58:09] SQLSTATE: 42S02, Diagnosis: [Microsoft][ODBC SQL Server Driver][SQL Server]Invalid object name 'MonsterKillCount'.
[20:58:09] EXEC IGC_Monster_KillCount_Save 'VNZzGLzZVN', 786
[20:58:09] SQLSTATE: 42S02, Diagnosis: [Microsoft][ODBC SQL Server Driver][SQL Server]Invalid object name 'MonsterKillCount'.
[20:58:09] EXEC IGC_Monster_KillCount_Save 'HaMyXinh', 786
[20:58:09] SQLSTATE: 42S02, Diagnosis: [Microsoft][ODBC SQL Server Driver][SQL Server]Invalid object name 'MonsterKillCount'.
[20:58:09] SELECT * FROM AccountCharacter WHERE Id='foxnix'
[20:58:09] UPDATE AccountCharacter SET GameID1='Ti4ka' WHERE Id='foxnix'
[20:58:09] EXEC IGC_Monster_KillCount_Save 'G123', 789
[20:58:09] SQLSTATE: 42S02, Diagnosis: [Microsoft][ODBC SQL Server Driver][SQL Server]Invalid object name 'MonsterKillCount'.
[20:58:09] EXEC IGC_Monster_KillCount_Save 'G123', 789
[20:58:09] SQLSTATE: 42S02, Diagnosis: [Microsoft][ODBC SQL Server Driver][SQL Server]Invalid object name 'MonsterKillCount'.
[20:58:09] EXEC IGC_GensSave 'FunnyBunny', 7, 0
[20:58:09] EXEC IGC_PentagramInfoUpdate 419, 'morader', 'FunnyBunny', 1, 0, 12, 222, 18, 0, 14, 0, 15, 15, 15, 15, 15, 15, 15, 15, 15
[20:58:09] UPDATE AccountCharacter SET GameID2='1111q' WHERE Id='foxnix'
[20:58:09] DELETE FROM IGC_GensAbuse WHERE Name = 'FunnyBunny'
[20:58:09] EXEC IGC_PentagramInfoUpdate 419, 'morader', 'FunnyBunny', 1, 1, 12, 232, 18, 0, 14, 0, 15, 15, 15, 15, 15, 15, 15, 15, 15
[20:58:09] UPDATE AccountCharacter SET GameID3='2222q' WHERE Id='foxnix'
[20:58:09] EXEC IGC_PentagramInfoUpdate 419, 'morader', 'FunnyBunny', 1, 2, 12, 242, 18, 0, 14, 0, 15, 15, 15, 15, 15, 15, 15, 15, 15
[20:58:09] UPDATE AccountCharacter SET GameID4='33333q' WHERE Id='foxnix'
[20:58:09] EXEC IGC_PentagramInfoUpdate 419, 'morader', 'FunnyBunny', 1, 3, 12, 252, 18, 0, 14, 0, 15, 15, 15, 15, 15, 15, 15, 15, 15
[20:58:09] UPDATE AccountCharacter SET GameID5='444444q' WHERE Id='foxnix'
[20:58:09] UPDATE T_Event_Inventory SET Inventory=? WHERE Name = 'FunnyBunny'
[20:58:09] UPDATE Character SET cLevel=400, mLevel=399, Class=211,LevelUpPoint=378, mlPoint=48, Experience=3826006677, mlExperience=8259789000, mlNextExp=18724359459, Strength=282, Dexterity=1658, Vitality=15, Energy=10, Money=20583164, Life=3114.000000, MaxLife=1868.000000, Mana=1707.000000, MaxMana=1303.000000, MapNumber=117, MapPosX=222, MapPosY=119, MapDir=2, PkCount=0, PkLevel=3, PkTime=0, Leadership=0, ChatLimitTime=0, RESETS = 0, Married = 0, MarryName = '', WinDuels=0, LoseDuels=0, BlockChatTime=0, PenaltyMask=0, Ruud=1000, OpenHuntingLog=0, StatGP=0, StatCoin=0, i4thSkillPoint=0, AddStrength=0, AddDexterity=0, AddVitality=0, AddEnergy=0, FruitAddPoint=0, FruitDecPoint=0, GrandResets=0, MonStat=0, Age=0, CJL=0, SIC=0, WingCoreType=255, WingCoreLevel=255, GiantMountType=0, GiantMountWear=0, AddLeadership=0 WHERE Name = 'FunnyBunny'
[20:58:09] EXEC IGC_EvolutionMonsterInfoSave 'morader', 'FunnyBunny', -1, 0, 0, -1, 0, 0, -1, 0, 0, -1, 0, 0, -1, 0, 0, 0
[20:58:09] UPDATE Character SET Inventory=? WHERE Name='FunnyBunny'
[20:58:09] EXEC IGC_SetSaveRestoreInventory 'morader', 'FunnyBunny', ?
[20:58:09] UPDATE Character SET MagicList=? WHERE Name='FunnyBunny'
[20:58:09] EXEC IGC_EventMapEnterCount_Set 'FunnyBunny', 0, 0, 0, 0, 0, 0, 0
[20:58:09] UPDATE Character SET Quest=? WHERE Name='FunnyBunny'
[20:58:09] EXEC IGC_HuntingRecordInfoSave 'morader', 'FunnyBunny', 117, 2024, 12, 27, 799, 508, 45304213, 215840, 0, 103, 375713400, 13, 22320, 7742, 342, 6, 0, 5599
[20:58:09] EXEC IGC_ClassQuest_MonsterKillSave 'FunnyBunny', -1, -1, 0, -1, 0, -1, 0, -1, 0, -1, 0
[20:58:09] EXEC IGC_HuntingRecordInfoUserOpenSave 'morader', 'FunnyBunny', 1
[20:58:09] UPDATE IGC_Muun_Inventory SET Items=? WHERE Name='FunnyBunny'
[20:58:09] DELETE FROM IGC_BlockChat WHERE Name = 'FunnyBunny'
[20:58:09] EXEC IGC_MuunConditionInfoSetSave 'FunnyBunny', 0, 255, 0
[20:58:09] EXEC IGC_ResetInfoSave 1104, 0
[20:58:09] EXEC IGC_MuunConditionInfoSetSave 'FunnyBunny', 1, 255, 0
[20:58:09] EXEC IGC_MuunConditionInfoSetSave 'FunnyBunny', 2, 255, 0
[20:58:09] SELECT character_id FROM IGC_SeasonPass WHERE character_id = 1104
[20:58:09] UPDATE IGC_SeasonPass SET pass_id = 1, pass_type = 0, pass_level = 3, pass_experience = 627, complete_mission = 8, today_exp = 159, mu_pass_reward = 0, gold_pass_reward = 0, premium_pass_reward = 0, last_login = 1735322289 WHERE character_id = 1104
[20:58:09] SELECT character_id FROM IGC_SeasonPassTicket WHERE character_id = 1104
[20:58:09] UPDATE IGC_SeasonPassTicket SET ticket_count = 0, special_point = 0 WHERE character_id = 1104
[20:58:09] DELETE FROM IGC_SeasonPassMission WHERE character_id = 1104
[20:58:09] INSERT INTO IGC_SeasonPassMission (character_id, mission_index, mission_type, current_step, current_amount) VALUES (1104, 0, 0, 10, 2160)
[20:58:09] INSERT INTO IGC_SeasonPassMission (character_id, mission_index, mission_type, current_step, current_amount) VALUES (1104, 1, 1, 7, 1700)
[20:58:09] INSERT INTO IGC_SeasonPassMission (character_id, mission_index, mission_type, current_step, current_amount) VALUES (1104, 2, 2, 5, 34474)
[20:58:09] INSERT INTO IGC_SeasonPassMission (character_id, mission_index, mission_type, current_step, current_amount) VALUES (1104, 3, 3, 3, 15)
[20:58:09] INSERT INTO IGC_SeasonPassMission (character_id, mission_index, mission_type, current_step, current_amount) VALUES (1104, 7, 7, 1, 5)
[20:58:09] INSERT INTO IGC_SeasonPassMission (character_id, mission_index, mission_type, current_step, current_amount) VALUES (1104, 8, 8, 1, 1)
[20:58:09] INSERT INTO IGC_SeasonPassMission (character_id, mission_index, mission_type, current_step, current_amount) VALUES (1104, 11, 11, 1, 1)
[20:58:09] INSERT INTO IGC_SeasonPassMission (character_id, mission_index, mission_type, current_step, current_amount) VALUES (1104, 24, 24, 1, 1)
[20:58:09] UPDATE IGC_HuntPoint SET HuntPoint=2500,Monsters=0,Buffs='|0=12.5||1=12.5||2=12.5||3=12.5||4=12.5||5=12.5||6=12.5||7=12.5|',Inactive=0,Quest='|0=0.0||1=0.0||2=0.0||3=0.0||4=0.0||5=0.0||6=0.0||7=0.0|', WeekMonsters=0 WHERE Name = 'FunnyBunny'
[20:58:09] UPDATE IGC_HuntPoint SET QuestState=? where Name='FunnyBunny'
[20:58:09] EXEC IGC_Monster_KillCount_Save 'refuseMG', 311
[20:58:09] SQLSTATE: 42S02, Diagnosis: [Microsoft][ODBC SQL Server Driver][SQL Server]Invalid object name 'MonsterKillCount'.
[20:58:09] SELECT * FROM AccountCharacter WHERE Id = 'foxnix'
[20:58:09] SELECT WarehouseExpansion FROM AccountCharacter WHERE Id = 'foxnix'
[20:58:09] SELECT id, cLevel, mLevel, Class, LevelUpPoint, mlPoint, Experience, mlExperience, mlNextExp, Strength, Dexterity, Vitality, Energy, Money, Life, MaxLife, Mana, MaxMana, MapNumber, MapPosX, MapPosY, MapDir, PkCount, PkLevel, PkTime, CtlCode, Leadership, ChatLimitTime, RESETS, Married, MarryName, InventoryExpansion, WinDuels, LoseDuels, BlockChatTime, PenaltyMask, Ruud, OpenHuntingLog, StatCoin, StatGP, i4thSkillPoint, AddStrength, AddDexterity, AddVitality, AddEnergy, FruitAddPoint, FruitDecPoint, GrandResets, MonStat, PCR, LVLB, Age, CJL, SIC, WingCoreType, WingCoreLevel, GiantMountType, GiantMountWear, AddLeadership FROM Character WHERE Name = 'Ti4ka' AND AccountID = 'foxnix'
[20:58:09] SELECT Inventory from Character where Name='Ti4ka'
[20:58:09] SELECT MagicList from Character where Name='Ti4ka'
[20:58:09] SELECT Quest from Character where Name='Ti4ka'
[20:58:09] SELECT AuthorityMask, DATEDIFF(DAY, GETDATE(), Expiry) AS ExpirationTime FROM T_GMSystem WHERE Name='Ti4ka'
[20:58:09] UPDATE AccountCharacter SET GameIDC='Ti4ka' WHERE Id='foxnix'
[20:58:09] EXEC IGC_StatsSystemLoad 'Ti4ka'
[20:58:09] SELECT * FROM OptionData WHERE Name='Ti4ka'
[20:58:09] SELECT SkillKey from OptionData where Name='Ti4ka'
[20:58:09] SELECT WCoin, GoblinPoint FROM T_InGameShop_Point WHERE AccountID = 'foxnix'
[20:58:09] EXEC IGC_SetSelectMuRummy 'foxnix', 'Ti4ka'
[20:58:09] SELECT * FROM IGC_Muun_Inventory WHERE Name= 'Ti4ka'
[20:58:09] SELECT Items from IGC_Muun_Inventory WHERE Name= 'Ti4ka'
[20:58:09] EXEC IGC_MuunPeriodSelect 'Ti4ka'
[20:58:09] EXEC IGC_MonsterSoulPurchasesSelect 'Ti4ka'
[20:58:09] EXEC IGC_LoadGuideQuestInfo 425
[20:58:09] SELECT GUID, MemoTotal FROM T_FriendMain where Name = 'Ti4ka'
[20:58:09] SELECT FriendGuid, FriendName, Del FROM T_FriendList where GUID = 377
[20:58:09] EXEC IGC_LoadMuQuestInfo 425
[20:58:09] EXEC IGC_MonsterSoulConverterSelect 'Ti4ka'
[20:58:09] EXEC IGC_ClassQuest_MonsterKillLoad 'Ti4ka'
[20:58:09] EXEC IGC_PartyMatchingInfoLoad 'Ti4ka'
[20:58:09] SELECT FriendName FROM T_WaitFriend where GUID=377
[20:58:09] EXEC IGC_GetGuildMatchingAcceptNRejectInfo 'Ti4ka'
[20:58:09] EXEC IGC_GensLoad 'Ti4ka'
[20:58:09] SELECT * FROM IGC_ArtifactInfo WHERE Name = 'Ti4ka'
[20:58:09] SELECT * FROM T_Event_Inventory WHERE Name = 'Ti4ka'
[20:58:09] SELECT MemoIndex, FriendName, wDate, Subject, bRead FROM T_FriendMail where GUID=377
[20:58:09] SELECT Inventory FROM T_Event_Inventory WHERE Name = 'Ti4ka'
[20:58:09] EXEC IGC_GensAbuseLoad 'Ti4ka'
[20:58:09] EXEC IGC_PeriodItemExpiredItemSelectEx 12, 'Ti4ka'
[20:58:09] EXEC IGC_PeriodItemSelectEx 12, 'Ti4ka'
[20:58:09] SELECT MuHelperData FROM Character WHERE AccountID = 'foxnix' AND Name = 'Ti4ka'
[20:58:09] EXEC IGC_LuckyItemSelect 'Ti4ka'
[20:58:09] EXEC IGC_Labyrinth_LoadUserInfo 'foxnix', 'Ti4ka'
[20:58:09] SELECT MuHelperPlusData FROM Character WHERE AccountID = 'foxnix' AND Name = 'Ti4ka'
[20:58:09] SELECT old_name, new_name FROM IGC_PersonalStore_ChangeName WHERE character_id = 425
[20:58:09] EXEC IGC_PeriodBuffSelect 'Ti4ka'
[20:58:09] EXEC IGC_MuunConditionInfoGetLoad 'Ti4ka'
[20:58:09] SELECT G_Name, G_Level, G_Status FROM GuildMember WHERE Name='Ti4ka'
[20:58:09] EXEC IGC_PentagramInfoSelect 12, 'foxnix', 'Ti4ka', 0
[20:58:09] EXEC IGC_PentagramInfoSelect 12, 'foxnix', 'Ti4ka', 1
[20:58:09] EXEC IGC_HuntingRecordInfoUserOpenLoad 'foxnix', 'Ti4ka'
[20:58:09] EXEC IGC_MineSystem_Select_UPTUserInfo 'Ti4ka'
[20:58:09] EXEC IGC_GremoryCaseChkLimitedCnt 'foxnix', 'Ti4ka', 1
[20:58:09] EXEC IGC_GremoryCaseChkLimitedCnt 'foxnix', 'Ti4ka', 2
[20:58:09] EXEC IGC_GremoryCaseChkLimitedCnt 'foxnix', 'Ti4ka', 4
[20:58:09] EXEC IGC_GremoryCaseSelect 'foxnix', 'Ti4ka', 1
[20:58:09] EXEC IGC_GremoryCaseSelect 'foxnix', 'Ti4ka', 2
[20:58:09] EXEC IGC_GremoryCaseSelect 'foxnix', 'Ti4ka', 4
[20:58:09] EXEC IGC_BattleCore_AccountUserInfoSelect 'foxnix', 'Ti4ka', 0, 0
[20:58:09] EXEC IGC_GetLoadRestoreInventory 'foxnix', 'Ti4ka'
[20:58:09] EXEC IGC_EventMapEnterCount_Get 'Ti4ka'
[20:58:09] EXEC IGC_EvolutionMonsterInfoLoad 'foxnix', 'Ti4ka'
[20:58:09] SELECT pass_id, pass_type, pass_level, pass_experience, complete_mission, today_exp, mu_pass_reward, gold_pass_reward, premium_pass_reward, last_login FROM IGC_SeasonPass WHERE character_id = 425
[20:58:09] SELECT ticket_count, special_point FROM IGC_SeasonPassTicket WHERE character_id = 425
[20:58:09] EXEC IGC_WingCoreInfoSelect 12, 'foxnix', 'Ti4ka', 0
[20:58:09] EXEC IGC_WingCoreInfoSelect 12, 'foxnix', 'Ti4ka', 1
[20:58:09] SELECT ItemCode, ItemSerial, ItemLevel, OptionIndex, AddOptionIndex, ItemCount, Pos FROM IGC_AbilityCardInfo WHERE Name = 'Ti4ka'
[20:58:09] SELECT BlockedName FROM IGC_BlockChat WHERE Name = 'Ti4ka'
[20:58:09] SELECT * FROM IGC_FavouriteWarpData WHERE Name = 'Ti4ka'
[20:58:09] SELECT [Name], [HuntPoint], [Monsters], [Buffs], [Inactive], [Quest], [WeekMonsters] FROM [IGC_HuntPoint] WHERE Name = 'Ti4ka'
[20:58:09] SELECT QuestState from IGC_HuntPoint where Name='Ti4ka'
[20:58:09] EXEC IGC_ResetInfoLoad 425
[20:58:09] EXEC IGC_CharacterItemDropLoad 425
[20:58:09] EXEC IGC_GremoryCaseSelect 'foxnix', 'Ti4ka', 4
[20:58:09] SELECT mission_index, mission_type, current_step, current_amount FROM IGC_SeasonPassMission WHERE character_id = 425 ORDER BY mission_index
[20:58:09] EXEC IGC_DisconnectPartyMember 'DTLove6', 'DTLove6', 1735322289
[20:58:09] UPDATE Character SET cLevel=400, mLevel=400, Class=114,LevelUpPoint=0, mlPoint=6, Experience=3827011856, mlExperience=0, mlNextExp=19024359459, Strength=600, Dexterity=2323, Vitality=25, Energy=24, Money=6593296, Life=1116733440.000000, MaxLife=1868.000000, Mana=3306.000000, MaxMana=839.000000, MapNumber=80, MapPosX=126, MapPosY=123, MapDir=1, PkCount=0, PkLevel=3, PkTime=0, Leadership=0, ChatLimitTime=0, RESETS = 0, Married = 0, MarryName = '', WinDuels=0, LoseDuels=0, BlockChatTime=0, PenaltyMask=0, Ruud=19527, OpenHuntingLog=52, StatGP=0, StatCoin=0, i4thSkillPoint=0, AddStrength=0, AddDexterity=0, AddVitality=0, AddEnergy=0, FruitAddPoint=0, FruitDecPoint=0, GrandResets=0, MonStat=0, Age=0, CJL=0, SIC=0, WingCoreType=255, WingCoreLevel=255, GiantMountType=0, GiantMountWear=0, AddLeadership=0 WHERE Name = 'DTLove6'
[20:58:09] UPDATE T_Event_Inventory SET Inventory=? WHERE Name = 'DTLove6'
[20:58:09] UPDATE Character SET Inventory=? WHERE Name='DTLove6'
[20:58:09] EXEC IGC_EvolutionMonsterInfoSave 'tuduan6', 'DTLove6', -1, 0, 0, -1, 0, 0, -1, 0, 0, -1, 0, 0, -1, 0, 0, 0
[20:58:09] UPDATE Character SET MagicList=? WHERE Name='DTLove6'
[20:58:09] EXEC IGC_DeleteWaitPartyMatchingList 'DTLove6'
[20:58:09] EXEC IGC_SetSaveRestoreInventory 'tuduan6', 'DTLove6', ?
[20:58:09] UPDATE Character SET Quest=? WHERE Name='DTLove6'
[20:58:10] EXEC IGC_ClassQuest_MonsterKillSave 'DTLove6', -1, -1, 0, -1, 0, -1, 0, -1, 0, -1, 0
[20:58:10] EXEC IGC_EventMapEnterCount_Set 'DTLove6', 0, 0, 0, 0, 0, 0, 0
[20:58:10] UPDATE IGC_Muun_Inventory SET Items=? WHERE Name='DTLove6'
[20:58:10] EXEC IGC_HuntingRecordInfoUserOpenSave 'tuduan6', 'DTLove6', 1
[20:58:10] EXEC IGC_MuunConditionInfoSetSave 'DTLove6', 0, 255, 0
[20:58:10] DELETE FROM IGC_BlockChat WHERE Name = 'DTLove6'
[20:58:10] EXEC IGC_MuunConditionInfoSetSave 'DTLove6', 1, 255, 0
[20:58:10] SELECT character_id FROM IGC_SeasonPass WHERE character_id = 1174
[20:58:10] UPDATE IGC_SeasonPass SET pass_id = 1, pass_type = 0, pass_level = 3, pass_experience = 648, complete_mission = 7, today_exp = 256, mu_pass_reward = 0, gold_pass_reward = 0, premium_pass_reward = 0, last_login = 1735322289 WHERE character_id = 1174
[20:58:10] EXEC IGC_MuunConditionInfoSetSave 'DTLove6', 2, 255, 0
[20:58:10] SELECT character_id FROM IGC_SeasonPassTicket WHERE character_id = 1174
[20:58:10] UPDATE IGC_SeasonPassTicket SET ticket_count = 0, special_point = 0 WHERE character_id = 1174
[20:58:10] DELETE FROM IGC_SeasonPassMission WHERE character_id = 1174
[20:58:10] INSERT INTO IGC_SeasonPassMission (character_id, mission_index, mission_type, current_step, current_amount) VALUES (1174, 0, 0, 10, 2160)
[20:58:10] INSERT INTO IGC_SeasonPassMission (character_id, mission_index, mission_type, current_step, current_amount) VALUES (1174, 1, 1, 7, 1700)
[20:58:10] INSERT INTO IGC_SeasonPassMission (character_id, mission_index, mission_type, current_step, current_amount) VALUES (1174, 2, 2, 5, 34468)
[20:58:10] INSERT INTO IGC_SeasonPassMission (character_id, mission_index, mission_type, current_step, current_amount) VALUES (1174, 3, 3, 3, 15)
[20:58:10] INSERT INTO IGC_SeasonPassMission (character_id, mission_index, mission_type, current_step, current_amount) VALUES (1174, 4, 4, 3, 6)
[20:58:10] INSERT INTO IGC_SeasonPassMission (character_id, mission_index, mission_type, current_step, current_amount) VALUES (1174, 7, 7, 1, 5)
[20:58:10] INSERT INTO IGC_SeasonPassMission (character_id, mission_index, mission_type, current_step, current_amount) VALUES (1174, 24, 24, 1, 1)
[20:58:10] UPDATE IGC_HuntPoint SET HuntPoint=-1,Monsters=-1,Buffs='|0=12.5||1=12.5||2=12.5||3=12.5||4=12.5||5=12.5||6=12.5||7=12.5|',Inactive=-1,Quest='|0=0.0||1=0.0||2=0.0||3=0.0||4=0.0||5=0.0||6=0.0||7=0.0|', WeekMonsters=-1 WHERE Name = 'DTLove6'
[20:58:10] UPDATE IGC_HuntPoint SET QuestState=? where Name='DTLove6'
[20:58:10] EXEC IGC_Monster_KillCount_Save 'AoVL', 455
[20:58:10] SQLSTATE: 42S02, Diagnosis: [Microsoft][ODBC SQL Server Driver][SQL Server]Invalid object name 'MonsterKillCount'.
[20:58:10] EXEC IGC_Monster_KillCount_Save 'DTLove10', 569
[20:58:10] SQLSTATE: 42S02, Diagnosis: [Microsoft][ODBC SQL Server Driver][SQL Server]Invalid object name 'MonsterKillCount'.
[20:58:10] EXEC IGC_Monster_KillCount_Save 'HongAnhGL', 730
[20:58:10] SQLSTATE: 42S02, Diagnosis: [Microsoft][ODBC SQL Server Driver][SQL Server]Invalid object name 'MonsterKillCount'.
[20:58:10] EXEC IGC_Monster_KillCount_Save 'isk6', 20
[20:58:10] SQLSTATE: 42S02, Diagnosis: [Microsoft][ODBC SQL Server Driver][SQL Server]Invalid object name 'MonsterKillCount'.
[20:58:10] EXEC IGC_Monster_KillCount_Save 'RatLaVaiL', 40
[20:58:10] SQLSTATE: 42S02, Diagnosis: [Microsoft][ODBC SQL Server Driver][SQL Server]Invalid object name 'MonsterKillCount'.
[20:58:10] EXEC IGC_Monster_KillCount_Save 'RatLaVaiL', 40
[20:58:10] SQLSTATE: 42S02, Diagnosis: [Microsoft][ODBC SQL Server Driver][SQL Server]Invalid object name 'MonsterKillCount'.
[20:58:10] EXEC IGC_Monster_KillCount_Save 'RatLaVaiL', 40
[20:58:10] SQLSTATE: 42S02, Diagnosis: [Microsoft][ODBC SQL Server Driver][SQL Server]Invalid object name 'MonsterKillCount'.
[20:58:10] EXEC IGC_Monster_KillCount_Save '2MeThienHa', 358
[20:58:10] SQLSTATE: 42S02, Diagnosis: [Microsoft][ODBC SQL Server Driver][SQL Server]Invalid object name 'MonsterKillCount'.
[20:58:10] EXEC IGC_Monster_KillCount_Save '2MeThienHa', 358
[20:58:10] SQLSTATE: 42S02, Diagnosis: [Microsoft][ODBC SQL Server Driver][SQL Server]Invalid object name 'MonsterKillCount'.
[20:58:10] EXEC IGC_Monster_KillCount_Save '2MeThienHa', 358
[20:58:10] SQLSTATE: 42S02, Diagnosis: [Microsoft][ODBC SQL Server Driver][SQL Server]Invalid object name 'MonsterKillCount'.
[20:58:10] EXEC IGC_Monster_KillCount_Save '3WindSoul', 445
[20:58:10] SQLSTATE: 42S02, Diagnosis: [Microsoft][ODBC SQL Server Driver][SQL Server]Invalid object name 'MonsterKillCount'.
[20:58:10] EXEC IGC_Monster_KillCount_Save 'isker', 449
[20:58:10] SQLSTATE: 42S02, Diagnosis: [Microsoft][ODBC SQL Server Driver][SQL Server]Invalid object name 'MonsterKillCount'.
[20:58:10] EXEC IGC_Monster_KillCount_Save '101IK', 484
[20:58:10] SQLSTATE: 42S02, Diagnosis: [Microsoft][ODBC SQL Server Driver][SQL Server]Invalid object name 'MonsterKillCount'.
[20:58:10] EXEC IGC_Monster_KillCount_Save '101IK', 484
[20:58:10] SQLSTATE: 42S02, Diagnosis: [Microsoft][ODBC SQL Server Driver][SQL Server]Invalid object name 'MonsterKillCount'.
[20:58:10] EXEC IGC_Monster_KillCount_Save 'H1deaki', 569
[20:58:10] SQLSTATE: 42S02, Diagnosis: [Microsoft][ODBC SQL Server Driver][SQL Server]Invalid object name 'MonsterKillCount'.
[20:58:10] EXEC IGC_Monster_KillCount_Save 'CS116', 768
[20:58:10] SQLSTATE: 42S02, Diagnosis: [Microsoft][ODBC SQL Server Driver][SQL Server]Invalid object name 'MonsterKillCount'.
[20:58:10] EXEC IGC_Monster_KillCount_Save 'S123', 789
[20:58:10] SQLSTATE: 42S02, Diagnosis: [Microsoft][ODBC SQL Server Driver][SQL Server]Invalid object name 'MonsterKillCount'.
[20:58:10] EXEC IGC_Monster_KillCount_Save 'refuseLem', 310
[20:58:10] SQLSTATE: 42S02, Diagnosis: [Microsoft][ODBC SQL Server Driver][SQL Server]Invalid object name 'MonsterKillCount'.
[20:58:10] EXEC IGC_Monster_KillCount_Save 'HongAnhGL', 730
[20:58:10] SQLSTATE: 42S02, Diagnosis: [Microsoft][ODBC SQL Server Driver][SQL Server]Invalid object name 'MonsterKillCount'.
[20:58:10] EXEC IGC_Monster_KillCount_Save 'zZElfHitZz', 770
[20:58:10] SQLSTATE: 42S02, Diagnosis: [Microsoft][ODBC SQL Server Driver][SQL Server]Invalid object name 'MonsterKillCount'.
[20:58:10] EXEC IGC_Monster_KillCount_Save 'isk7', 20
[20:58:10] SQLSTATE: 42S02, Diagnosis: [Microsoft][ODBC SQL Server Driver][SQL Server]Invalid object name 'MonsterKillCount'.
[20:58:10] EXEC IGC_Monster_KillCount_Save 'RatLaVaiL', 40
[20:58:10] SQLSTATE: 42S02, Diagnosis: [Microsoft][ODBC SQL Server Driver][SQL Server]Invalid object name 'MonsterKillCount'.
[20:58:10] EXEC IGC_Monster_KillCount_Save '2MeThienHa', 358
[20:58:10] SQLSTATE: 42S02, Diagnosis: [Microsoft][ODBC SQL Server Driver][SQL Server]Invalid object name 'MonsterKillCount'.
[20:58:10] EXEC IGC_Monster_KillCount_Save '2MeThienHa', 358
[20:58:10] SQLSTATE: 42S02, Diagnosis: [Microsoft][ODBC SQL Server Driver][SQL Server]Invalid object name 'MonsterKillCount'.
[20:58:10] EXEC IGC_Monster_KillCount_Save 'Ruud', 358
[20:58:10] SQLSTATE: 42S02, Diagnosis: [Microsoft][ODBC SQL Server Driver][SQL Server]Invalid object name 'MonsterKillCount'.
[20:58:10] EXEC IGC_Monster_KillCount_Save '4Mage', 484
[20:58:10] SQLSTATE: 42S02, Diagnosis: [Microsoft][ODBC SQL Server Driver][SQL Server]Invalid object name 'MonsterKillCount'.
[20:58:10] EXEC IGC_Monster_KillCount_Save '4Mage', 484
[20:58:10] SQLSTATE: 42S02, Diagnosis: [Microsoft][ODBC SQL Server Driver][SQL Server]Invalid object name 'MonsterKillCount'.
[20:58:10] EXEC IGC_Monster_KillCount_Save 'Tarabas', 586
[20:58:10] SQLSTATE: 42S02, Diagnosis: [Microsoft][ODBC SQL Server Driver][SQL Server]Invalid object name 'MonsterKillCount'.
[20:58:10] SELECT Id FROM AccountCharacter WHERE Id='tuduan6'
[20:58:10] EXEC IGC_Monster_KillCount_Save 'iskerka', 787
[20:58:10] SELECT * FROM AccountCharacter WHERE Id='tuduan6'
[20:58:10] SQLSTATE: 42S02, Diagnosis: [Microsoft][ODBC SQL Server Driver][SQL Server]Invalid object name 'MonsterKillCount'.
[20:58:10] SELECT WarehouseExpansion, MagicGladiator, DarkLord, Summoner, RageFighter, GrowLancer, RuneWizard, Slayer, GunCrusher, LightWizard, LemuriaMage, IllusionKnight, SecCode, ILC, LastCreateDate, CharacterCreateCountUsed FROM AccountCharacter WHERE Id='tuduan6'
[20:58:10] SELECT cLevel, mLevel, Class, CtlCode, PkLevel, SIC, WingCoreType, WingCoreLevel FROM vCharacterPreview WHERE Name = 'DTLove6'
[20:58:10] SELECT Inventory FROM Character WHERE Name='DTLove6'
[20:58:10] SELECT RESETS FROM Character WHERE Name='DTLove6'
[20:58:10] SELECT G_Status FROM GuildMember WHERE Name='DTLove6'
[20:58:10] EXEC IGC_Monster_KillCount_Save 'GL06', 893
[20:58:10] SQLSTATE: 42S02, Diagnosis: [Microsoft][ODBC SQL Server Driver][SQL Server]Invalid object name 'MonsterKillCount'.
[20:58:10] EXEC IGC_Monster_KillCount_Save 'ikacko', 487
[20:58:10] SQLSTATE: 42S02, Diagnosis: [Microsoft][ODBC SQL Server Driver][SQL Server]Invalid object name 'MonsterKillCount'.
[20:58:11] SELECT Name FROM IGC_FavouriteWarpData WHERE Name = 'Akhsharis'
[20:58:11] INSERT INTO IGC_FavouriteWarpData (Name, WarpIndex_1, WarpMapNum_1, WarpIndex_2, WarpMapNum_2, WarpIndex_3, WarpMapNum_3, WarpIndex_4, WarpMapNum_4, WarpIndex_5, WarpMapNum_5) VALUES ('Akhsharis', -1, -1, -1, -1, -1, -1, -1, -1, -1, -1)
[20:58:11] EXEC IGC_Monster_KillCount_Save 'refuseAE', 454
[20:58:11] SQLSTATE: 42S02, Diagnosis: [Microsoft][ODBC SQL Server Driver][SQL Server]Invalid object name 'MonsterKillCount'.
[20:58:11] EXEC IGC_Monster_KillCount_Save 'refuseAE', 454
[20:58:11] SQLSTATE: 42S02, Diagnosis: [Microsoft][ODBC SQL Server Driver][SQL Server]Invalid object name 'MonsterKillCount'.
[20:58:11] EXEC IGC_Monster_KillCount_Save 'Lancer', 35
[20:58:11] SQLSTATE: 42S02, Diagnosis: [Microsoft][ODBC SQL Server Driver][SQL Server]Invalid object name 'MonsterKillCount'.
[20:58:11] EXEC IGC_Monster_KillCount_Save '8HAPPIER', 45
[20:58:11] SQLSTATE: 42S02, Diagnosis: [Microsoft][ODBC SQL Server Driver][SQL Server]Invalid object name 'MonsterKillCount'.
[20:58:11] EXEC IGC_Monster_KillCount_Save 'refuseDL', 69
[20:58:11] SQLSTATE: 42S02, Diagnosis: [Microsoft][ODBC SQL Server Driver][SQL Server]Invalid object name 'MonsterKillCount'.
[20:58:11] EXEC IGC_Monster_KillCount_Save 'TOP1FARMJW', 351
[20:58:11] SQLSTATE: 42S02, Diagnosis: [Microsoft][ODBC SQL Server Driver][SQL Server]Invalid object name 'MonsterKillCount'.
[20:58:11] EXEC IGC_Monster_KillCount_Save 'Duud', 444
[20:58:11] SQLSTATE: 42S02, Diagnosis: [Microsoft][ODBC SQL Server Driver][SQL Server]Invalid object name 'MonsterKillCount'.
[20:58:11] EXEC IGC_Monster_KillCount_Save 'AstroX', 730
[20:58:11] SQLSTATE: 42S02, Diagnosis: [Microsoft][ODBC SQL Server Driver][SQL Server]Invalid object name 'MonsterKillCount'.
[20:58:11] EXEC IGC_Monster_KillCount_Save 'Elvis', 789
[20:58:11] SQLSTATE: 42S02, Diagnosis: [Microsoft][ODBC SQL Server Driver][SQL Server]Invalid object name 'MonsterKillCount'.
[20:58:11] EXEC IGC_Monster_KillCount_Save 'refuseLem', 310
[20:58:11] SQLSTATE: 42S02, Diagnosis: [Microsoft][ODBC SQL Server Driver][SQL Server]Invalid object name 'MonsterKillCount'.
[20:58:11] EXEC IGC_Monster_KillCount_Save 'refuseMG', 311
[20:58:11] SQLSTATE: 42S02, Diagnosis: [Microsoft][ODBC SQL Server Driver][SQL Server]Invalid object name 'MonsterKillCount'.
[20:58:11] EXEC IGC_Monster_KillCount_Save 'HongAnhSL', 70
[20:58:11] SQLSTATE: 42S02, Diagnosis: [Microsoft][ODBC SQL Server Driver][SQL Server]Invalid object name 'MonsterKillCount'.
[20:58:11] EXEC IGC_Monster_KillCount_Save 'TDLove3', 569
[20:58:11] SQLSTATE: 42S02, Diagnosis: [Microsoft][ODBC SQL Server Driver][SQL Server]Invalid object name 'MonsterKillCount'.
[20:58:11] EXEC IGC_Monster_KillCount_Save 'TDLove3', 569
[20:58:11] SQLSTATE: 42S02, Diagnosis: [Microsoft][ODBC SQL Server Driver][SQL Server]Invalid object name 'MonsterKillCount'.
[20:58:11] EXEC IGC_Monster_KillCount_Save 'HongAnhGL', 731
[20:58:11] SQLSTATE: 42S02, Diagnosis: [Microsoft][ODBC SQL Server Driver][SQL Server]Invalid object name 'MonsterKillCount'.
[20:58:11] EXEC IGC_Monster_KillCount_Save 'Mrdka', 743
[20:58:11] SQLSTATE: 42S02, Diagnosis: [Microsoft][ODBC SQL Server Driver][SQL Server]Invalid object name 'MonsterKillCount'.
[20:58:11] EXEC IGC_Monster_KillCount_Save 'Mace', 456
[20:58:11] SQLSTATE: 42S02, Diagnosis: [Microsoft][ODBC SQL Server Driver][SQL Server]Invalid object name 'MonsterKillCount'.
[20:58:11] UPDATE Character SET cLevel=114, mLevel=0, Class=32,LevelUpPoint=565, mlPoint=0, Experience=15964020, mlExperience=0, mlNextExp=35507050, Strength=22, Dexterity=25, Vitality=20, Energy=15, Money=213430, Life=193.000000, MaxLife=193.000000, Mana=199.000000, MaxMana=199.000000, MapNumber=0, MapPosX=145, MapPosY=117, MapDir=3, PkCount=0, PkLevel=3, PkTime=0, Leadership=0, ChatLimitTime=0, RESETS = 0, Married = 0, MarryName = '', WinDuels=0, LoseDuels=0, BlockChatTime=0, PenaltyMask=0, Ruud=0, OpenHuntingLog=112, StatGP=0, StatCoin=0, i4thSkillPoint=0, AddStrength=0, AddDexterity=0, AddVitality=0, AddEnergy=0, FruitAddPoint=0, FruitDecPoint=0, GrandResets=0, MonStat=0, Age=0, CJL=0, SIC=0, WingCoreType=255, WingCoreLevel=255, GiantMountType=0, GiantMountWear=0, AddLeadership=0 WHERE Name = 'EEbuff'
[20:58:11] UPDATE T_Event_Inventory SET Inventory=? WHERE Name = 'EEbuff'
[20:58:11] UPDATE Character SET Inventory=? WHERE Name='EEbuff'
[20:58:11] EXEC IGC_EvolutionMonsterInfoSave 'css115', 'EEbuff', -1, 0, 0, -1, 0, 0, -1, 0, 0, -1, 0, 0, -1, 0, 0, 0
[20:58:11] UPDATE Character SET MagicList=? WHERE Name='EEbuff'
[20:58:11] EXEC IGC_SetSaveRestoreInventory 'css115', 'EEbuff', ?
[20:58:11] UPDATE Character SET Quest=? WHERE Name='EEbuff'
[20:58:11] EXEC IGC_EventMapEnterCount_Set 'EEbuff', 0, 0, 0, 0, 0, 0, 0
[20:58:11] EXEC IGC_ClassQuest_MonsterKillSave 'EEbuff', -1, -1, 0, -1, 0, -1, 0, -1, 0, -1, 0
[20:58:11] EXEC IGC_HuntingRecordInfoUserOpenSave 'css115', 'EEbuff', 1
[20:58:11] UPDATE IGC_Muun_Inventory SET Items=? WHERE Name='EEbuff'
[20:58:11] DELETE FROM IGC_BlockChat WHERE Name = 'EEbuff'
[20:58:11] EXEC IGC_MuunConditionInfoSetSave 'EEbuff', 0, 255, 0
[20:58:11] EXEC IGC_ResetInfoSave 431, 0
[20:58:11] EXEC IGC_MuunConditionInfoSetSave 'EEbuff', 1, 255, 0
[20:58:11] SELECT character_id FROM IGC_SeasonPass WHERE character_id = 431
[20:58:11] UPDATE IGC_SeasonPass SET pass_id = 1, pass_type = 0, pass_level = 1, pass_experience = 140, complete_mission = 0, today_exp = 0, mu_pass_reward = 0, gold_pass_reward = 0, premium_pass_reward = 0, last_login = 1735322291 WHERE character_id = 431
[20:58:11] EXEC IGC_MuunConditionInfoSetSave 'EEbuff', 2, 255, 0
[20:58:11] SELECT character_id FROM IGC_SeasonPassTicket WHERE character_id = 431
[20:58:11] UPDATE IGC_SeasonPassTicket SET ticket_count = 0, special_point = 0 WHERE character_id = 431
[20:58:11] DELETE FROM IGC_SeasonPassMission WHERE character_id = 431
[20:58:11] UPDATE IGC_HuntPoint SET HuntPoint=2500,Monsters=0,Buffs='|0=12.5||1=12.5||2=12.5||3=12.5||4=12.5||5=12.5||6=12.5||7=12.5|',Inactive=0,Quest='|0=0.0||1=0.0||2=0.0||3=0.0||4=0.0||5=0.0||6=0.0||7=0.0|', WeekMonsters=0 WHERE Name = 'EEbuff'
[20:58:11] UPDATE IGC_HuntPoint SET QuestState=? where Name='EEbuff'
[20:58:11] EXEC IGC_Monster_KillCount_Save 'isk6', 20
[20:58:11] SQLSTATE: 42S02, Diagnosis: [Microsoft][ODBC SQL Server Driver][SQL Server]Invalid object name 'MonsterKillCount'.
[20:58:11] EXEC IGC_Monster_KillCount_Save 'Ruud', 358
[20:58:11] SQLSTATE: 42S02, Diagnosis: [Microsoft][ODBC SQL Server Driver][SQL Server]Invalid object name 'MonsterKillCount'.
[20:58:11] EXEC IGC_Monster_KillCount_Save 'aaaaaaaaaa', 443
[20:58:11] SQLSTATE: 42S02, Diagnosis: [Microsoft][ODBC SQL Server Driver][SQL Server]Invalid object name 'MonsterKillCount'.
[20:58:11] EXEC IGC_Monster_KillCount_Save 'aaaaaaaaaa', 443
[20:58:11] SQLSTATE: 42S02, Diagnosis: [Microsoft][ODBC SQL Server Driver][SQL Server]Invalid object name 'MonsterKillCount'.
[20:58:11] EXEC IGC_Monster_KillCount_Save 'isker', 449
[20:58:11] SQLSTATE: 42S02, Diagnosis: [Microsoft][ODBC SQL Server Driver][SQL Server]Invalid object name 'MonsterKillCount'.
[20:58:11] EXEC IGC_Monster_KillCount_Save '4Mage', 484
[20:58:11] SQLSTATE: 42S02, Diagnosis: [Microsoft][ODBC SQL Server Driver][SQL Server]Invalid object name 'MonsterKillCount'.
[20:58:11] EXEC IGC_Monster_KillCount_Save 'BaLaSuBaS', 573
[20:58:11] SQLSTATE: 42S02, Diagnosis: [Microsoft][ODBC SQL Server Driver][SQL Server]Invalid object name 'MonsterKillCount'.
[20:58:11] EXEC IGC_Monster_KillCount_Save 'ReflektMD', 608
[20:58:11] SQLSTATE: 42S02, Diagnosis: [Microsoft][ODBC SQL Server Driver][SQL Server]Invalid object name 'MonsterKillCount'.
[20:58:11] EXEC IGC_Monster_KillCount_Save 'FunnyBunny', 771
[20:58:11] SQLSTATE: 42S02, Diagnosis: [Microsoft][ODBC SQL Server Driver][SQL Server]Invalid object name 'MonsterKillCount'.
[20:58:11] EXEC IGC_HuntingRecordLoad_Current 'foxnix', 'Ti4ka', 135, 2024, 12, 27
[20:58:11] EXEC IGC_HuntingRecordLoad 'foxnix', 'Ti4ka', 135
[20:58:11] EXEC IGC_Monster_KillCount_Save 'HongAnhSL', 70
[20:58:11] SQLSTATE: 42S02, Diagnosis: [Microsoft][ODBC SQL Server Driver][SQL Server]Invalid object name 'MonsterKillCount'.
[20:58:11] EXEC IGC_Monster_KillCount_Save 'Ruub', 358
[20:58:11] EXEC IGC_RealmItemDropUpdate 24, 856
[20:58:12] SQLSTATE: 42S02, Diagnosis: [Microsoft][ODBC SQL Server Driver][SQL Server]Invalid object name 'MonsterKillCount'.
[20:58:12] EXEC IGC_Monster_KillCount_Save 'AoVL', 455
[20:58:12] SQLSTATE: 42S02, Diagnosis: [Microsoft][ODBC SQL Server Driver][SQL Server]Invalid object name 'MonsterKillCount'.
[20:58:12] EXEC IGC_Monster_KillCount_Save 'TDLove3', 569
[20:58:12] SQLSTATE: 42S02, Diagnosis: [Microsoft][ODBC SQL Server Driver][SQL Server]Invalid object name 'MonsterKillCount'.
[20:58:12] EXEC IGC_Monster_KillCount_Save 'TDLove3', 569
[20:58:12] SQLSTATE: 42S02, Diagnosis: [Microsoft][ODBC SQL Server Driver][SQL Server]Invalid object name 'MonsterKillCount'.
[20:58:12] EXEC IGC_Monster_KillCount_Save 'DarkIK', 770
[20:58:12] SQLSTATE: 42S02, Diagnosis: [Microsoft][ODBC SQL Server Driver][SQL Server]Invalid object name 'MonsterKillCount'.
[20:58:12] EXEC IGC_Monster_KillCount_Save 'DarkIK', 770
[20:58:12] SQLSTATE: 42S02, Diagnosis: [Microsoft][ODBC SQL Server Driver][SQL Server]Invalid object name 'MonsterKillCount'.
[20:58:12] EXEC IGC_Monster_KillCount_Save '7event', 20
[20:58:12] SQLSTATE: 42S02, Diagnosis: [Microsoft][ODBC SQL Server Driver][SQL Server]Invalid object name 'MonsterKillCount'.
[20:58:12] EXEC IGC_Monster_KillCount_Save '7event', 20
[20:58:12] SQLSTATE: 42S02, Diagnosis: [Microsoft][ODBC SQL Server Driver][SQL Server]Invalid object name 'MonsterKillCount'.
[20:58:12] EXEC IGC_Monster_KillCount_Save '9PORSCHE', 45
[20:58:12] SQLSTATE: 42S02, Diagnosis: [Microsoft][ODBC SQL Server Driver][SQL Server]Invalid object name 'MonsterKillCount'.
[20:58:12] EXEC IGC_Monster_KillCount_Save 'aaaaaaaaaa', 443
[20:58:12] SQLSTATE: 42S02, Diagnosis: [Microsoft][ODBC SQL Server Driver][SQL Server]Invalid object name 'MonsterKillCount'.
[20:58:12] EXEC IGC_Monster_KillCount_Save 'aaaaaaaaaa', 443
[20:58:12] SQLSTATE: 42S02, Diagnosis: [Microsoft][ODBC SQL Server Driver][SQL Server]Invalid object name 'MonsterKillCount'.
[20:58:12] EXEC IGC_Monster_KillCount_Save 'aaaaaaaaaa', 443
[20:58:12] SQLSTATE: 42S02, Diagnosis: [Microsoft][ODBC SQL Server Driver][SQL Server]Invalid object name 'MonsterKillCount'.
[20:58:12] EXEC IGC_Monster_KillCount_Save '05IK', 484
[20:58:12] SQLSTATE: 42S02, Diagnosis: [Microsoft][ODBC SQL Server Driver][SQL Server]Invalid object name 'MonsterKillCount'.
[20:58:12] EXEC IGC_Monster_KillCount_Save '05IK', 484
[20:58:12] SQLSTATE: 42S02, Diagnosis: [Microsoft][ODBC SQL Server Driver][SQL Server]Invalid object name 'MonsterKillCount'.
[20:58:12] EXEC IGC_Monster_KillCount_Save '05IK', 484
[20:58:12] SQLSTATE: 42S02, Diagnosis: [Microsoft][ODBC SQL Server Driver][SQL Server]Invalid object name 'MonsterKillCount'.
[20:58:12] EXEC IGC_Monster_KillCount_Save '05IK', 484
[20:58:12] SQLSTATE: 42S02, Diagnosis: [Microsoft][ODBC SQL Server Driver][SQL Server]Invalid object name 'MonsterKillCount'.
[20:58:12] EXEC IGC_Monster_KillCount_Save '05IK', 484
[20:58:12] SQLSTATE: 42S02, Diagnosis: [Microsoft][ODBC SQL Server Driver][SQL Server]Invalid object name 'MonsterKillCount'.
[20:58:12] EXEC IGC_Monster_KillCount_Save '3KunDun', 484
[20:58:12] SQLSTATE: 42S02, Diagnosis: [Microsoft][ODBC SQL Server Driver][SQL Server]Invalid object name 'MonsterKillCount'.
[20:58:12] EXEC IGC_Monster_KillCount_Save 'H1deaki', 569
[20:58:12] SQLSTATE: 42S02, Diagnosis: [Microsoft][ODBC SQL Server Driver][SQL Server]Invalid object name 'MonsterKillCount'.
[20:58:12] EXEC IGC_Monster_KillCount_Save 'AstroX', 730
[20:58:12] SQLSTATE: 42S02, Diagnosis: [Microsoft][ODBC SQL Server Driver][SQL Server]Invalid object name 'MonsterKillCount'.
[20:58:12] EXEC IGC_Monster_KillCount_Save '1StRaper', 786
[20:58:12] SQLSTATE: 42S02, Diagnosis: [Microsoft][ODBC SQL Server Driver][SQL Server]Invalid object name 'MonsterKillCount'.
[20:58:12] EXEC IGC_Monster_KillCount_Save 'iskerka', 787
[20:58:12] SQLSTATE: 42S02, Diagnosis: [Microsoft][ODBC SQL Server Driver][SQL Server]Invalid object name 'MonsterKillCount'.
[20:58:12] EXEC IGC_Monster_KillCount_Save 'Elvis', 789
[20:58:12] SQLSTATE: 42S02, Diagnosis: [Microsoft][ODBC SQL Server Driver][SQL Server]Invalid object name 'MonsterKillCount'.
[20:58:12] EXEC IGC_Monster_KillCount_Save 'refuseMG', 311
[20:58:12] SQLSTATE: 42S02, Diagnosis: [Microsoft][ODBC SQL Server Driver][SQL Server]Invalid object name 'MonsterKillCount'.
[20:58:12] EXEC IGC_Monster_KillCount_Save 'Mrdka', 743
[20:58:12] SQLSTATE: 42S02, Diagnosis: [Microsoft][ODBC SQL Server Driver][SQL Server]Invalid object name 'MonsterKillCount'.
[20:58:12] EXEC IGC_Monster_KillCount_Save 'TARRASQUE', 767
[20:58:12] SQLSTATE: 42S02, Diagnosis: [Microsoft][ODBC SQL Server Driver][SQL Server]Invalid object name 'MonsterKillCount'.
[20:58:12] EXEC IGC_Monster_KillCount_Save 'Resnais', 768
[20:58:12] SQLSTATE: 42S02, Diagnosis: [Microsoft][ODBC SQL Server Driver][SQL Server]Invalid object name 'MonsterKillCount'.
[20:58:12] EXEC IGC_Monster_KillCount_Save '8HAPPIER', 45
[20:58:12] SQLSTATE: 42S02, Diagnosis: [Microsoft][ODBC SQL Server Driver][SQL Server]Invalid object name 'MonsterKillCount'.
[20:58:12] EXEC IGC_Monster_KillCount_Save 'TOP1FARMJW', 351
[20:58:12] SQLSTATE: 42S02, Diagnosis: [Microsoft][ODBC SQL Server Driver][SQL Server]Invalid object name 'MonsterKillCount'.
[20:58:12] EXEC IGC_Monster_KillCount_Save 'Ruud', 358
[20:58:12] SQLSTATE: 42S02, Diagnosis: [Microsoft][ODBC SQL Server Driver][SQL Server]Invalid object name 'MonsterKillCount'.
[20:58:12] EXEC IGC_Monster_KillCount_Save '4Mage', 484
[20:58:12] SQLSTATE: 42S02, Diagnosis: [Microsoft][ODBC SQL Server Driver][SQL Server]Invalid object name 'MonsterKillCount'.
[20:58:12] EXEC IGC_Monster_KillCount_Save '4Mage', 484
[20:58:12] SQLSTATE: 42S02, Diagnosis: [Microsoft][ODBC SQL Server Driver][SQL Server]Invalid object name 'MonsterKillCount'.
[20:58:12] EXEC IGC_Monster_KillCount_Save 'BHuMaHuE', 670
[20:58:12] SQLSTATE: 42S02, Diagnosis: [Microsoft][ODBC SQL Server Driver][SQL Server]Invalid object name 'MonsterKillCount'.
[20:58:12] EXEC IGC_Monster_KillCount_Save 'BlackWidow', 713
[20:58:12] SQLSTATE: 42S02, Diagnosis: [Microsoft][ODBC SQL Server Driver][SQL Server]Invalid object name 'MonsterKillCount'.
[20:58:12] EXEC IGC_Monster_KillCount_Save 'Barracuda', 714
[20:58:12] SQLSTATE: 42S02, Diagnosis: [Microsoft][ODBC SQL Server Driver][SQL Server]Invalid object name 'MonsterKillCount'.
[20:58:12] EXEC IGC_Monster_KillCount_Save 'Buff666', 768
[20:58:12] SQLSTATE: 42S02, Diagnosis: [Microsoft][ODBC SQL Server Driver][SQL Server]Invalid object name 'MonsterKillCount'.
[20:58:12] EXEC IGC_Monster_KillCount_Save 'Kiborg', 771
[20:58:12] SQLSTATE: 42S02, Diagnosis: [Microsoft][ODBC SQL Server Driver][SQL Server]Invalid object name 'MonsterKillCount'.
[20:58:12] EXEC IGC_Monster_KillCount_Save 'AAAA', 772
[20:58:12] SQLSTATE: 42S02, Diagnosis: [Microsoft][ODBC SQL Server Driver][SQL Server]Invalid object name 'MonsterKillCount'.
[20:58:12] EXEC IGC_Monster_KillCount_Save 'Insane', 772
[20:58:12] SQLSTATE: 42S02, Diagnosis: [Microsoft][ODBC SQL Server Driver][SQL Server]Invalid object name 'MonsterKillCount'.
[20:58:12] EXEC IGC_Monster_KillCount_Save 'AAAA', 772
[20:58:12] SQLSTATE: 42S02, Diagnosis: [Microsoft][ODBC SQL Server Driver][SQL Server]Invalid object name 'MonsterKillCount'.
[20:58:12] EXEC IGC_Monster_KillCount_Save 'AutoBuff', 786
[20:58:12] SQLSTATE: 42S02, Diagnosis: [Microsoft][ODBC SQL Server Driver][SQL Server]Invalid object name 'MonsterKillCount'.
[20:58:12] EXEC IGC_Monster_KillCount_Save 'iskerka', 787
[20:58:12] SQLSTATE: 42S02, Diagnosis: [Microsoft][ODBC SQL Server Driver][SQL Server]Invalid object name 'MonsterKillCount'.
[20:58:12] EXEC IGC_Monster_KillCount_Save 'AoVL', 455
[20:58:12] SQLSTATE: 42S02, Diagnosis: [Microsoft][ODBC SQL Server Driver][SQL Server]Invalid object name 'MonsterKillCount'.
[20:58:12] EXEC IGC_Monster_KillCount_Save 'TDLove3', 569
[20:58:12] SQLSTATE: 42S02, Diagnosis: [Microsoft][ODBC SQL Server Driver][SQL Server]Invalid object name 'MonsterKillCount'.
[20:58:12] EXEC IGC_Monster_KillCount_Save 'DTLove9', 573
[20:58:12] SQLSTATE: 42S02, Diagnosis: [Microsoft][ODBC SQL Server Driver][SQL Server]Invalid object name 'MonsterKillCount'.
[20:58:13] EXEC IGC_Monster_KillCount_Save 'Resnais', 768
[20:58:13] SQLSTATE: 42S02, Diagnosis: [Microsoft][ODBC SQL Server Driver][SQL Server]Invalid object name 'MonsterKillCount'.
[20:58:13] EXEC IGC_Monster_KillCount_Save 'isk6', 20
[20:58:13] SQLSTATE: 42S02, Diagnosis: [Microsoft][ODBC SQL Server Driver][SQL Server]Invalid object name 'MonsterKillCount'.
[20:58:13] EXEC IGC_Monster_KillCount_Save 'bbbbb', 353
[20:58:13] SQLSTATE: 42S02, Diagnosis: [Microsoft][ODBC SQL Server Driver][SQL Server]Invalid object name 'MonsterKillCount'.
[20:58:13] EXEC IGC_Monster_KillCount_Save 'The6', 730
[20:58:13] SQLSTATE: 42S02, Diagnosis: [Microsoft][ODBC SQL Server Driver][SQL Server]Invalid object name 'MonsterKillCount'.
[20:58:13] EXEC IGC_Monster_KillCount_Save 'Kiborg', 771
[20:58:13] SQLSTATE: 42S02, Diagnosis: [Microsoft][ODBC SQL Server Driver][SQL Server]Invalid object name 'MonsterKillCount'.
[20:58:13] EXEC IGC_Monster_KillCount_Save 'Ruub', 358
[20:58:13] SQLSTATE: 42S02, Diagnosis: [Microsoft][ODBC SQL Server Driver][SQL Server]Invalid object name 'MonsterKillCount'.
[20:58:13] EXEC IGC_Monster_KillCount_Save 'zZElfHitZz', 770
[20:58:13] SQLSTATE: 42S02, Diagnosis: [Microsoft][ODBC SQL Server Driver][SQL Server]Invalid object name 'MonsterKillCount'.
[20:58:13] EXEC IGC_Monster_KillCount_Save 'zZElfHitZz', 770
[20:58:13] SQLSTATE: 42S02, Diagnosis: [Microsoft][ODBC SQL Server Driver][SQL Server]Invalid object name 'MonsterKillCount'.
[20:58:13] EXEC IGC_Monster_KillCount_Save 'zZElfHitZz', 770
[20:58:13] SQLSTATE: 42S02, Diagnosis: [Microsoft][ODBC SQL Server Driver][SQL Server]Invalid object name 'MonsterKillCount'.
[20:58:13] EXEC IGC_Monster_KillCount_Save 'Mace', 456
[20:58:13] SQLSTATE: 42S02, Diagnosis: [Microsoft][ODBC SQL Server Driver][SQL Server]Invalid object name 'MonsterKillCount'.
[20:58:13] EXEC IGC_Monster_KillCount_Save 'ARJHOTV', 569
[20:58:13] SQLSTATE: 42S02, Diagnosis: [Microsoft][ODBC SQL Server Driver][SQL Server]Invalid object name 'MonsterKillCount'.
[20:58:13] EXEC IGC_Monster_KillCount_Save 'SacreD', 772
[20:58:13] SQLSTATE: 42S02, Diagnosis: [Microsoft][ODBC SQL Server Driver][SQL Server]Invalid object name 'MonsterKillCount'.
[20:58:13] EXEC IGC_Monster_KillCount_Save 'Saken', 772
[20:58:13] SQLSTATE: 42S02, Diagnosis: [Microsoft][ODBC SQL Server Driver][SQL Server]Invalid object name 'MonsterKillCount'.
[20:58:13] EXEC IGC_Monster_KillCount_Save 'SacreD', 772
[20:58:13] SQLSTATE: 42S02, Diagnosis: [Microsoft][ODBC SQL Server Driver][SQL Server]Invalid object name 'MonsterKillCount'.
[20:58:13] EXEC IGC_Monster_KillCount_Save 'Canalha', 39
[20:58:13] SQLSTATE: 42S02, Diagnosis: [Microsoft][ODBC SQL Server Driver][SQL Server]Invalid object name 'MonsterKillCount'.
[20:58:13] EXEC IGC_Monster_KillCount_Save '3WindSoul', 445
[20:58:13] SQLSTATE: 42S02, Diagnosis: [Microsoft][ODBC SQL Server Driver][SQL Server]Invalid object name 'MonsterKillCount'.
[20:58:13] EXEC IGC_Monster_KillCount_Save 'H1deaki', 569
[20:58:13] SQLSTATE: 42S02, Diagnosis: [Microsoft][ODBC SQL Server Driver][SQL Server]Invalid object name 'MonsterKillCount'.
[20:58:13] EXEC IGC_Monster_KillCount_Save 'The6', 730
[20:58:13] SQLSTATE: 42S02, Diagnosis: [Microsoft][ODBC SQL Server Driver][SQL Server]Invalid object name 'MonsterKillCount'.
[20:58:13] EXEC IGC_Monster_KillCount_Save 'The6', 730
[20:58:13] SQLSTATE: 42S02, Diagnosis: [Microsoft][ODBC SQL Server Driver][SQL Server]Invalid object name 'MonsterKillCount'.
[20:58:13] EXEC IGC_Monster_KillCount_Save 'The6', 736
[20:58:13] SQLSTATE: 42S02, Diagnosis: [Microsoft][ODBC SQL Server Driver][SQL Server]Invalid object name 'MonsterKillCount'.
[20:58:13] EXEC IGC_Monster_KillCount_Save '5MAGUS', 770
[20:58:13] SQLSTATE: 42S02, Diagnosis: [Microsoft][ODBC SQL Server Driver][SQL Server]Invalid object name 'MonsterKillCount'.
[20:58:13] EXEC IGC_Monster_KillCount_Save 'G123', 789
[20:58:13] SQLSTATE: 42S02, Diagnosis: [Microsoft][ODBC SQL Server Driver][SQL Server]Invalid object name 'MonsterKillCount'.
[20:58:13] EXEC IGC_Monster_KillCount_Save 'refuseLem', 310
[20:58:13] SQLSTATE: 42S02, Diagnosis: [Microsoft][ODBC SQL Server Driver][SQL Server]Invalid object name 'MonsterKillCount'.
[20:58:13] EXEC IGC_Monster_KillCount_Save 'TDLove1', 571
[20:58:14] SQLSTATE: 42S02, Diagnosis: [Microsoft][ODBC SQL Server Driver][SQL Server]Invalid object name 'MonsterKillCount'.
[20:58:14] EXEC IGC_Monster_KillCount_Save 'TDLove1', 571
[20:58:14] SQLSTATE: 42S02, Diagnosis: [Microsoft][ODBC SQL Server Driver][SQL Server]Invalid object name 'MonsterKillCount'.
[20:58:14] EXEC IGC_Monster_KillCount_Save 'refuseAE', 454
[20:58:14] SQLSTATE: 42S02, Diagnosis: [Microsoft][ODBC SQL Server Driver][SQL Server]Invalid object name 'MonsterKillCount'.
[20:58:14] EXEC IGC_Monster_KillCount_Save 'isk7', 20
[20:58:14] SQLSTATE: 42S02, Diagnosis: [Microsoft][ODBC SQL Server Driver][SQL Server]Invalid object name 'MonsterKillCount'.
[20:58:14] EXEC IGC_Monster_KillCount_Save 'refuseDL', 69
[20:58:14] SQLSTATE: 42S02, Diagnosis: [Microsoft][ODBC SQL Server Driver][SQL Server]Invalid object name 'MonsterKillCount'.
[20:58:14] EXEC IGC_Monster_KillCount_Save 'Barawar', 714
[20:58:14] SQLSTATE: 42S02, Diagnosis: [Microsoft][ODBC SQL Server Driver][SQL Server]Invalid object name 'MonsterKillCount'.
[20:58:14] EXEC IGC_Monster_KillCount_Save 'ARAGORN', 786
[20:58:14] SQLSTATE: 42S02, Diagnosis: [Microsoft][ODBC SQL Server Driver][SQL Server]Invalid object name 'MonsterKillCount'.
[20:58:14] EXEC IGC_Monster_KillCount_Save 'ikacko', 487
[20:58:14] SQLSTATE: 42S02, Diagnosis: [Microsoft][ODBC SQL Server Driver][SQL Server]Invalid object name 'MonsterKillCount'.
[20:58:14] EXEC IGC_Monster_KillCount_Save 'DTLove10', 569
[20:58:14] SQLSTATE: 42S02, Diagnosis: [Microsoft][ODBC SQL Server Driver][SQL Server]Invalid object name 'MonsterKillCount'.
[20:58:14] EXEC IGC_Monster_KillCount_Save 'DTLove10', 569
[20:58:14] SQLSTATE: 42S02, Diagnosis: [Microsoft][ODBC SQL Server Driver][SQL Server]Invalid object name 'MonsterKillCount'.
[20:58:14] EXEC IGC_Monster_KillCount_Save 'DTLove10', 569
[20:58:14] SQLSTATE: 42S02, Diagnosis: [Microsoft][ODBC SQL Server Driver][SQL Server]Invalid object name 'MonsterKillCount'.
[20:58:14] EXEC IGC_Monster_KillCount_Save 'TDLove1', 571
[20:58:14] SQLSTATE: 42S02, Diagnosis: [Microsoft][ODBC SQL Server Driver][SQL Server]Invalid object name 'MonsterKillCount'.
[20:58:14] EXEC IGC_Monster_KillCount_Save 'TDLove1', 571
[20:58:14] SQLSTATE: 42S02, Diagnosis: [Microsoft][ODBC SQL Server Driver][SQL Server]Invalid object name 'MonsterKillCount'.
[20:58:14] EXEC IGC_Monster_KillCount_Save 'TDLove1', 571
[20:58:14] SQLSTATE: 42S02, Diagnosis: [Microsoft][ODBC SQL Server Driver][SQL Server]Invalid object name 'MonsterKillCount'.
[20:58:14] EXEC IGC_Monster_KillCount_Save 'Ulquiora', 575
[20:58:14] SQLSTATE: 42S02, Diagnosis: [Microsoft][ODBC SQL Server Driver][SQL Server]Invalid object name 'MonsterKillCount'.
[20:58:14] EXEC IGC_Monster_KillCount_Save 'Mrdka', 743
[20:58:14] SQLSTATE: 42S02, Diagnosis: [Microsoft][ODBC SQL Server Driver][SQL Server]Invalid object name 'MonsterKillCount'.
[20:58:14] EXEC IGC_Monster_KillCount_Save 'TARRASQUE', 767
[20:58:14] SQLSTATE: 42S02, Diagnosis: [Microsoft][ODBC SQL Server Driver][SQL Server]Invalid object name 'MonsterKillCount'.
[20:58:14] EXEC IGC_Monster_KillCount_Save 'Canalha', 39
[20:58:14] SQLSTATE: 42S02, Diagnosis: [Microsoft][ODBC SQL Server Driver][SQL Server]Invalid object name 'MonsterKillCount'.
[20:58:14] EXEC IGC_Monster_KillCount_Save 'refuseDL', 69
[20:58:14] SQLSTATE: 42S02, Diagnosis: [Microsoft][ODBC SQL Server Driver][SQL Server]Invalid object name 'MonsterKillCount'.
[20:58:14] EXEC IGC_Monster_KillCount_Save 'Duud', 444
[20:58:14] SQLSTATE: 42S02, Diagnosis: [Microsoft][ODBC SQL Server Driver][SQL Server]Invalid object name 'MonsterKillCount'.
[20:58:14] EXEC IGC_Monster_KillCount_Save 'isker', 449
[20:58:14] SQLSTATE: 42S02, Diagnosis: [Microsoft][ODBC SQL Server Driver][SQL Server]Invalid object name 'MonsterKillCount'.
[20:58:14] EXEC IGC_Monster_KillCount_Save 'Zlato4ka', 609
[20:58:14] SQLSTATE: 42S02, Diagnosis: [Microsoft][ODBC SQL Server Driver][SQL Server]Invalid object name 'MonsterKillCount'.
[20:58:14] EXEC IGC_Monster_KillCount_Save 'BHuMaHuE', 670
[20:58:14] SQLSTATE: 42S02, Diagnosis: [Microsoft][ODBC SQL Server Driver][SQL Server]Invalid object name 'MonsterKillCount'.
[20:58:14] EXEC IGC_Monster_KillCount_Save 'Basaev', 670
[20:58:14] SQLSTATE: 42S02, Diagnosis: [Microsoft][ODBC SQL Server Driver][SQL Server]Invalid object name 'MonsterKillCount'.
[20:58:14] EXEC IGC_Monster_KillCount_Save 'BHuMaHuE', 670
[20:58:14] SQLSTATE: 42S02, Diagnosis: [Microsoft][ODBC SQL Server Driver][SQL Server]Invalid object name 'MonsterKillCount'.
[20:58:14] EXEC IGC_Monster_KillCount_Save 'BlackWidow', 713
[20:58:14] SQLSTATE: 42S02, Diagnosis: [Microsoft][ODBC SQL Server Driver][SQL Server]Invalid object name 'MonsterKillCount'.
[20:58:14] EXEC IGC_Monster_KillCount_Save 'The6', 731
[20:58:14] SQLSTATE: 42S02, Diagnosis: [Microsoft][ODBC SQL Server Driver][SQL Server]Invalid object name 'MonsterKillCount'.
[20:58:14] EXEC IGC_Monster_KillCount_Save 'The7', 732
[20:58:14] SQLSTATE: 42S02, Diagnosis: [Microsoft][ODBC SQL Server Driver][SQL Server]Invalid object name 'MonsterKillCount'.
[20:58:14] EXEC IGC_Monster_KillCount_Save 'Buff666', 768
[20:58:14] SQLSTATE: 42S02, Diagnosis: [Microsoft][ODBC SQL Server Driver][SQL Server]Invalid object name 'MonsterKillCount'.
[20:58:14] EXEC IGC_Monster_KillCount_Save 'iskunnd', 787
[20:58:14] SQLSTATE: 42S02, Diagnosis: [Microsoft][ODBC SQL Server Driver][SQL Server]Invalid object name 'MonsterKillCount'.
[20:58:15] EXEC IGC_HuntingRecordLoad_Current 'MissMD1', 'MissMD', 2, 2024, 12, 27
[20:58:15] EXEC IGC_HuntingRecordLoad 'MissMD1', 'MissMD', 2
[20:58:15] EXEC IGC_Monster_KillCount_Save 'isk7', 20
[20:58:15] SQLSTATE: 42S02, Diagnosis: [Microsoft][ODBC SQL Server Driver][SQL Server]Invalid object name 'MonsterKillCount'.
[20:58:15] EXEC IGC_Monster_KillCount_Save 'bbbbb', 353
[20:58:15] SQLSTATE: 42S02, Diagnosis: [Microsoft][ODBC SQL Server Driver][SQL Server]Invalid object name 'MonsterKillCount'.
[20:58:15] EXEC IGC_Monster_KillCount_Save '06SL', 480
[20:58:15] SQLSTATE: 42S02, Diagnosis: [Microsoft][ODBC SQL Server Driver][SQL Server]Invalid object name 'MonsterKillCount'.
[20:58:15] EXEC IGC_Monster_KillCount_Save 'BlackWidow', 713
[20:58:15] SQLSTATE: 42S02, Diagnosis: [Microsoft][ODBC SQL Server Driver][SQL Server]Invalid object name 'MonsterKillCount'.
[20:58:15] EXEC IGC_Monster_KillCount_Save 'BlackWidow', 713
[20:58:15] SQLSTATE: 42S02, Diagnosis: [Microsoft][ODBC SQL Server Driver][SQL Server]Invalid object name 'MonsterKillCount'.
[20:58:15] EXEC IGC_Monster_KillCount_Save 'BlackWidow', 713
[20:58:15] SQLSTATE: 42S02, Diagnosis: [Microsoft][ODBC SQL Server Driver][SQL Server]Invalid object name 'MonsterKillCount'.
[20:58:15] EXEC IGC_Monster_KillCount_Save 'Ladyzinha', 770
[20:58:15] SQLSTATE: 42S02, Diagnosis: [Microsoft][ODBC SQL Server Driver][SQL Server]Invalid object name 'MonsterKillCount'.
[20:58:15] EXEC IGC_Monster_KillCount_Save 'Resnis', 768
[20:58:15] SQLSTATE: 42S02, Diagnosis: [Microsoft][ODBC SQL Server Driver][SQL Server]Invalid object name 'MonsterKillCount'.
[20:58:15] EXEC IGC_Monster_KillCount_Save 'MeFace', 771
[20:58:15] SQLSTATE: 42S02, Diagnosis: [Microsoft][ODBC SQL Server Driver][SQL Server]Invalid object name 'MonsterKillCount'.
[20:58:15] EXEC IGC_Monster_KillCount_Save 'Insane', 772
[20:58:15] SQLSTATE: 42S02, Diagnosis: [Microsoft][ODBC SQL Server Driver][SQL Server]Invalid object name 'MonsterKillCount'.
[20:58:15] EXEC IGC_Monster_KillCount_Save 'Insane', 772
[20:58:15] SQLSTATE: 42S02, Diagnosis: [Microsoft][ODBC SQL Server Driver][SQL Server]Invalid object name 'MonsterKillCount'.
[20:58:15] EXEC IGC_Monster_KillCount_Save 'Insane', 772
[20:58:15] SQLSTATE: 42S02, Diagnosis: [Microsoft][ODBC SQL Server Driver][SQL Server]Invalid object name 'MonsterKillCount'.
[20:58:15] EXEC IGC_Monster_KillCount_Save 'Elvis', 789
[20:58:15] SQLSTATE: 42S02, Diagnosis: [Microsoft][ODBC SQL Server Driver][SQL Server]Invalid object name 'MonsterKillCount'.
[20:58:15] EXEC IGC_Monster_KillCount_Save 'AoVL', 455
[20:58:15] SQLSTATE: 42S02, Diagnosis: [Microsoft][ODBC SQL Server Driver][SQL Server]Invalid object name 'MonsterKillCount'.
[20:58:15] EXEC IGC_Monster_KillCount_Save 'Scythe', 575
[20:58:15] SQLSTATE: 42S02, Diagnosis: [Microsoft][ODBC SQL Server Driver][SQL Server]Invalid object name 'MonsterKillCount'.
[20:58:15] EXEC IGC_Monster_KillCount_Save 'Scythe', 575
[20:58:15] SQLSTATE: 42S02, Diagnosis: [Microsoft][ODBC SQL Server Driver][SQL Server]Invalid object name 'MonsterKillCount'.
[20:58:15] EXEC IGC_Monster_KillCount_Save 'Ulquiora', 575
[20:58:15] SQLSTATE: 42S02, Diagnosis: [Microsoft][ODBC SQL Server Driver][SQL Server]Invalid object name 'MonsterKillCount'.
[20:58:15] EXEC IGC_Monster_KillCount_Save 'Scythe', 575
[20:58:15] SQLSTATE: 42S02, Diagnosis: [Microsoft][ODBC SQL Server Driver][SQL Server]Invalid object name 'MonsterKillCount'.
[20:58:15] EXEC IGC_Monster_KillCount_Save 'Ulquiora', 575
[20:58:15] SQLSTATE: 42S02, Diagnosis: [Microsoft][ODBC SQL Server Driver][SQL Server]Invalid object name 'MonsterKillCount'.
[20:58:15] EXEC IGC_Monster_KillCount_Save 'HongAnhGL', 730
[20:58:15] SQLSTATE: 42S02, Diagnosis: [Microsoft][ODBC SQL Server Driver][SQL Server]Invalid object name 'MonsterKillCount'.
[20:58:15] EXEC IGC_Monster_KillCount_Save 'metaIica', 767
[20:58:15] SQLSTATE: 42S02, Diagnosis: [Microsoft][ODBC SQL Server Driver][SQL Server]Invalid object name 'MonsterKillCount'.
[20:58:15] EXEC IGC_Monster_KillCount_Save 'DarkIK', 770
[20:58:15] SQLSTATE: 42S02, Diagnosis: [Microsoft][ODBC SQL Server Driver][SQL Server]Invalid object name 'MonsterKillCount'.
[20:58:15] EXEC IGC_Monster_KillCount_Save 'ARJHOTV', 569
[20:58:15] SQLSTATE: 42S02, Diagnosis: [Microsoft][ODBC SQL Server Driver][SQL Server]Invalid object name 'MonsterKillCount'.
[20:58:15] EXEC IGC_Monster_KillCount_Save 'Meta', 768
[20:58:15] SQLSTATE: 42S02, Diagnosis: [Microsoft][ODBC SQL Server Driver][SQL Server]Invalid object name 'MonsterKillCount'.
[20:58:15] EXEC IGC_Monster_KillCount_Save 'Cuuka', 768
[20:58:15] SQLSTATE: 42S02, Diagnosis: [Microsoft][ODBC SQL Server Driver][SQL Server]Invalid object name 'MonsterKillCount'.
[20:58:15] EXEC IGC_Monster_KillCount_Save 'Lancer', 35
[20:58:15] SQLSTATE: 42S02, Diagnosis: [Microsoft][ODBC SQL Server Driver][SQL Server]Invalid object name 'MonsterKillCount'.
[20:58:15] EXEC IGC_Monster_KillCount_Save 'Canalha', 39
[20:58:15] SQLSTATE: 42S02, Diagnosis: [Microsoft][ODBC SQL Server Driver][SQL Server]Invalid object name 'MonsterKillCount'.
[20:58:15] EXEC IGC_Monster_KillCount_Save 'Duud', 444
[20:58:15] SQLSTATE: 42S02, Diagnosis: [Microsoft][ODBC SQL Server Driver][SQL Server]Invalid object name 'MonsterKillCount'.
[20:58:15] EXEC IGC_Monster_KillCount_Save 'Duud', 444
[20:58:15] SQLSTATE: 42S02, Diagnosis: [Microsoft][ODBC SQL Server Driver][SQL Server]Invalid object name 'MonsterKillCount'.
[20:58:15] EXEC IGC_Monster_KillCount_Save 'Tarabas', 586
[20:58:15] SQLSTATE: 42S02, Diagnosis: [Microsoft][ODBC SQL Server Driver][SQL Server]Invalid object name 'MonsterKillCount'.
[20:58:15] EXEC IGC_Monster_KillCount_Save 'ArthurMD', 589
[20:58:15] SQLSTATE: 42S02, Diagnosis: [Microsoft][ODBC SQL Server Driver][SQL Server]Invalid object name 'MonsterKillCount'.
[20:58:15] EXEC IGC_Monster_KillCount_Save 'Basaev', 670
[20:58:15] SQLSTATE: 42S02, Diagnosis: [Microsoft][ODBC SQL Server Driver][SQL Server]Invalid object name 'MonsterKillCount'.
[20:58:15] EXEC IGC_Monster_KillCount_Save 'pigiVN', 730
[20:58:15] SQLSTATE: 42S02, Diagnosis: [Microsoft][ODBC SQL Server Driver][SQL Server]Invalid object name 'MonsterKillCount'.
[20:58:15] EXEC IGC_Monster_KillCount_Save 'xXxXx', 786
[20:58:15] SQLSTATE: 42S02, Diagnosis: [Microsoft][ODBC SQL Server Driver][SQL Server]Invalid object name 'MonsterKillCount'.
[20:58:15] EXEC IGC_Monster_KillCount_Save 'VNZzGLzZVN', 786
[20:58:15] SQLSTATE: 42S02, Diagnosis: [Microsoft][ODBC SQL Server Driver][SQL Server]Invalid object name 'MonsterKillCount'.
[20:58:15] EXEC IGC_Monster_KillCount_Save 'KimChuaXau', 786
[20:58:15] SQLSTATE: 42S02, Diagnosis: [Microsoft][ODBC SQL Server Driver][SQL Server]Invalid object name 'MonsterKillCount'.
[20:58:15] SELECT Name FROM IGC_FavouriteWarpData WHERE Name = 'Akhsharis'
[20:58:15] UPDATE IGC_FavouriteWarpData SET WarpIndex_1 = -1, WarpMapNum_1 = -1, WarpIndex_2 = -1, WarpMapNum_2 = -1, WarpIndex_3 = -1, WarpMapNum_3 = -1, WarpIndex_4 = -1, WarpMapNum_4 = -1, WarpIndex_5 = -1, WarpMapNum_5 = -1 WHERE Name = 'Akhsharis'
[20:58:15] EXEC IGC_Monster_KillCount_Save 'refuseMG', 311
[20:58:15] SQLSTATE: 42S02, Diagnosis: [Microsoft][ODBC SQL Server Driver][SQL Server]Invalid object name 'MonsterKillCount'.
[20:58:15] EXEC IGC_Monster_KillCount_Save 'Ruub', 358
[20:58:15] SQLSTATE: 42S02, Diagnosis: [Microsoft][ODBC SQL Server Driver][SQL Server]Invalid object name 'MonsterKillCount'.
[20:58:15] EXEC IGC_Monster_KillCount_Save 'DTLove8', 574
[20:58:15] SQLSTATE: 42S02, Diagnosis: [Microsoft][ODBC SQL Server Driver][SQL Server]Invalid object name 'MonsterKillCount'.
[20:58:15] EXEC IGC_Monster_KillCount_Save 'DTLove8', 574
[20:58:15] SQLSTATE: 42S02, Diagnosis: [Microsoft][ODBC SQL Server Driver][SQL Server]Invalid object name 'MonsterKillCount'.
[20:58:15] EXEC IGC_Monster_KillCount_Save 'DTLove8', 574
[20:58:15] SQLSTATE: 42S02, Diagnosis: [Microsoft][ODBC SQL Server Driver][SQL Server]Invalid object name 'MonsterKillCount'.
[20:58:15] EXEC IGC_Monster_KillCount_Save 'DTLove8', 574
[20:58:15] SQLSTATE: 42S02, Diagnosis: [Microsoft][ODBC SQL Server Driver][SQL Server]Invalid object name 'MonsterKillCount'.
[20:58:15] EXEC IGC_Monster_KillCount_Save 'DarkIK', 770
[20:58:15] SQLSTATE: 42S02, Diagnosis: [Microsoft][ODBC SQL Server Driver][SQL Server]Invalid object name 'MonsterKillCount'.
[20:58:16] EXEC IGC_Monster_KillCount_Save 'DarkIK', 770
[20:58:16] SQLSTATE: 42S02, Diagnosis: [Microsoft][ODBC SQL Server Driver][SQL Server]Invalid object name 'MonsterKillCount'.
[20:58:16] EXEC IGC_Monster_KillCount_Save 'refuseWW', 771
[20:58:16] SQLSTATE: 42S02, Diagnosis: [Microsoft][ODBC SQL Server Driver][SQL Server]Invalid object name 'MonsterKillCount'.
[20:58:16] EXEC IGC_Monster_KillCount_Save 'isk7', 20
[20:58:16] SQLSTATE: 42S02, Diagnosis: [Microsoft][ODBC SQL Server Driver][SQL Server]Invalid object name 'MonsterKillCount'.
[20:58:16] EXEC IGC_Monster_KillCount_Save '8HAPPIER', 45
[20:58:16] SQLSTATE: 42S02, Diagnosis: [Microsoft][ODBC SQL Server Driver][SQL Server]Invalid object name 'MonsterKillCount'.
[20:58:16] EXEC IGC_Monster_KillCount_Save '3WindSoul', 445
[20:58:16] SQLSTATE: 42S02, Diagnosis: [Microsoft][ODBC SQL Server Driver][SQL Server]Invalid object name 'MonsterKillCount'.
[20:58:16] EXEC IGC_Monster_KillCount_Save 'Zlato4ka', 609
[20:58:16] SQLSTATE: 42S02, Diagnosis: [Microsoft][ODBC SQL Server Driver][SQL Server]Invalid object name 'MonsterKillCount'.
[20:58:16] EXEC IGC_Monster_KillCount_Save 'Barawar', 714
[20:58:16] SQLSTATE: 42S02, Diagnosis: [Microsoft][ODBC SQL Server Driver][SQL Server]Invalid object name 'MonsterKillCount'.
[20:58:16] EXEC IGC_Monster_KillCount_Save 'AstroX', 730
[20:58:16] SQLSTATE: 42S02, Diagnosis: [Microsoft][ODBC SQL Server Driver][SQL Server]Invalid object name 'MonsterKillCount'.
[20:58:16] EXEC IGC_Monster_KillCount_Save 'The6', 737
[20:58:16] SQLSTATE: 42S02, Diagnosis: [Microsoft][ODBC SQL Server Driver][SQL Server]Invalid object name 'MonsterKillCount'.
[20:58:16] EXEC IGC_Monster_KillCount_Save 'CS114', 768
[20:58:16] SQLSTATE: 42S02, Diagnosis: [Microsoft][ODBC SQL Server Driver][SQL Server]Invalid object name 'MonsterKillCount'.
[20:58:16] EXEC IGC_Monster_KillCount_Save 'iskerka', 787
[20:58:16] SQLSTATE: 42S02, Diagnosis: [Microsoft][ODBC SQL Server Driver][SQL Server]Invalid object name 'MonsterKillCount'.
[20:58:16] EXEC IGC_GetPartyMatchingListJoinAble 897, 100, 0, 1, 6
[20:58:16] EXEC IGC_GetPartyMatchingListJoinAbleTotalCount 897, 100,0
[20:58:16] EXEC IGC_Monster_KillCount_Save 'Ruub', 358
[20:58:16] SQLSTATE: 42S02, Diagnosis: [Microsoft][ODBC SQL Server Driver][SQL Server]Invalid object name 'MonsterKillCount'.
[20:58:16] EXEC IGC_Monster_KillCount_Save 'AoVL', 455
[20:58:16] SQLSTATE: 42S02, Diagnosis: [Microsoft][ODBC SQL Server Driver][SQL Server]Invalid object name 'MonsterKillCount'.
[20:58:16] EXEC IGC_Monster_KillCount_Save 'TDLove4', 569
[20:58:16] SQLSTATE: 42S02, Diagnosis: [Microsoft][ODBC SQL Server Driver][SQL Server]Invalid object name 'MonsterKillCount'.
[20:58:16] EXEC IGC_Monster_KillCount_Save 'TDLove4', 569
[20:58:16] SQLSTATE: 42S02, Diagnosis: [Microsoft][ODBC SQL Server Driver][SQL Server]Invalid object name 'MonsterKillCount'.
[20:58:16] EXEC IGC_Monster_KillCount_Save 'TDLove4', 569
[20:58:16] SQLSTATE: 42S02, Diagnosis: [Microsoft][ODBC SQL Server Driver][SQL Server]Invalid object name 'MonsterKillCount'.
[20:58:16] EXEC IGC_Monster_KillCount_Save 'TDLove4', 569
[20:58:16] SQLSTATE: 42S02, Diagnosis: [Microsoft][ODBC SQL Server Driver][SQL Server]Invalid object name 'MonsterKillCount'.
[20:58:16] EXEC IGC_Monster_KillCount_Save 'TDLove4', 569
[20:58:16] SQLSTATE: 42S02, Diagnosis: [Microsoft][ODBC SQL Server Driver][SQL Server]Invalid object name 'MonsterKillCount'.
[20:58:16] EXEC IGC_Monster_KillCount_Save 'ARJHOTV', 569
[20:58:16] SQLSTATE: 42S02, Diagnosis: [Microsoft][ODBC SQL Server Driver][SQL Server]Invalid object name 'MonsterKillCount'.
[20:58:16] EXEC IGC_Monster_KillCount_Save 'isk6', 20
[20:58:16] SQLSTATE: 42S02, Diagnosis: [Microsoft][ODBC SQL Server Driver][SQL Server]Invalid object name 'MonsterKillCount'.
[20:58:16] EXEC IGC_Monster_KillCount_Save 'Canalha', 39
[20:58:16] SQLSTATE: 42S02, Diagnosis: [Microsoft][ODBC SQL Server Driver][SQL Server]Invalid object name 'MonsterKillCount'.
[20:58:16] EXEC IGC_Monster_KillCount_Save 'TOP1FARMJW', 351
[20:58:16] SQLSTATE: 42S02, Diagnosis: [Microsoft][ODBC SQL Server Driver][SQL Server]Invalid object name 'MonsterKillCount'.
[20:58:16] EXEC IGC_Monster_KillCount_Save 'Hocok', 446
[20:58:16] SQLSTATE: 42S02, Diagnosis: [Microsoft][ODBC SQL Server Driver][SQL Server]Invalid object name 'MonsterKillCount'.
[20:58:16] EXEC IGC_Monster_KillCount_Save 'Hocok', 446
[20:58:16] SQLSTATE: 42S02, Diagnosis: [Microsoft][ODBC SQL Server Driver][SQL Server]Invalid object name 'MonsterKillCount'.
[20:58:16] EXEC IGC_Monster_KillCount_Save '100GL', 486
[20:58:16] SQLSTATE: 42S02, Diagnosis: [Microsoft][ODBC SQL Server Driver][SQL Server]Invalid object name 'MonsterKillCount'.
[20:58:16] EXEC IGC_Monster_KillCount_Save 'ArthurMD', 589
[20:58:16] SQLSTATE: 42S02, Diagnosis: [Microsoft][ODBC SQL Server Driver][SQL Server]Invalid object name 'MonsterKillCount'.
[20:58:16] EXEC IGC_Monster_KillCount_Save 'pigiVN', 731
[20:58:16] SQLSTATE: 42S02, Diagnosis: [Microsoft][ODBC SQL Server Driver][SQL Server]Invalid object name 'MonsterKillCount'.
[20:58:16] EXEC IGC_Monster_KillCount_Save 'GL01', 770
[20:58:16] SQLSTATE: 42S02, Diagnosis: [Microsoft][ODBC SQL Server Driver][SQL Server]Invalid object name 'MonsterKillCount'.
[20:58:16] EXEC IGC_Monster_KillCount_Save 'GL01', 770
[20:58:16] SQLSTATE: 42S02, Diagnosis: [Microsoft][ODBC SQL Server Driver][SQL Server]Invalid object name 'MonsterKillCount'.
[20:58:16] EXEC IGC_Monster_KillCount_Save 'GL01', 770
[20:58:16] UPDATE Character SET cLevel=400, mLevel=402, Class=39,LevelUpPoint=194, mlPoint=151, Experience=3892250000, mlExperience=4802776800, mlNextExp=19624359459, Strength=207, Dexterity=303, Vitality=20, Energy=1723, Money=121421152, Life=2857.000000, MaxLife=1053.000000, Mana=3882.000000, MaxMana=3922.000000, MapNumber=116, MapPosX=120, MapPosY=167, MapDir=3, PkCount=0, PkLevel=3, PkTime=0, Leadership=0, ChatLimitTime=0, RESETS = 0, Married = 0, MarryName = '', WinDuels=0, LoseDuels=0, BlockChatTime=0, PenaltyMask=0, Ruud=2426, OpenHuntingLog=0, StatGP=0, StatCoin=0, i4thSkillPoint=1, AddStrength=0, AddDexterity=0, AddVitality=0, AddEnergy=0, FruitAddPoint=0, FruitDecPoint=0, GrandResets=0, MonStat=0, Age=0, CJL=0, SIC=0, WingCoreType=255, WingCoreLevel=255, GiantMountType=0, GiantMountWear=0, AddLeadership=0 WHERE Name = '2ElfBuff'
[20:58:16] SQLSTATE: 42S02, Diagnosis: [Microsoft][ODBC SQL Server Driver][SQL Server]Invalid object name 'MonsterKillCount'.
[20:58:16] EXEC IGC_Monster_KillCount_Save 'GL01', 770
[20:58:16] SQLSTATE: 42S02, Diagnosis: [Microsoft][ODBC SQL Server Driver][SQL Server]Invalid object name 'MonsterKillCount'.
[20:58:16] EXEC IGC_Monster_KillCount_Save 'cs113', 768
[20:58:16] SQLSTATE: 42S02, Diagnosis: [Microsoft][ODBC SQL Server Driver][SQL Server]Invalid object name 'MonsterKillCount'.
[20:58:16] EXEC IGC_Monster_KillCount_Save 'xXxXx', 786
[20:58:16] SQLSTATE: 42S02, Diagnosis: [Microsoft][ODBC SQL Server Driver][SQL Server]Invalid object name 'MonsterKillCount'.
[20:58:16] EXEC IGC_Monster_KillCount_Save 'ThayMocLop', 786
[20:58:16] SQLSTATE: 42S02, Diagnosis: [Microsoft][ODBC SQL Server Driver][SQL Server]Invalid object name 'MonsterKillCount'.
[20:58:16] EXEC IGC_Monster_KillCount_Save 'G123', 789
[20:58:16] SQLSTATE: 42S02, Diagnosis: [Microsoft][ODBC SQL Server Driver][SQL Server]Invalid object name 'MonsterKillCount'.
[20:58:16] UPDATE Character SET Inventory=? WHERE Name='2ElfBuff'
[20:58:16] UPDATE T_Event_Inventory SET Inventory=? WHERE Name = '2ElfBuff'
[20:58:16] UPDATE Character SET MagicList=? WHERE Name='2ElfBuff'
[20:58:16] EXEC IGC_EvolutionMonsterInfoSave 'aragorn2', '2ElfBuff', -1, 0, 0, -1, 0, 0, -1, 0, 0, -1, 0, 0, -1, 0, 0, 0
[20:58:16] UPDATE Character SET Quest=? WHERE Name='2ElfBuff'
[20:58:16] EXEC IGC_ClassQuest_MonsterKillSave '2ElfBuff', -1, -1, 0, -1, 0, -1, 0, -1, 0, -1, 0
[20:58:16] EXEC IGC_SetSaveRestoreInventory 'aragorn2', '2ElfBuff', ?
[20:58:16] EXEC IGC_EventMapEnterCount_Set '2ElfBuff', 0, 0, 0, 0, 0, 0, 0
[20:58:16] UPDATE IGC_Muun_Inventory SET Items=? WHERE Name='2ElfBuff'
[20:58:16] EXEC IGC_MuunConditionInfoSetSave '2ElfBuff', 0, 255, 0
[20:58:16] EXEC IGC_HuntingRecordInfoSave 'aragorn2', '2ElfBuff', 116, 2024, 12, 27, 802, 20498, 5313, 0, 2407913, 0, 12147981798, 2, 271, 77, 0, 0, 0, 76599
[20:58:16] EXEC IGC_MuunConditionInfoSetSave '2ElfBuff', 1, 255, 0
[20:58:16] EXEC IGC_HuntingRecordInfoUserOpenSave 'aragorn2', '2ElfBuff', 1
[20:58:16] EXEC IGC_MuunConditionInfoSetSave '2ElfBuff', 2, 255, 0
[20:58:16] DELETE FROM IGC_BlockChat WHERE Name = '2ElfBuff'
[20:58:16] EXEC IGC_ResetInfoSave 1106, 0
[20:58:16] SELECT character_id FROM IGC_SeasonPass WHERE character_id = 1106
[20:58:16] UPDATE IGC_SeasonPass SET pass_id = 1, pass_type = 0, pass_level = 2, pass_experience = 504, complete_mission = 4, today_exp = 111, mu_pass_reward = 0, gold_pass_reward = 0, premium_pass_reward = 0, last_login = 1735322296 WHERE character_id = 1106
[20:58:16] SELECT character_id FROM IGC_SeasonPassTicket WHERE character_id = 1106
[20:58:16] UPDATE IGC_SeasonPassTicket SET ticket_count = 0, special_point = 0 WHERE character_id = 1106
[20:58:16] DELETE FROM IGC_SeasonPassMission WHERE character_id = 1106
[20:58:16] INSERT INTO IGC_SeasonPassMission (character_id, mission_index, mission_type, current_step, current_amount) VALUES (1106, 0, 0, 9, 1045)
[20:58:16] INSERT INTO IGC_SeasonPassMission (character_id, mission_index, mission_type, current_step, current_amount) VALUES (1106, 2, 2, 5, 34469)
[20:58:16] INSERT INTO IGC_SeasonPassMission (character_id, mission_index, mission_type, current_step, current_amount) VALUES (1106, 3, 3, 0, 4)
[20:58:16] INSERT INTO IGC_SeasonPassMission (character_id, mission_index, mission_type, current_step, current_amount) VALUES (1106, 4, 4, 3, 6)
[20:58:16] INSERT INTO IGC_SeasonPassMission (character_id, mission_index, mission_type, current_step, current_amount) VALUES (1106, 11, 11, 1, 1)
[20:58:16] INSERT INTO IGC_SeasonPassMission (character_id, mission_index, mission_type, current_step, current_amount) VALUES (1106, 24, 24, 1, 1)
[20:58:16] UPDATE IGC_HuntPoint SET HuntPoint=2500,Monsters=0,Buffs='|0=12.5||1=12.5||2=12.5||3=12.5||4=12.5||5=12.5||6=12.5||7=12.5|',Inactive=0,Quest='|0=0.0||1=0.0||2=0.0||3=0.0||4=0.0||5=0.0||6=0.0||7=0.0|', WeekMonsters=0 WHERE Name = '2ElfBuff'
[20:58:16] UPDATE IGC_HuntPoint SET QuestState=? where Name='2ElfBuff'
[20:58:16] EXEC IGC_HuntingRecordInfoSave 'MissMD1', 'MissMD', 2, 2024, 12, 27, 961, 1138, 0, 0, 0, 0, 0, 2, 0, 0, 0, 0, 0, 0
[20:58:16] EXEC IGC_HuntingRecordLoad_Current 'conbodien9', 'ThayOngNoi', 116, 2024, 12, 27
[20:58:16] EXEC IGC_Monster_KillCount_Save 'refuseLem', 310
[20:58:16] SQLSTATE: 42S02, Diagnosis: [Microsoft][ODBC SQL Server Driver][SQL Server]Invalid object name 'MonsterKillCount'.
[20:58:16] EXEC IGC_Monster_KillCount_Save 'Mrdka', 743
[20:58:16] SQLSTATE: 42S02, Diagnosis: [Microsoft][ODBC SQL Server Driver][SQL Server]Invalid object name 'MonsterKillCount'.
[20:58:17] EXEC IGC_HuntingRecordLoad 'conbodien9', 'ThayOngNoi', 116
[20:58:17] EXEC IGC_Monster_KillCount_Save '9PORSCHE', 45
[20:58:17] SQLSTATE: 42S02, Diagnosis: [Microsoft][ODBC SQL Server Driver][SQL Server]Invalid object name 'MonsterKillCount'.
[20:58:17] EXEC IGC_Monster_KillCount_Save 'Tarabas', 586
[20:58:17] SQLSTATE: 42S02, Diagnosis: [Microsoft][ODBC SQL Server Driver][SQL Server]Invalid object name 'MonsterKillCount'.
[20:58:17] EXEC IGC_Monster_KillCount_Save 'ThayDayLy', 770
[20:58:17] SQLSTATE: 42S02, Diagnosis: [Microsoft][ODBC SQL Server Driver][SQL Server]Invalid object name 'MonsterKillCount'.
[20:58:17] EXEC IGC_Monster_KillCount_Save 'Ladyzinha', 770
[20:58:17] SQLSTATE: 42S02, Diagnosis: [Microsoft][ODBC SQL Server Driver][SQL Server]Invalid object name 'MonsterKillCount'.
[20:58:17] EXEC IGC_Monster_KillCount_Save 'cs113', 768
[20:58:17] SQLSTATE: 42S02, Diagnosis: [Microsoft][ODBC SQL Server Driver][SQL Server]Invalid object name 'MonsterKillCount'.
[20:58:17] EXEC IGC_Monster_KillCount_Save 'FunnyBunny', 771
[20:58:17] SQLSTATE: 42S02, Diagnosis: [Microsoft][ODBC SQL Server Driver][SQL Server]Invalid object name 'MonsterKillCount'.
[20:58:17] EXEC IGC_Monster_KillCount_Save 'VNZzGLzZVN', 786
[20:58:17] SQLSTATE: 42S02, Diagnosis: [Microsoft][ODBC SQL Server Driver][SQL Server]Invalid object name 'MonsterKillCount'.
[20:58:17] EXEC IGC_Monster_KillCount_Save 'Elvis', 789
[20:58:17] SQLSTATE: 42S02, Diagnosis: [Microsoft][ODBC SQL Server Driver][SQL Server]Invalid object name 'MonsterKillCount'.
[20:58:17] EXEC IGC_Monster_KillCount_Save 'DTLove9', 573
[20:58:17] SQLSTATE: 42S02, Diagnosis: [Microsoft][ODBC SQL Server Driver][SQL Server]Invalid object name 'MonsterKillCount'.
[20:58:17] EXEC IGC_Monster_KillCount_Save 'DTLove9', 573
[20:58:17] SQLSTATE: 42S02, Diagnosis: [Microsoft][ODBC SQL Server Driver][SQL Server]Invalid object name 'MonsterKillCount'.
[20:58:17] EXEC IGC_Monster_KillCount_Save 'DTLove8', 574
[20:58:17] SQLSTATE: 42S02, Diagnosis: [Microsoft][ODBC SQL Server Driver][SQL Server]Invalid object name 'MonsterKillCount'.
[20:58:17] EXEC IGC_Monster_KillCount_Save 'uckyBcTBo', 767
[20:58:17] SQLSTATE: 42S02, Diagnosis: [Microsoft][ODBC SQL Server Driver][SQL Server]Invalid object name 'MonsterKillCount'.
[20:58:17] EXEC IGC_Monster_KillCount_Save 'TARRASQUE', 767
[20:58:17] SQLSTATE: 42S02, Diagnosis: [Microsoft][ODBC SQL Server Driver][SQL Server]Invalid object name 'MonsterKillCount'.
[20:58:17] EXEC IGC_Monster_KillCount_Save 'TARRASQUE', 767
[20:58:17] SQLSTATE: 42S02, Diagnosis: [Microsoft][ODBC SQL Server Driver][SQL Server]Invalid object name 'MonsterKillCount'.
[20:58:17] EXEC IGC_Monster_KillCount_Save 'zZElfHitZz', 770
[20:58:17] SQLSTATE: 42S02, Diagnosis: [Microsoft][ODBC SQL Server Driver][SQL Server]Invalid object name 'MonsterKillCount'.
[20:58:17] EXEC IGC_Monster_KillCount_Save 'Mace', 456
[20:58:17] SQLSTATE: 42S02, Diagnosis: [Microsoft][ODBC SQL Server Driver][SQL Server]Invalid object name 'MonsterKillCount'.
[20:58:17] EXEC IGC_Monster_KillCount_Save 'Saken', 772
[20:58:17] SQLSTATE: 42S02, Diagnosis: [Microsoft][ODBC SQL Server Driver][SQL Server]Invalid object name 'MonsterKillCount'.
[20:58:17] EXEC IGC_Monster_KillCount_Save 'SacreD', 772
[20:58:17] SQLSTATE: 42S02, Diagnosis: [Microsoft][ODBC SQL Server Driver][SQL Server]Invalid object name 'MonsterKillCount'.
[20:58:17] EXEC IGC_GetPartyMatchingWaitList 'Ti4ka'
[20:58:17] EXEC IGC_InsertPartyMatchingList 'Ti4ka', 'TI4KA', '1212', 1, 1650, 1, 0, 1, 1, 1, 1, 0, 897, 125
[20:58:17] EXEC IGC_CreateParty 'Ti4ka', 0, 897, 125, 0, 1735322297
[20:58:17] EXEC IGC_PartyMatchingInfoSave 'Ti4ka', 'TI4KA', '1212', 1, 1650, 1, 1, 0
[20:58:17] EXEC IGC_Monster_KillCount_Save 'Canalha', 39
[20:58:17] SQLSTATE: 42S02, Diagnosis: [Microsoft][ODBC SQL Server Driver][SQL Server]Invalid object name 'MonsterKillCount'.
[20:58:17] EXEC IGC_Monster_KillCount_Save '06SL', 480
[20:58:17] SQLSTATE: 42S02, Diagnosis: [Microsoft][ODBC SQL Server Driver][SQL Server]Invalid object name 'MonsterKillCount'.
[20:58:17] EXEC IGC_Monster_KillCount_Save '06SL', 480
[20:58:17] SQLSTATE: 42S02, Diagnosis: [Microsoft][ODBC SQL Server Driver][SQL Server]Invalid object name 'MonsterKillCount'.
[20:58:17] EXEC IGC_Monster_KillCount_Save 'Summmer', 570
[20:58:17] SQLSTATE: 42S02, Diagnosis: [Microsoft][ODBC SQL Server Driver][SQL Server]Invalid object name 'MonsterKillCount'.
[20:58:17] EXEC IGC_Monster_KillCount_Save 'ThayDayLy', 770
[20:58:17] SQLSTATE: 42S02, Diagnosis: [Microsoft][ODBC SQL Server Driver][SQL Server]Invalid object name 'MonsterKillCount'.
[20:58:17] EXEC IGC_Monster_KillCount_Save 'ThayDayLy', 770
[20:58:17] SQLSTATE: 42S02, Diagnosis: [Microsoft][ODBC SQL Server Driver][SQL Server]Invalid object name 'MonsterKillCount'.
[20:58:17] EXEC IGC_Monster_KillCount_Save 'GL01', 770
[20:58:17] SQLSTATE: 42S02, Diagnosis: [Microsoft][ODBC SQL Server Driver][SQL Server]Invalid object name 'MonsterKillCount'.
[20:58:17] EXEC IGC_Monster_KillCount_Save '5MAGUS', 770
[20:58:17] SQLSTATE: 42S02, Diagnosis: [Microsoft][ODBC SQL Server Driver][SQL Server]Invalid object name 'MonsterKillCount'.
[20:58:17] EXEC IGC_Monster_KillCount_Save 'Kiborg', 771
[20:58:17] SQLSTATE: 42S02, Diagnosis: [Microsoft][ODBC SQL Server Driver][SQL Server]Invalid object name 'MonsterKillCount'.
[20:58:17] EXEC IGC_Monster_KillCount_Save 'Buff', 789
[20:58:17] SQLSTATE: 42S02, Diagnosis: [Microsoft][ODBC SQL Server Driver][SQL Server]Invalid object name 'MonsterKillCount'.
[20:58:17] EXEC IGC_Monster_KillCount_Save 'G123', 789
[20:58:17] SQLSTATE: 42S02, Diagnosis: [Microsoft][ODBC SQL Server Driver][SQL Server]Invalid object name 'MonsterKillCount'.
[20:58:17] SELECT * FROM AccountCharacter WHERE Id='tuduan6'
[20:58:17] UPDATE AccountCharacter SET GameID1='DTLove6' WHERE Id='tuduan6'
[20:58:17] EXEC IGC_GetPartyMatchingListJoinAble 897, 100, 0, 1, 6
[20:58:17] EXEC IGC_GetPartyMatchingListJoinAbleTotalCount 897, 100,0
[20:58:18] EXEC IGC_Monster_KillCount_Save 'refuseAE', 454
[20:58:18] SQLSTATE: 42S02, Diagnosis: [Microsoft][ODBC SQL Server Driver][SQL Server]Invalid object name 'MonsterKillCount'.
[20:58:18] EXEC IGC_Monster_KillCount_Save 'Shield', 456
[20:58:18] SQLSTATE: 42S02, Diagnosis: [Microsoft][ODBC SQL Server Driver][SQL Server]Invalid object name 'MonsterKillCount'.
[20:58:18] EXEC IGC_Monster_KillCount_Save '7event', 20
[20:58:18] SQLSTATE: 42S02, Diagnosis: [Microsoft][ODBC SQL Server Driver][SQL Server]Invalid object name 'MonsterKillCount'.
[20:58:18] EXEC IGC_Monster_KillCount_Save 'isk6', 20
[20:58:18] SQLSTATE: 42S02, Diagnosis: [Microsoft][ODBC SQL Server Driver][SQL Server]Invalid object name 'MonsterKillCount'.
[20:58:18] EXEC IGC_Monster_KillCount_Save 'RatLaVaiL', 40
[20:58:18] SQLSTATE: 42S02, Diagnosis: [Microsoft][ODBC SQL Server Driver][SQL Server]Invalid object name 'MonsterKillCount'.
[20:58:18] EXEC IGC_Monster_KillCount_Save '9PORSCHE', 45
[20:58:18] SQLSTATE: 42S02, Diagnosis: [Microsoft][ODBC SQL Server Driver][SQL Server]Invalid object name 'MonsterKillCount'.
[20:58:18] EXEC IGC_Monster_KillCount_Save '9PORSCHE', 45
[20:58:18] SQLSTATE: 42S02, Diagnosis: [Microsoft][ODBC SQL Server Driver][SQL Server]Invalid object name 'MonsterKillCount'.
[20:58:18] EXEC IGC_Monster_KillCount_Save '06SL', 480
[20:58:18] SQLSTATE: 42S02, Diagnosis: [Microsoft][ODBC SQL Server Driver][SQL Server]Invalid object name 'MonsterKillCount'.
[20:58:18] EXEC IGC_Monster_KillCount_Save '06SL', 480
[20:58:18] SQLSTATE: 42S02, Diagnosis: [Microsoft][ODBC SQL Server Driver][SQL Server]Invalid object name 'MonsterKillCount'.
[20:58:18] EXEC IGC_Monster_KillCount_Save '101IK', 484
[20:58:18] SQLSTATE: 42S02, Diagnosis: [Microsoft][ODBC SQL Server Driver][SQL Server]Invalid object name 'MonsterKillCount'.
[20:58:18] EXEC IGC_Monster_KillCount_Save 'RatLaVL', 575
[20:58:18] SQLSTATE: 42S02, Diagnosis: [Microsoft][ODBC SQL Server Driver][SQL Server]Invalid object name 'MonsterKillCount'.
[20:58:18] EXEC IGC_Monster_KillCount_Save 'RatLaVL', 575
[20:58:18] SQLSTATE: 42S02, Diagnosis: [Microsoft][ODBC SQL Server Driver][SQL Server]Invalid object name 'MonsterKillCount'.
[20:58:18] EXEC IGC_Monster_KillCount_Save 'RatLaVL', 575
[20:58:18] SQLSTATE: 42S02, Diagnosis: [Microsoft][ODBC SQL Server Driver][SQL Server]Invalid object name 'MonsterKillCount'.
[20:58:18] EXEC IGC_Monster_KillCount_Save 'RatLaVL', 575
[20:58:18] SQLSTATE: 42S02, Diagnosis: [Microsoft][ODBC SQL Server Driver][SQL Server]Invalid object name 'MonsterKillCount'.
[20:58:18] EXEC IGC_Monster_KillCount_Save 'RatLaVL', 575
[20:58:18] SQLSTATE: 42S02, Diagnosis: [Microsoft][ODBC SQL Server Driver][SQL Server]Invalid object name 'MonsterKillCount'.
[20:58:18] EXEC IGC_Monster_KillCount_Save 'RatLaVL', 575
[20:58:18] SQLSTATE: 42S02, Diagnosis: [Microsoft][ODBC SQL Server Driver][SQL Server]Invalid object name 'MonsterKillCount'.
[20:58:18] EXEC IGC_Monster_KillCount_Save 'RatLaVL', 575
[20:58:18] SQLSTATE: 42S02, Diagnosis: [Microsoft][ODBC SQL Server Driver][SQL Server]Invalid object name 'MonsterKillCount'.
[20:58:18] EXEC IGC_Monster_KillCount_Save 'Tarabas', 586
[20:58:18] SQLSTATE: 42S02, Diagnosis: [Microsoft][ODBC SQL Server Driver][SQL Server]Invalid object name 'MonsterKillCount'.
[20:58:18] EXEC IGC_Monster_KillCount_Save 'CoDaySinh', 767
[20:58:18] SQLSTATE: 42S02, Diagnosis: [Microsoft][ODBC SQL Server Driver][SQL Server]Invalid object name 'MonsterKillCount'.
[20:58:18] EXEC IGC_Monster_KillCount_Save 'FunnyBunny', 771
[20:58:18] SQLSTATE: 42S02, Diagnosis: [Microsoft][ODBC SQL Server Driver][SQL Server]Invalid object name 'MonsterKillCount'.
[20:58:18] EXEC IGC_Monster_KillCount_Save 'Insane', 772
[20:58:18] SQLSTATE: 42S02, Diagnosis: [Microsoft][ODBC SQL Server Driver][SQL Server]Invalid object name 'MonsterKillCount'.
[20:58:18] EXEC IGC_Monster_KillCount_Save 'iskerka', 787
[20:58:18] SQLSTATE: 42S02, Diagnosis: [Microsoft][ODBC SQL Server Driver][SQL Server]Invalid object name 'MonsterKillCount'.
[20:58:18] EXEC IGC_Monster_KillCount_Save 'iskerka', 787
[20:58:18] SQLSTATE: 42S02, Diagnosis: [Microsoft][ODBC SQL Server Driver][SQL Server]Invalid object name 'MonsterKillCount'.
[20:58:18] EXEC IGC_Monster_KillCount_Save 'smbuff', 810
[20:58:18] SQLSTATE: 42S02, Diagnosis: [Microsoft][ODBC SQL Server Driver][SQL Server]Invalid object name 'MonsterKillCount'.
[20:58:18] EXEC IGC_Monster_KillCount_Save 'Ti4ka', 892
[20:58:18] SQLSTATE: 42S02, Diagnosis: [Microsoft][ODBC SQL Server Driver][SQL Server]Invalid object name 'MonsterKillCount'.
[20:58:18] EXEC IGC_Monster_KillCount_Save 'Ti4ka', 892
[20:58:18] SQLSTATE: 42S02, Diagnosis: [Microsoft][ODBC SQL Server Driver][SQL Server]Invalid object name 'MonsterKillCount'.
[20:58:18] EXEC IGC_Monster_KillCount_Save 'refuseMG', 311
[20:58:18] SQLSTATE: 42S02, Diagnosis: [Microsoft][ODBC SQL Server Driver][SQL Server]Invalid object name 'MonsterKillCount'.
[20:58:18] EXEC IGC_Monster_KillCount_Save 'HongAnhSL', 70
[20:58:18] SQLSTATE: 42S02, Diagnosis: [Microsoft][ODBC SQL Server Driver][SQL Server]Invalid object name 'MonsterKillCount'.
[20:58:18] EXEC IGC_Monster_KillCount_Save 'HongAnhSL', 70
[20:58:18] SQLSTATE: 42S02, Diagnosis: [Microsoft][ODBC SQL Server Driver][SQL Server]Invalid object name 'MonsterKillCount'.
[20:58:18] EXEC IGC_Monster_KillCount_Save 'metaIica', 767
[20:58:18] SQLSTATE: 42S02, Diagnosis: [Microsoft][ODBC SQL Server Driver][SQL Server]Invalid object name 'MonsterKillCount'.
[20:58:18] EXEC IGC_Monster_KillCount_Save 'Lysandra', 787
[20:58:18] SQLSTATE: 42S02, Diagnosis: [Microsoft][ODBC SQL Server Driver][SQL Server]Invalid object name 'MonsterKillCount'.
[20:58:18] EXEC IGC_Monster_KillCount_Save 'Winter', 787
[20:58:18] SQLSTATE: 42S02, Diagnosis: [Microsoft][ODBC SQL Server Driver][SQL Server]Invalid object name 'MonsterKillCount'.
[20:58:18] EXEC IGC_Monster_KillCount_Save 'Lysandra', 787
[20:58:18] SQLSTATE: 42S02, Diagnosis: [Microsoft][ODBC SQL Server Driver][SQL Server]Invalid object name 'MonsterKillCount'.
[20:58:18] EXEC IGC_Monster_KillCount_Save 'Resnais', 768
[20:58:18] SQLSTATE: 42S02, Diagnosis: [Microsoft][ODBC SQL Server Driver][SQL Server]Invalid object name 'MonsterKillCount'.
[20:58:18] EXEC IGC_HuntingRecordLoad_Current 'MissMD1', 'MissMD', 2, 2024, 12, 27
[20:58:18] EXEC IGC_Monster_KillCount_Save '8HAPPIER', 45
[20:58:18] SQLSTATE: 42S02, Diagnosis: [Microsoft][ODBC SQL Server Driver][SQL Server]Invalid object name 'MonsterKillCount'.
[20:58:18] EXEC IGC_Monster_KillCount_Save '9PORSCHE', 45
[20:58:18] SQLSTATE: 42S02, Diagnosis: [Microsoft][ODBC SQL Server Driver][SQL Server]Invalid object name 'MonsterKillCount'.
[20:58:18] EXEC IGC_Monster_KillCount_Save 'TOP1FARMJW', 351
[20:58:18] SQLSTATE: 42S02, Diagnosis: [Microsoft][ODBC SQL Server Driver][SQL Server]Invalid object name 'MonsterKillCount'.
[20:58:18] EXEC IGC_Monster_KillCount_Save 'Ruud', 358
[20:58:18] SQLSTATE: 42S02, Diagnosis: [Microsoft][ODBC SQL Server Driver][SQL Server]Invalid object name 'MonsterKillCount'.
[20:58:18] EXEC IGC_Monster_KillCount_Save 'Hocok', 446
[20:58:18] SQLSTATE: 42S02, Diagnosis: [Microsoft][ODBC SQL Server Driver][SQL Server]Invalid object name 'MonsterKillCount'.
[20:58:18] EXEC IGC_Monster_KillCount_Save 'Hocok', 446
[20:58:18] SQLSTATE: 42S02, Diagnosis: [Microsoft][ODBC SQL Server Driver][SQL Server]Invalid object name 'MonsterKillCount'.
[20:58:18] EXEC IGC_Monster_KillCount_Save 'isker', 449
[20:58:18] SQLSTATE: 42S02, Diagnosis: [Microsoft][ODBC SQL Server Driver][SQL Server]Invalid object name 'MonsterKillCount'.
[20:58:18] EXEC IGC_Monster_KillCount_Save '100GL', 486
[20:58:18] SQLSTATE: 42S02, Diagnosis: [Microsoft][ODBC SQL Server Driver][SQL Server]Invalid object name 'MonsterKillCount'.
[20:58:18] EXEC IGC_Monster_KillCount_Save '100GL', 486
[20:58:18] SQLSTATE: 42S02, Diagnosis: [Microsoft][ODBC SQL Server Driver][SQL Server]Invalid object name 'MonsterKillCount'.
[20:58:18] EXEC IGC_Monster_KillCount_Save 'BaLaSuBaS', 573
[20:58:18] SQLSTATE: 42S02, Diagnosis: [Microsoft][ODBC SQL Server Driver][SQL Server]Invalid object name 'MonsterKillCount'.
[20:58:18] EXEC IGC_Monster_KillCount_Save 'SaBuSaLaB', 573
[20:58:18] SQLSTATE: 42S02, Diagnosis: [Microsoft][ODBC SQL Server Driver][SQL Server]Invalid object name 'MonsterKillCount'.
[20:58:18] EXEC IGC_Monster_KillCount_Save 'The5', 730
[20:58:18] SQLSTATE: 42S02, Diagnosis: [Microsoft][ODBC SQL Server Driver][SQL Server]Invalid object name 'MonsterKillCount'.
[20:58:18] EXEC IGC_Monster_KillCount_Save 'GL01', 770
[20:58:18] SQLSTATE: 42S02, Diagnosis: [Microsoft][ODBC SQL Server Driver][SQL Server]Invalid object name 'MonsterKillCount'.
[20:58:18] EXEC IGC_Monster_KillCount_Save 'CS115', 768
[20:58:18] SQLSTATE: 42S02, Diagnosis: [Microsoft][ODBC SQL Server Driver][SQL Server]Invalid object name 'MonsterKillCount'.
[20:58:18] EXEC IGC_Monster_KillCount_Save 'luka', 787
[20:58:18] SQLSTATE: 42S02, Diagnosis: [Microsoft][ODBC SQL Server Driver][SQL Server]Invalid object name 'MonsterKillCount'.
[20:58:18] EXEC IGC_Monster_KillCount_Save 'GL03', 893
[20:58:18] SQLSTATE: 42S02, Diagnosis: [Microsoft][ODBC SQL Server Driver][SQL Server]Invalid object name 'MonsterKillCount'.
[20:58:18] SELECT Name FROM IGC_FavouriteWarpData WHERE Name = 'Akhsharis'
[20:58:18] UPDATE IGC_FavouriteWarpData SET WarpIndex_1 = -1, WarpMapNum_1 = -1, WarpIndex_2 = -1, WarpMapNum_2 = -1, WarpIndex_3 = -1, WarpMapNum_3 = -1, WarpIndex_4 = -1, WarpMapNum_4 = -1, WarpIndex_5 = -1, WarpMapNum_5 = -1 WHERE Name = 'Akhsharis'
[20:58:18] EXEC IGC_Monster_KillCount_Save 'DTLove10', 569
[20:58:18] SQLSTATE: 42S02, Diagnosis: [Microsoft][ODBC SQL Server Driver][SQL Server]Invalid object name 'MonsterKillCount'.
[20:58:18] EXEC IGC_Monster_KillCount_Save 'RatLaVLon', 767
[20:58:18] SQLSTATE: 42S02, Diagnosis: [Microsoft][ODBC SQL Server Driver][SQL Server]Invalid object name 'MonsterKillCount'.
[20:58:18] EXEC IGC_Monster_KillCount_Save 'Winter', 787
[20:58:18] SQLSTATE: 42S02, Diagnosis: [Microsoft][ODBC SQL Server Driver][SQL Server]Invalid object name 'MonsterKillCount'.
[20:58:19] EXEC IGC_Monster_KillCount_Save 'Saken', 772
[20:58:19] SQLSTATE: 42S02, Diagnosis: [Microsoft][ODBC SQL Server Driver][SQL Server]Invalid object name 'MonsterKillCount'.
[20:58:19] EXEC IGC_Monster_KillCount_Save 'MuLord', 772
[20:58:19] SQLSTATE: 42S02, Diagnosis: [Microsoft][ODBC SQL Server Driver][SQL Server]Invalid object name 'MonsterKillCount'.
[20:58:19] EXEC IGC_Monster_KillCount_Save '7event', 20
[20:58:19] SQLSTATE: 42S02, Diagnosis: [Microsoft][ODBC SQL Server Driver][SQL Server]Invalid object name 'MonsterKillCount'.
[20:58:19] EXEC IGC_Monster_KillCount_Save 'RatLaVaiL', 40
[20:58:19] SQLSTATE: 42S02, Diagnosis: [Microsoft][ODBC SQL Server Driver][SQL Server]Invalid object name 'MonsterKillCount'.
[20:58:19] EXEC IGC_Monster_KillCount_Save 'bbbbb', 353
[20:58:19] SQLSTATE: 42S02, Diagnosis: [Microsoft][ODBC SQL Server Driver][SQL Server]Invalid object name 'MonsterKillCount'.
[20:58:19] EXEC IGC_Monster_KillCount_Save 'Ruud', 358
[20:58:19] SQLSTATE: 42S02, Diagnosis: [Microsoft][ODBC SQL Server Driver][SQL Server]Invalid object name 'MonsterKillCount'.
[20:58:19] EXEC IGC_Monster_KillCount_Save '3WindSoul', 445
[20:58:19] SQLSTATE: 42S02, Diagnosis: [Microsoft][ODBC SQL Server Driver][SQL Server]Invalid object name 'MonsterKillCount'.
[20:58:19] EXEC IGC_Monster_KillCount_Save 'isker', 449
[20:58:19] SQLSTATE: 42S02, Diagnosis: [Microsoft][ODBC SQL Server Driver][SQL Server]Invalid object name 'MonsterKillCount'.
[20:58:19] EXEC IGC_Monster_KillCount_Save '101IK', 484
[20:58:19] SQLSTATE: 42S02, Diagnosis: [Microsoft][ODBC SQL Server Driver][SQL Server]Invalid object name 'MonsterKillCount'.
[20:58:19] EXEC IGC_Monster_KillCount_Save '101IK', 484
[20:58:19] SQLSTATE: 42S02, Diagnosis: [Microsoft][ODBC SQL Server Driver][SQL Server]Invalid object name 'MonsterKillCount'.
[20:58:19] EXEC IGC_Monster_KillCount_Save 'H1deaki', 569
[20:58:19] SQLSTATE: 42S02, Diagnosis: [Microsoft][ODBC SQL Server Driver][SQL Server]Invalid object name 'MonsterKillCount'.
[20:58:19] EXEC IGC_Monster_KillCount_Save 'The5', 730
[20:58:19] SQLSTATE: 42S02, Diagnosis: [Microsoft][ODBC SQL Server Driver][SQL Server]Invalid object name 'MonsterKillCount'.
[20:58:19] EXEC IGC_Monster_KillCount_Save 'The5', 730
[20:58:19] SQLSTATE: 42S02, Diagnosis: [Microsoft][ODBC SQL Server Driver][SQL Server]Invalid object name 'MonsterKillCount'.
[20:58:19] EXEC IGC_Monster_KillCount_Save 'The7', 731
[20:58:19] SQLSTATE: 42S02, Diagnosis: [Microsoft][ODBC SQL Server Driver][SQL Server]Invalid object name 'MonsterKillCount'.
[20:58:19] EXEC IGC_Monster_KillCount_Save 'The5', 731
[20:58:19] SQLSTATE: 42S02, Diagnosis: [Microsoft][ODBC SQL Server Driver][SQL Server]Invalid object name 'MonsterKillCount'.
[20:58:19] EXEC IGC_Monster_KillCount_Save 'VNZzGLzZVN', 786
[20:58:19] SQLSTATE: 42S02, Diagnosis: [Microsoft][ODBC SQL Server Driver][SQL Server]Invalid object name 'MonsterKillCount'.
[20:58:19] EXEC IGC_Monster_KillCount_Save 'Ti4ka', 892
[20:58:19] SQLSTATE: 42S02, Diagnosis: [Microsoft][ODBC SQL Server Driver][SQL Server]Invalid object name 'MonsterKillCount'.
[20:58:19] EXEC IGC_Monster_KillCount_Save 'Ti4ka', 892
[20:58:19] SQLSTATE: 42S02, Diagnosis: [Microsoft][ODBC SQL Server Driver][SQL Server]Invalid object name 'MonsterKillCount'.
[20:58:19] EXEC IGC_Monster_KillCount_Save 'Ti4ka', 892
[20:58:19] SQLSTATE: 42S02, Diagnosis: [Microsoft][ODBC SQL Server Driver][SQL Server]Invalid object name 'MonsterKillCount'.
[20:58:19] EXEC IGC_Monster_KillCount_Save 'Ti4ka', 892
[20:58:19] SQLSTATE: 42S02, Diagnosis: [Microsoft][ODBC SQL Server Driver][SQL Server]Invalid object name 'MonsterKillCount'.
[20:58:19] EXEC IGC_Monster_KillCount_Save 'refuseLem', 310
[20:58:19] SQLSTATE: 42S02, Diagnosis: [Microsoft][ODBC SQL Server Driver][SQL Server]Invalid object name 'MonsterKillCount'.
[20:58:19] EXEC IGC_Monster_KillCount_Save 'Mrdka', 743
[20:58:19] SQLSTATE: 42S02, Diagnosis: [Microsoft][ODBC SQL Server Driver][SQL Server]Invalid object name 'MonsterKillCount'.
[20:58:19] EXEC IGC_Monster_KillCount_Save 'RatLaVLon', 767
[20:58:19] SQLSTATE: 42S02, Diagnosis: [Microsoft][ODBC SQL Server Driver][SQL Server]Invalid object name 'MonsterKillCount'.
[20:58:19] EXEC IGC_Monster_KillCount_Save 'RatLaVLon', 767
[20:58:19] SQLSTATE: 42S02, Diagnosis: [Microsoft][ODBC SQL Server Driver][SQL Server]Invalid object name 'MonsterKillCount'.
[20:58:19] EXEC IGC_Monster_KillCount_Save 'RatLaVLon', 767
[20:58:19] SQLSTATE: 42S02, Diagnosis: [Microsoft][ODBC SQL Server Driver][SQL Server]Invalid object name 'MonsterKillCount'.
[20:58:19] EXEC IGC_Monster_KillCount_Save 'RatLaVLon', 767
[20:58:19] SQLSTATE: 42S02, Diagnosis: [Microsoft][ODBC SQL Server Driver][SQL Server]Invalid object name 'MonsterKillCount'.
[20:58:19] EXEC IGC_Monster_KillCount_Save 'zZElfHitZz', 770
[20:58:19] SQLSTATE: 42S02, Diagnosis: [Microsoft][ODBC SQL Server Driver][SQL Server]Invalid object name 'MonsterKillCount'.
[20:58:19] EXEC IGC_Monster_KillCount_Save 'ARJHOTV', 569
[20:58:19] SQLSTATE: 42S02, Diagnosis: [Microsoft][ODBC SQL Server Driver][SQL Server]Invalid object name 'MonsterKillCount'.
[20:58:19] EXEC IGC_Monster_KillCount_Save 'Resnais', 768
[20:58:19] SQLSTATE: 42S02, Diagnosis: [Microsoft][ODBC SQL Server Driver][SQL Server]Invalid object name 'MonsterKillCount'.
[20:58:19] UPDATE Character SET cLevel=400, mLevel=469, Class=199,LevelUpPoint=0, mlPoint=0, Experience=3863409602, mlExperience=15755637264, mlNextExp=39724359459, Strength=168, Dexterity=400, Vitality=19, Energy=1863, Money=151616335, Life=3875.000000, MaxLife=1096.000000, Mana=5563.000000, MaxMana=5363.000000, MapNumber=63, MapPosX=39, MapPosY=201, MapDir=5, PkCount=0, PkLevel=3, PkTime=0, Leadership=0, ChatLimitTime=0, RESETS = 0, Married = 0, MarryName = '', WinDuels=0, LoseDuels=0, BlockChatTime=0, PenaltyMask=0, Ruud=1259, OpenHuntingLog=0, StatGP=0, StatCoin=0, i4thSkillPoint=9, AddStrength=0, AddDexterity=0, AddVitality=0, AddEnergy=0, FruitAddPoint=0, FruitDecPoint=0, GrandResets=0, MonStat=0, Age=0, CJL=0, SIC=0, WingCoreType=255, WingCoreLevel=255, GiantMountType=0, GiantMountWear=0, AddLeadership=0 WHERE Name = '4Mage'
[20:58:19] EXEC IGC_GensSave '4Mage', 10, 0
[20:58:19] UPDATE T_Event_Inventory SET Inventory=? WHERE Name = '4Mage'
[20:58:19] UPDATE Character SET Inventory=? WHERE Name='4Mage'
[20:58:19] EXEC IGC_EvolutionMonsterInfoSave 'zxcv4', '4Mage', -1, 0, 0, -1, 0, 0, -1, 0, 0, -1, 0, 0, -1, 0, 0, 0
[20:58:19] DELETE FROM IGC_GensAbuse WHERE Name = '4Mage'
[20:58:19] EXEC IGC_RealmItemDropUpdate 14, 1990
[20:58:19] UPDATE Character SET MagicList=? WHERE Name='4Mage'
[20:58:19] EXEC IGC_SetSaveRestoreInventory 'zxcv4', '4Mage', ?
[20:58:19] UPDATE Character SET Quest=? WHERE Name='4Mage'
[20:58:19] EXEC IGC_EventMapEnterCount_Set '4Mage', 0, 0, 0, 0, 0, 0, 0
[20:58:19] EXEC IGC_ClassQuest_MonsterKillSave '4Mage', -1, -1, 0, -1, 0, -1, 0, -1, 0, -1, 0
[20:58:19] EXEC IGC_HuntingRecordInfoSave 'zxcv4', '4Mage', 63, 2024, 12, 27, 869, 17942, 281673934, 1019354, 0, 6696, 0, 12, 27950, 5455, 134, 30, 0, 0
[20:58:19] UPDATE IGC_Muun_Inventory SET Items=? WHERE Name='4Mage'
[20:58:19] EXEC IGC_MuunConditionInfoSetSave '4Mage', 0, 255, 0
[20:58:19] EXEC IGC_HuntingRecordInfoUserOpenSave 'zxcv4', '4Mage', 1
[20:58:19] DELETE FROM IGC_BlockChat WHERE Name = '4Mage'
[20:58:19] EXEC IGC_MuunConditionInfoSetSave '4Mage', 1, 255, 0
[20:58:19] EXEC IGC_MuunConditionInfoSetSave '4Mage', 2, 255, 0
[20:58:19] EXEC IGC_ResetInfoSave 420, 0
[20:58:19] SELECT character_id FROM IGC_SeasonPass WHERE character_id = 420
[20:58:19] UPDATE IGC_SeasonPass SET pass_id = 1, pass_type = 0, pass_level = 4, pass_experience = 1193, complete_mission = 3, today_exp = 106, mu_pass_reward = 0, gold_pass_reward = 0, premium_pass_reward = 0, last_login = 1735322299 WHERE character_id = 420
[20:58:19] SELECT character_id FROM IGC_SeasonPassTicket WHERE character_id = 420
[20:58:19] UPDATE IGC_SeasonPassTicket SET ticket_count = 0, special_point = 0 WHERE character_id = 420
[20:58:19] DELETE FROM IGC_SeasonPassMission WHERE character_id = 420
[20:58:19] INSERT INTO IGC_SeasonPassMission (character_id, mission_index, mission_type, current_step, current_amount) VALUES (420, 0, 0, 8, 663)
[20:58:19] INSERT INTO IGC_SeasonPassMission (character_id, mission_index, mission_type, current_step, current_amount) VALUES (420, 1, 1, 3, 1600)
[20:58:19] INSERT INTO IGC_SeasonPassMission (character_id, mission_index, mission_type, current_step, current_amount) VALUES (420, 2, 2, 5, 34504)
[20:58:19] INSERT INTO IGC_SeasonPassMission (character_id, mission_index, mission_type, current_step, current_amount) VALUES (420, 4, 4, 3, 6)
[20:58:19] INSERT INTO IGC_SeasonPassMission (character_id, mission_index, mission_type, current_step, current_amount) VALUES (420, 24, 24, 1, 1)
[20:58:19] UPDATE IGC_HuntPoint SET HuntPoint=2500,Monsters=0,Buffs='|0=12.5||1=12.5||2=12.5||3=12.5||4=12.5||5=12.5||6=12.5||7=12.5|',Inactive=0,Quest='|0=0.0||1=0.0||2=0.0||3=0.0||4=0.0||5=0.0||6=0.0||7=0.0|', WeekMonsters=0 WHERE Name = '4Mage'
[20:58:19] UPDATE IGC_HuntPoint SET QuestState=? where Name='4Mage'
[20:58:19] EXEC IGC_Monster_KillCount_Save 'Ronan', 28
[20:58:19] SQLSTATE: 42S02, Diagnosis: [Microsoft][ODBC SQL Server Driver][SQL Server]Invalid object name 'MonsterKillCount'.
[20:58:19] EXEC IGC_Monster_KillCount_Save 'Lancer', 35
[20:58:19] SQLSTATE: 42S02, Diagnosis: [Microsoft][ODBC SQL Server Driver][SQL Server]Invalid object name 'MonsterKillCount'.
[20:58:19] EXEC IGC_Monster_KillCount_Save 'Lancer', 35
[20:58:19] SQLSTATE: 42S02, Diagnosis: [Microsoft][ODBC SQL Server Driver][SQL Server]Invalid object name 'MonsterKillCount'.
[20:58:19] EXEC IGC_Monster_KillCount_Save 'RatLaVaiL', 40
[20:58:19] SQLSTATE: 42S02, Diagnosis: [Microsoft][ODBC SQL Server Driver][SQL Server]Invalid object name 'MonsterKillCount'.
[20:58:19] EXEC IGC_Monster_KillCount_Save 'Duud', 444
[20:58:19] SQLSTATE: 42S02, Diagnosis: [Microsoft][ODBC SQL Server Driver][SQL Server]Invalid object name 'MonsterKillCount'.
[20:58:19] EXEC IGC_Monster_KillCount_Save '3WindSoul', 445
[20:58:19] SQLSTATE: 42S02, Diagnosis: [Microsoft][ODBC SQL Server Driver][SQL Server]Invalid object name 'MonsterKillCount'.
[20:58:19] EXEC IGC_Monster_KillCount_Save 'SaBuSaLaB', 573
[20:58:19] SQLSTATE: 42S02, Diagnosis: [Microsoft][ODBC SQL Server Driver][SQL Server]Invalid object name 'MonsterKillCount'.
[20:58:19] EXEC IGC_Monster_KillCount_Save 'ReflektMD', 608
[20:58:19] SQLSTATE: 42S02, Diagnosis: [Microsoft][ODBC SQL Server Driver][SQL Server]Invalid object name 'MonsterKillCount'.
[20:58:19] EXEC IGC_Monster_KillCount_Save 'Barawar', 714
[20:58:19] SQLSTATE: 42S02, Diagnosis: [Microsoft][ODBC SQL Server Driver][SQL Server]Invalid object name 'MonsterKillCount'.
[20:58:19] EXEC IGC_Monster_KillCount_Save 'The5', 732
[20:58:19] SQLSTATE: 42S02, Diagnosis: [Microsoft][ODBC SQL Server Driver][SQL Server]Invalid object name 'MonsterKillCount'.
[20:58:19] EXEC IGC_Monster_KillCount_Save 'CoDaySinh', 767
[20:58:19] SQLSTATE: 42S02, Diagnosis: [Microsoft][ODBC SQL Server Driver][SQL Server]Invalid object name 'MonsterKillCount'.
[20:58:19] EXEC IGC_Monster_KillCount_Save 'AEshka', 771
[20:58:19] SQLSTATE: 42S02, Diagnosis: [Microsoft][ODBC SQL Server Driver][SQL Server]Invalid object name 'MonsterKillCount'.
[20:58:19] EXEC IGC_Monster_KillCount_Save 'ARAGORN', 786
[20:58:19] SQLSTATE: 42S02, Diagnosis: [Microsoft][ODBC SQL Server Driver][SQL Server]Invalid object name 'MonsterKillCount'.
[20:58:19] EXEC IGC_Monster_KillCount_Save 'ThayMocLop', 786
[20:58:19] SQLSTATE: 42S02, Diagnosis: [Microsoft][ODBC SQL Server Driver][SQL Server]Invalid object name 'MonsterKillCount'.
[20:58:19] EXEC IGC_Monster_KillCount_Save 'luka', 787
[20:58:19] SQLSTATE: 42S02, Diagnosis: [Microsoft][ODBC SQL Server Driver][SQL Server]Invalid object name 'MonsterKillCount'.
[20:58:19] EXEC IGC_Monster_KillCount_Save 'Barrier', 789
[20:58:19] SQLSTATE: 42S02, Diagnosis: [Microsoft][ODBC SQL Server Driver][SQL Server]Invalid object name 'MonsterKillCount'.
[20:58:19] EXEC IGC_Monster_KillCount_Save 'Elvis', 789
[20:58:19] SQLSTATE: 42S02, Diagnosis: [Microsoft][ODBC SQL Server Driver][SQL Server]Invalid object name 'MonsterKillCount'.
[20:58:19] EXEC IGC_Monster_KillCount_Save 'G123', 789
[20:58:19] SQLSTATE: 42S02, Diagnosis: [Microsoft][ODBC SQL Server Driver][SQL Server]Invalid object name 'MonsterKillCount'.
[20:58:19] EXEC IGC_Monster_KillCount_Save 'Ruub', 358
[20:58:19] SQLSTATE: 42S02, Diagnosis: [Microsoft][ODBC SQL Server Driver][SQL Server]Invalid object name 'MonsterKillCount'.
[20:58:19] EXEC IGC_Monster_KillCount_Save 'RatLaVLon', 767
[20:58:19] SQLSTATE: 42S02, Diagnosis: [Microsoft][ODBC SQL Server Driver][SQL Server]Invalid object name 'MonsterKillCount'.
[20:58:19] EXEC IGC_Monster_KillCount_Save 'RatLaVLon', 767
[20:58:19] SQLSTATE: 42S02, Diagnosis: [Microsoft][ODBC SQL Server Driver][SQL Server]Invalid object name 'MonsterKillCount'.
[20:58:20] EXEC IGC_Monster_KillCount_Save 'Winter', 787
[20:58:20] SQLSTATE: 42S02, Diagnosis: [Microsoft][ODBC SQL Server Driver][SQL Server]Invalid object name 'MonsterKillCount'.
[20:58:20] EXEC IGC_Monster_KillCount_Save 'Winter', 787
[20:58:20] SQLSTATE: 42S02, Diagnosis: [Microsoft][ODBC SQL Server Driver][SQL Server]Invalid object name 'MonsterKillCount'.
[20:58:20] EXEC IGC_ChangePartyLeader '2cha', 'Deva'
[20:58:20] EXEC IGC_Monster_KillCount_Save 'BabyFace', 768
[20:58:20] SQLSTATE: 42S02, Diagnosis: [Microsoft][ODBC SQL Server Driver][SQL Server]Invalid object name 'MonsterKillCount'.
[20:58:20] EXEC IGC_UpdatePartyMatchingList '2cha', 'Deva', 0, 880, 121
[20:58:20] EXEC IGC_DelPartyMember 'Deva', '2cha'
[20:58:20] EXEC IGC_GetPartyMatchingWaitListForLeader '2cha'
[20:58:20] EXEC IGC_Monster_KillCount_Save 'bbbbb', 353
[20:58:20] SQLSTATE: 42S02, Diagnosis: [Microsoft][ODBC SQL Server Driver][SQL Server]Invalid object name 'MonsterKillCount'.
[20:58:20] EXEC IGC_Monster_KillCount_Save 'isk5', 447
[20:58:20] SQLSTATE: 42S02, Diagnosis: [Microsoft][ODBC SQL Server Driver][SQL Server]Invalid object name 'MonsterKillCount'.
[20:58:20] EXEC IGC_Monster_KillCount_Save 'isk5', 447
[20:58:20] SQLSTATE: 42S02, Diagnosis: [Microsoft][ODBC SQL Server Driver][SQL Server]Invalid object name 'MonsterKillCount'.
[20:58:20] EXEC IGC_Monster_KillCount_Save 'isk5', 447
[20:58:20] SQLSTATE: 42S02, Diagnosis: [Microsoft][ODBC SQL Server Driver][SQL Server]Invalid object name 'MonsterKillCount'.
[20:58:20] EXEC IGC_Monster_KillCount_Save 'isk5', 447
[20:58:20] SQLSTATE: 42S02, Diagnosis: [Microsoft][ODBC SQL Server Driver][SQL Server]Invalid object name 'MonsterKillCount'.
[20:58:20] EXEC IGC_Monster_KillCount_Save 'isk5', 447
[20:58:20] SQLSTATE: 42S02, Diagnosis: [Microsoft][ODBC SQL Server Driver][SQL Server]Invalid object name 'MonsterKillCount'.
[20:58:20] EXEC IGC_Monster_KillCount_Save 'Tarabas', 586
[20:58:20] SQLSTATE: 42S02, Diagnosis: [Microsoft][ODBC SQL Server Driver][SQL Server]Invalid object name 'MonsterKillCount'.
[20:58:20] EXEC IGC_Monster_KillCount_Save 'Zlato4ka', 609
[20:58:20] SQLSTATE: 42S02, Diagnosis: [Microsoft][ODBC SQL Server Driver][SQL Server]Invalid object name 'MonsterKillCount'.
[20:58:20] EXEC IGC_Monster_KillCount_Save 'pigiVN', 730
[20:58:20] SQLSTATE: 42S02, Diagnosis: [Microsoft][ODBC SQL Server Driver][SQL Server]Invalid object name 'MonsterKillCount'.
[20:58:20] EXEC IGC_Monster_KillCount_Save 'The7', 730
[20:58:20] SQLSTATE: 42S02, Diagnosis: [Microsoft][ODBC SQL Server Driver][SQL Server]Invalid object name 'MonsterKillCount'.
[20:58:20] EXEC IGC_Monster_KillCount_Save 'The7', 730
[20:58:20] SQLSTATE: 42S02, Diagnosis: [Microsoft][ODBC SQL Server Driver][SQL Server]Invalid object name 'MonsterKillCount'.
[20:58:20] EXEC IGC_Monster_KillCount_Save 'CoDaySinh', 767
[20:58:20] SQLSTATE: 42S02, Diagnosis: [Microsoft][ODBC SQL Server Driver][SQL Server]Invalid object name 'MonsterKillCount'.
[20:58:20] EXEC IGC_Monster_KillCount_Save 'ThayDayLy', 770
[20:58:20] SQLSTATE: 42S02, Diagnosis: [Microsoft][ODBC SQL Server Driver][SQL Server]Invalid object name 'MonsterKillCount'.
[20:58:20] EXEC IGC_Monster_KillCount_Save 'ThayDayLy', 770
[20:58:20] SQLSTATE: 42S02, Diagnosis: [Microsoft][ODBC SQL Server Driver][SQL Server]Invalid object name 'MonsterKillCount'.
[20:58:20] EXEC IGC_Monster_KillCount_Save 'cs113', 768
[20:58:20] SQLSTATE: 42S02, Diagnosis: [Microsoft][ODBC SQL Server Driver][SQL Server]Invalid object name 'MonsterKillCount'.
[20:58:20] EXEC IGC_Monster_KillCount_Save 'Kavalski', 771
[20:58:20] SQLSTATE: 42S02, Diagnosis: [Microsoft][ODBC SQL Server Driver][SQL Server]Invalid object name 'MonsterKillCount'.
[20:58:20] EXEC IGC_Monster_KillCount_Save 'AutoBuff', 786
[20:58:20] SQLSTATE: 42S02, Diagnosis: [Microsoft][ODBC SQL Server Driver][SQL Server]Invalid object name 'MonsterKillCount'.
[20:58:20] EXEC IGC_Monster_KillCount_Save 'AutoBuff', 786
[20:58:20] SQLSTATE: 42S02, Diagnosis: [Microsoft][ODBC SQL Server Driver][SQL Server]Invalid object name 'MonsterKillCount'.
[20:58:20] EXEC IGC_Monster_KillCount_Save 'Ti4ka', 892
[20:58:20] SQLSTATE: 42S02, Diagnosis: [Microsoft][ODBC SQL Server Driver][SQL Server]Invalid object name 'MonsterKillCount'.
[20:58:20] EXEC IGC_Monster_KillCount_Save 'HongAnhSL', 70
[20:58:20] SQLSTATE: 42S02, Diagnosis: [Microsoft][ODBC SQL Server Driver][SQL Server]Invalid object name 'MonsterKillCount'.
[20:58:20] EXEC IGC_Monster_KillCount_Save 'DTLove9', 573
[20:58:20] SQLSTATE: 42S02, Diagnosis: [Microsoft][ODBC SQL Server Driver][SQL Server]Invalid object name 'MonsterKillCount'.
[20:58:20] EXEC IGC_Monster_KillCount_Save 'Mrdka', 743
[20:58:20] SQLSTATE: 42S02, Diagnosis: [Microsoft][ODBC SQL Server Driver][SQL Server]Invalid object name 'MonsterKillCount'.
[20:58:20] EXEC IGC_Monster_KillCount_Save 'TOP1FARMJW', 351
[20:58:20] SQLSTATE: 42S02, Diagnosis: [Microsoft][ODBC SQL Server Driver][SQL Server]Invalid object name 'MonsterKillCount'.
[20:58:20] EXEC IGC_Monster_KillCount_Save 'MisterMD', 608
[20:58:20] SQLSTATE: 42S02, Diagnosis: [Microsoft][ODBC SQL Server Driver][SQL Server]Invalid object name 'MonsterKillCount'.
[20:58:20] EXEC IGC_Monster_KillCount_Save 'ReflektMD', 608
[20:58:20] SQLSTATE: 42S02, Diagnosis: [Microsoft][ODBC SQL Server Driver][SQL Server]Invalid object name 'MonsterKillCount'.
[20:58:20] EXEC IGC_Monster_KillCount_Save 'The7', 730
[20:58:20] SQLSTATE: 42S02, Diagnosis: [Microsoft][ODBC SQL Server Driver][SQL Server]Invalid object name 'MonsterKillCount'.
[20:58:20] EXEC IGC_Monster_KillCount_Save 'pigiVN', 732
[20:58:20] SQLSTATE: 42S02, Diagnosis: [Microsoft][ODBC SQL Server Driver][SQL Server]Invalid object name 'MonsterKillCount'.
[20:58:20] EXEC IGC_Monster_KillCount_Save 'ThayOngNoi', 770
[20:58:20] SQLSTATE: 42S02, Diagnosis: [Microsoft][ODBC SQL Server Driver][SQL Server]Invalid object name 'MonsterKillCount'.
[20:58:20] EXEC IGC_Monster_KillCount_Save 'ThayOngNoi', 770
[20:58:20] SQLSTATE: 42S02, Diagnosis: [Microsoft][ODBC SQL Server Driver][SQL Server]Invalid object name 'MonsterKillCount'.
[20:58:20] EXEC IGC_Monster_KillCount_Save 'Sm87', 768
[20:58:20] SQLSTATE: 42S02, Diagnosis: [Microsoft][ODBC SQL Server Driver][SQL Server]Invalid object name 'MonsterKillCount'.
[20:58:20] EXEC IGC_Monster_KillCount_Save 'VNZzGLzZVN', 786
[20:58:20] SQLSTATE: 42S02, Diagnosis: [Microsoft][ODBC SQL Server Driver][SQL Server]Invalid object name 'MonsterKillCount'.
[20:58:20] EXEC IGC_Monster_KillCount_Save 'KimChuaXau', 786
[20:58:20] SQLSTATE: 42S02, Diagnosis: [Microsoft][ODBC SQL Server Driver][SQL Server]Invalid object name 'MonsterKillCount'.
[20:58:20] EXEC IGC_Monster_KillCount_Save 'qwer', 787
[20:58:20] SQLSTATE: 42S02, Diagnosis: [Microsoft][ODBC SQL Server Driver][SQL Server]Invalid object name 'MonsterKillCount'.
[20:58:20] EXEC IGC_Monster_KillCount_Save 'qwer', 787
[20:58:20] SQLSTATE: 42S02, Diagnosis: [Microsoft][ODBC SQL Server Driver][SQL Server]Invalid object name 'MonsterKillCount'.
[20:58:20] EXEC IGC_Monster_KillCount_Save 'luka', 787
[20:58:20] SQLSTATE: 42S02, Diagnosis: [Microsoft][ODBC SQL Server Driver][SQL Server]Invalid object name 'MonsterKillCount'.
[20:58:20] EXEC IGC_Monster_KillCount_Save 'GL03', 893
[20:58:20] SQLSTATE: 42S02, Diagnosis: [Microsoft][ODBC SQL Server Driver][SQL Server]Invalid object name 'MonsterKillCount'.
[20:58:20] EXEC IGC_Monster_KillCount_Save 'DTLove9', 573
[20:58:20] SQLSTATE: 42S02, Diagnosis: [Microsoft][ODBC SQL Server Driver][SQL Server]Invalid object name 'MonsterKillCount'.
[20:58:20] EXEC IGC_Monster_KillCount_Save 'TDLove', 573
[20:58:20] SQLSTATE: 42S02, Diagnosis: [Microsoft][ODBC SQL Server Driver][SQL Server]Invalid object name 'MonsterKillCount'.
[20:58:20] EXEC IGC_Monster_KillCount_Save 'TDLove', 573
[20:58:20] SQLSTATE: 42S02, Diagnosis: [Microsoft][ODBC SQL Server Driver][SQL Server]Invalid object name 'MonsterKillCount'.
[20:58:20] EXEC IGC_Monster_KillCount_Save 'TDLove', 573
[20:58:20] SQLSTATE: 42S02, Diagnosis: [Microsoft][ODBC SQL Server Driver][SQL Server]Invalid object name 'MonsterKillCount'.
[20:58:20] EXEC IGC_Monster_KillCount_Save 'TDLove', 573
[20:58:20] SQLSTATE: 42S02, Diagnosis: [Microsoft][ODBC SQL Server Driver][SQL Server]Invalid object name 'MonsterKillCount'.
[20:58:20] EXEC IGC_Monster_KillCount_Save 'TDLove', 573
[20:58:20] SQLSTATE: 42S02, Diagnosis: [Microsoft][ODBC SQL Server Driver][SQL Server]Invalid object name 'MonsterKillCount'.
[20:58:21] EXEC IGC_Monster_KillCount_Save 'Lancer', 35
[20:58:21] SQLSTATE: 42S02, Diagnosis: [Microsoft][ODBC SQL Server Driver][SQL Server]Invalid object name 'MonsterKillCount'.
[20:58:21] EXEC IGC_Monster_KillCount_Save 'bbbbb', 353
[20:58:21] SQLSTATE: 42S02, Diagnosis: [Microsoft][ODBC SQL Server Driver][SQL Server]Invalid object name 'MonsterKillCount'.
[20:58:21] EXEC IGC_Monster_KillCount_Save '3KunDun', 484
[20:58:21] SQLSTATE: 42S02, Diagnosis: [Microsoft][ODBC SQL Server Driver][SQL Server]Invalid object name 'MonsterKillCount'.
[20:58:21] EXEC IGC_Monster_KillCount_Save 'H1deaki', 569
[20:58:21] SQLSTATE: 42S02, Diagnosis: [Microsoft][ODBC SQL Server Driver][SQL Server]Invalid object name 'MonsterKillCount'.
[20:58:21] EXEC IGC_Monster_KillCount_Save 'ArthurMD', 589
[20:58:21] SQLSTATE: 42S02, Diagnosis: [Microsoft][ODBC SQL Server Driver][SQL Server]Invalid object name 'MonsterKillCount'.
[20:58:21] EXEC IGC_Monster_KillCount_Save 'CS116', 768
[20:58:21] SQLSTATE: 42S02, Diagnosis: [Microsoft][ODBC SQL Server Driver][SQL Server]Invalid object name 'MonsterKillCount'.
[20:58:21] EXEC IGC_Monster_KillCount_Save 'GL03', 893
[20:58:21] SQLSTATE: 42S02, Diagnosis: [Microsoft][ODBC SQL Server Driver][SQL Server]Invalid object name 'MonsterKillCount'.
[20:58:21] EXEC IGC_Monster_KillCount_Save 'ikacko', 487
[20:58:21] SQLSTATE: 42S02, Diagnosis: [Microsoft][ODBC SQL Server Driver][SQL Server]Invalid object name 'MonsterKillCount'.
[20:58:21] EXEC IGC_Monster_KillCount_Save 'Ulquiora', 575
[20:58:21] SQLSTATE: 42S02, Diagnosis: [Microsoft][ODBC SQL Server Driver][SQL Server]Invalid object name 'MonsterKillCount'.
[20:58:21] EXEC IGC_Monster_KillCount_Save 'Mrdka', 743
[20:58:21] SQLSTATE: 42S02, Diagnosis: [Microsoft][ODBC SQL Server Driver][SQL Server]Invalid object name 'MonsterKillCount'.
[20:58:21] EXEC IGC_Monster_KillCount_Save 'metaIica', 767
[20:58:21] SQLSTATE: 42S02, Diagnosis: [Microsoft][ODBC SQL Server Driver][SQL Server]Invalid object name 'MonsterKillCount'.
[20:58:21] EXEC IGC_Monster_KillCount_Save 'refuseDL', 69
[20:58:21] SQLSTATE: 42S02, Diagnosis: [Microsoft][ODBC SQL Server Driver][SQL Server]Invalid object name 'MonsterKillCount'.
[20:58:21] EXEC IGC_Monster_KillCount_Save 'isker', 449
[20:58:21] SQLSTATE: 42S02, Diagnosis: [Microsoft][ODBC SQL Server Driver][SQL Server]Invalid object name 'MonsterKillCount'.
[20:58:21] EXEC IGC_Monster_KillCount_Save 'BaLaSuBaS', 573
[20:58:21] SQLSTATE: 42S02, Diagnosis: [Microsoft][ODBC SQL Server Driver][SQL Server]Invalid object name 'MonsterKillCount'.
[20:58:21] EXEC IGC_Monster_KillCount_Save 'Zlato4ka', 609
[20:58:21] SQLSTATE: 42S02, Diagnosis: [Microsoft][ODBC SQL Server Driver][SQL Server]Invalid object name 'MonsterKillCount'.
[20:58:21] EXEC IGC_Monster_KillCount_Save 'Barawar', 714
[20:58:21] SQLSTATE: 42S02, Diagnosis: [Microsoft][ODBC SQL Server Driver][SQL Server]Invalid object name 'MonsterKillCount'.
[20:58:21] EXEC IGC_Monster_KillCount_Save 'pigiVN', 730
[20:58:21] SQLSTATE: 42S02, Diagnosis: [Microsoft][ODBC SQL Server Driver][SQL Server]Invalid object name 'MonsterKillCount'.
[20:58:21] EXEC IGC_Monster_KillCount_Save 'ThayOngNoi', 770
[20:58:21] SQLSTATE: 42S02, Diagnosis: [Microsoft][ODBC SQL Server Driver][SQL Server]Invalid object name 'MonsterKillCount'.
[20:58:21] EXEC IGC_Monster_KillCount_Save 'ThayOngNoi', 770
[20:58:21] SQLSTATE: 42S02, Diagnosis: [Microsoft][ODBC SQL Server Driver][SQL Server]Invalid object name 'MonsterKillCount'.
[20:58:21] EXEC IGC_Monster_KillCount_Save 'GL04', 893
[20:58:21] SQLSTATE: 42S02, Diagnosis: [Microsoft][ODBC SQL Server Driver][SQL Server]Invalid object name 'MonsterKillCount'.
[20:58:21] SELECT Name FROM IGC_FavouriteWarpData WHERE Name = 'Astartes1'
[20:58:21] UPDATE IGC_FavouriteWarpData SET WarpIndex_1 = 0, WarpMapNum_1 = 73, WarpIndex_2 = 18, WarpMapNum_2 = 13, WarpIndex_3 = -1, WarpMapNum_3 = -1, WarpIndex_4 = -1, WarpMapNum_4 = -1, WarpIndex_5 = -1, WarpMapNum_5 = -1 WHERE Name = 'Astartes1'
[20:58:22] EXEC IGC_Monster_KillCount_Save '8HAPPIER', 45
[20:58:22] SQLSTATE: 42S02, Diagnosis: [Microsoft][ODBC SQL Server Driver][SQL Server]Invalid object name 'MonsterKillCount'.
[20:58:22] EXEC IGC_Monster_KillCount_Save 'aaaaaaaaaa', 443
[20:58:22] SQLSTATE: 42S02, Diagnosis: [Microsoft][ODBC SQL Server Driver][SQL Server]Invalid object name 'MonsterKillCount'.
[20:58:22] EXEC IGC_Monster_KillCount_Save '100GL', 486
[20:58:22] SQLSTATE: 42S02, Diagnosis: [Microsoft][ODBC SQL Server Driver][SQL Server]Invalid object name 'MonsterKillCount'.
[20:58:22] EXEC IGC_Monster_KillCount_Save 'AutoBuff', 786
[20:58:22] SQLSTATE: 42S02, Diagnosis: [Microsoft][ODBC SQL Server Driver][SQL Server]Invalid object name 'MonsterKillCount'.
[20:58:22] EXEC IGC_Monster_KillCount_Save 'KimChuaXau', 786
[20:58:22] SQLSTATE: 42S02, Diagnosis: [Microsoft][ODBC SQL Server Driver][SQL Server]Invalid object name 'MonsterKillCount'.
[20:58:22] EXEC IGC_Monster_KillCount_Save 'zZElfHitZz', 770
[20:58:22] SQLSTATE: 42S02, Diagnosis: [Microsoft][ODBC SQL Server Driver][SQL Server]Invalid object name 'MonsterKillCount'.
[20:58:22] EXEC IGC_Monster_KillCount_Save 'Lysandra', 787
[20:58:22] SQLSTATE: 42S02, Diagnosis: [Microsoft][ODBC SQL Server Driver][SQL Server]Invalid object name 'MonsterKillCount'.
[20:58:22] EXEC IGC_Monster_KillCount_Save 'isk7', 20
[20:58:22] SQLSTATE: 42S02, Diagnosis: [Microsoft][ODBC SQL Server Driver][SQL Server]Invalid object name 'MonsterKillCount'.
[20:58:22] EXEC IGC_Monster_KillCount_Save 'aaaaaaaaaa', 443
[20:58:22] EXEC IGC_RealmItemDropUpdate 12, 2733
[20:58:22] SQLSTATE: 42S02, Diagnosis: [Microsoft][ODBC SQL Server Driver][SQL Server]Invalid object name 'MonsterKillCount'.
[20:58:22] EXEC IGC_Monster_KillCount_Save 'Duud', 444
[20:58:22] SQLSTATE: 42S02, Diagnosis: [Microsoft][ODBC SQL Server Driver][SQL Server]Invalid object name 'MonsterKillCount'.
[20:58:22] EXEC IGC_Monster_KillCount_Save '3WindSoul', 445
[20:58:22] SQLSTATE: 42S02, Diagnosis: [Microsoft][ODBC SQL Server Driver][SQL Server]Invalid object name 'MonsterKillCount'.
[20:58:22] EXEC IGC_Monster_KillCount_Save 'isker', 449
[20:58:22] SQLSTATE: 42S02, Diagnosis: [Microsoft][ODBC SQL Server Driver][SQL Server]Invalid object name 'MonsterKillCount'.
[20:58:22] EXEC IGC_Monster_KillCount_Save '3KunDun', 484
[20:58:22] SQLSTATE: 42S02, Diagnosis: [Microsoft][ODBC SQL Server Driver][SQL Server]Invalid object name 'MonsterKillCount'.
[20:58:22] EXEC IGC_Monster_KillCount_Save '100GL', 486
[20:58:22] SQLSTATE: 42S02, Diagnosis: [Microsoft][ODBC SQL Server Driver][SQL Server]Invalid object name 'MonsterKillCount'.
[20:58:22] EXEC IGC_Monster_KillCount_Save 'ArthurMD', 589
[20:58:22] SQLSTATE: 42S02, Diagnosis: [Microsoft][ODBC SQL Server Driver][SQL Server]Invalid object name 'MonsterKillCount'.
[20:58:22] EXEC IGC_Monster_KillCount_Save 'ReflektMD', 608
[20:58:22] SQLSTATE: 42S02, Diagnosis: [Microsoft][ODBC SQL Server Driver][SQL Server]Invalid object name 'MonsterKillCount'.
[20:58:22] EXEC IGC_Monster_KillCount_Save 'GL01', 770
[20:58:22] SQLSTATE: 42S02, Diagnosis: [Microsoft][ODBC SQL Server Driver][SQL Server]Invalid object name 'MonsterKillCount'.
[20:58:22] EXEC IGC_Monster_KillCount_Save '5MAGUS', 770
[20:58:22] SQLSTATE: 42S02, Diagnosis: [Microsoft][ODBC SQL Server Driver][SQL Server]Invalid object name 'MonsterKillCount'.
[20:58:22] EXEC IGC_Monster_KillCount_Save 'ThayMocLop', 786
[20:58:22] SQLSTATE: 42S02, Diagnosis: [Microsoft][ODBC SQL Server Driver][SQL Server]Invalid object name 'MonsterKillCount'.
[20:58:22] EXEC IGC_Monster_KillCount_Save 'G123', 789
[20:58:22] SQLSTATE: 42S02, Diagnosis: [Microsoft][ODBC SQL Server Driver][SQL Server]Invalid object name 'MonsterKillCount'.
[20:58:22] EXEC IGC_Monster_KillCount_Save 'D123', 789
[20:58:22] SQLSTATE: 42S02, Diagnosis: [Microsoft][ODBC SQL Server Driver][SQL Server]Invalid object name 'MonsterKillCount'.
[20:58:22] EXEC IGC_Monster_KillCount_Save 'G123', 789
[20:58:22] SQLSTATE: 42S02, Diagnosis: [Microsoft][ODBC SQL Server Driver][SQL Server]Invalid object name 'MonsterKillCount'.
[20:58:22] EXEC IGC_Monster_KillCount_Save 'TDLove2', 570
[20:58:22] SQLSTATE: 42S02, Diagnosis: [Microsoft][ODBC SQL Server Driver][SQL Server]Invalid object name 'MonsterKillCount'.
[20:58:22] EXEC IGC_Monster_KillCount_Save 'TDLove2', 570
[20:58:23] SQLSTATE: 42S02, Diagnosis: [Microsoft][ODBC SQL Server Driver][SQL Server]Invalid object name 'MonsterKillCount'.
[20:58:23] EXEC IGC_Monster_KillCount_Save 'TDLove2', 570
[20:58:23] SQLSTATE: 42S02, Diagnosis: [Microsoft][ODBC SQL Server Driver][SQL Server]Invalid object name 'MonsterKillCount'.
[20:58:23] EXEC IGC_Monster_KillCount_Save 'TDLove2', 570
[20:58:23] UPDATE Character SET cLevel=400, mLevel=435, Class=215,LevelUpPoint=0, mlPoint=0, Experience=3887160962, mlExperience=11956074432, mlNextExp=29524359459, Strength=182, Dexterity=2236, Vitality=15, Energy=10, Money=273698813, Life=4951.000000, MaxLife=1768.000000, Mana=3238.000000, MaxMana=1271.000000, MapNumber=116, MapPosX=242, MapPosY=162, MapDir=3, PkCount=0, PkLevel=3, PkTime=0, Leadership=0, ChatLimitTime=0, RESETS = 0, Married = 0, MarryName = '', WinDuels=0, LoseDuels=0, BlockChatTime=0, PenaltyMask=0, Ruud=30647, OpenHuntingLog=112, StatGP=0, StatCoin=0, i4thSkillPoint=1, AddStrength=0, AddDexterity=0, AddVitality=0, AddEnergy=0, FruitAddPoint=0, FruitDecPoint=0, GrandResets=0, MonStat=0, Age=0, CJL=0, SIC=0, WingCoreType=255, WingCoreLevel=255, GiantMountType=0, GiantMountWear=0, AddLeadership=0 WHERE Name = 'RatLaVLon'
[20:58:23] EXEC IGC_GensSave 'RatLaVLon', 10, 0
[20:58:23] SQLSTATE: 42S02, Diagnosis: [Microsoft][ODBC SQL Server Driver][SQL Server]Invalid object name 'MonsterKillCount'.
[20:58:23] EXEC IGC_Monster_KillCount_Save 'TDLove2', 570
[20:58:23] SQLSTATE: 42S02, Diagnosis: [Microsoft][ODBC SQL Server Driver][SQL Server]Invalid object name 'MonsterKillCount'.
[20:58:23] EXEC IGC_Monster_KillCount_Save 'HongAnhGL', 730
[20:58:23] SQLSTATE: 42S02, Diagnosis: [Microsoft][ODBC SQL Server Driver][SQL Server]Invalid object name 'MonsterKillCount'.
[20:58:23] EXEC IGC_Monster_KillCount_Save 'HongAnhGL', 730
[20:58:23] SQLSTATE: 42S02, Diagnosis: [Microsoft][ODBC SQL Server Driver][SQL Server]Invalid object name 'MonsterKillCount'.
[20:58:23] EXEC IGC_Monster_KillCount_Save 'HongAnhGL', 732
[20:58:23] SQLSTATE: 42S02, Diagnosis: [Microsoft][ODBC SQL Server Driver][SQL Server]Invalid object name 'MonsterKillCount'.
[20:58:23] EXEC IGC_PentagramInfoUpdate 342, 'tuannxct6', 'RatLaVLon', 0, 0, 12, 221, 18, 0, 1, 0, 15, 15, 15, 15, 15, 15, 15, 15, 15
[20:58:23] UPDATE Character SET Inventory=? WHERE Name='RatLaVLon'
[20:58:23] EXEC IGC_PentagramInfoUpdate 342, 'tuannxct6', 'RatLaVLon', 0, 4, 12, 231, 19, 0, 1, 0, 15, 15, 15, 15, 15, 15, 15, 15, 15
[20:58:23] UPDATE Character SET MagicList=? WHERE Name='RatLaVLon'
[20:58:23] DELETE FROM IGC_GensAbuse WHERE Name = 'RatLaVLon'
[20:58:23] UPDATE T_Event_Inventory SET Inventory=? WHERE Name = 'RatLaVLon'
[20:58:23] UPDATE Character SET Quest=? WHERE Name='RatLaVLon'
[20:58:23] EXEC IGC_EvolutionMonsterInfoSave 'tuannxct6', 'RatLaVLon', -1, 0, 0, -1, 0, 0, -1, 0, 0, -1, 0, 0, -1, 0, 0, 0
[20:58:23] EXEC IGC_ClassQuest_MonsterKillSave 'RatLaVLon', -1, -1, 0, -1, 0, -1, 0, -1, 0, -1, 0
[20:58:23] EXEC IGC_SetSaveRestoreInventory 'tuannxct6', 'RatLaVLon', ?
[20:58:23] UPDATE IGC_Muun_Inventory SET Items=? WHERE Name='RatLaVLon'
[20:58:23] EXEC IGC_EventMapEnterCount_Set 'RatLaVLon', 3, 1, 3, 0, 0, 1, 0
[20:58:23] EXEC IGC_MuunConditionInfoSetSave 'RatLaVLon', 0, 255, 0
[20:58:23] EXEC IGC_HuntingRecordInfoSave 'tuannxct6', 'RatLaVLon', 116, 2024, 12, 27, 835, 10498, 1192564348, 481618, 0, 5465, 12959053637, 13, 40246, 10315, 89, 2, 0, 224597
[20:58:23] EXEC IGC_MuunConditionInfoSetSave 'RatLaVLon', 1, 255, 0
[20:58:23] EXEC IGC_HuntingRecordInfoUserOpenSave 'tuannxct6', 'RatLaVLon', 1
[20:58:23] EXEC IGC_MuunConditionInfoSetSave 'RatLaVLon', 2, 255, 0
[20:58:23] DELETE FROM IGC_BlockChat WHERE Name = 'RatLaVLon'
[20:58:23] EXEC IGC_ResetInfoSave 779, 0
[20:58:23] SELECT character_id FROM IGC_SeasonPass WHERE character_id = 779
[20:58:23] UPDATE IGC_SeasonPass SET pass_id = 1, pass_type = 0, pass_level = 5, pass_experience = 1370, complete_mission = 11, today_exp = 203, mu_pass_reward = 5, gold_pass_reward = 0, premium_pass_reward = 0, last_login = 1735322303 WHERE character_id = 779
[20:58:23] EXEC IGC_RealmItemDropUpdate 23, 1478
[20:58:23] SELECT character_id FROM IGC_SeasonPassTicket WHERE character_id = 779
[20:58:23] UPDATE IGC_SeasonPassTicket SET ticket_count = 0, special_point = 0 WHERE character_id = 779
[20:58:23] DELETE FROM IGC_SeasonPassMission WHERE character_id = 779
[20:58:23] INSERT INTO IGC_SeasonPassMission (character_id, mission_index, mission_type, current_step, current_amount) VALUES (779, 0, 0, 10, 2160)
[20:58:23] INSERT INTO IGC_SeasonPassMission (character_id, mission_index, mission_type, current_step, current_amount) VALUES (779, 1, 1, 7, 1700)
[20:58:23] INSERT INTO IGC_SeasonPassMission (character_id, mission_index, mission_type, current_step, current_amount) VALUES (779, 2, 2, 5, 34468)
[20:58:23] INSERT INTO IGC_SeasonPassMission (character_id, mission_index, mission_type, current_step, current_amount) VALUES (779, 3, 3, 3, 15)
[20:58:23] INSERT INTO IGC_SeasonPassMission (character_id, mission_index, mission_type, current_step, current_amount) VALUES (779, 4, 4, 3, 6)
[20:58:23] INSERT INTO IGC_SeasonPassMission (character_id, mission_index, mission_type, current_step, current_amount) VALUES (779, 7, 7, 1, 5)
[20:58:23] INSERT INTO IGC_SeasonPassMission (character_id, mission_index, mission_type, current_step, current_amount) VALUES (779, 11, 11, 1, 1)
[20:58:23] INSERT INTO IGC_SeasonPassMission (character_id, mission_index, mission_type, current_step, current_amount) VALUES (779, 16, 16, 1, 1)
[20:58:23] INSERT INTO IGC_SeasonPassMission (character_id, mission_index, mission_type, current_step, current_amount) VALUES (779, 17, 17, 1, 1)
[20:58:23] INSERT INTO IGC_SeasonPassMission (character_id, mission_index, mission_type, current_step, current_amount) VALUES (779, 18, 18, 1, 1)
[20:58:23] INSERT INTO IGC_SeasonPassMission (character_id, mission_index, mission_type, current_step, current_amount) VALUES (779, 24, 24, 1, 1)
[20:58:23] UPDATE IGC_HuntPoint SET HuntPoint=2500,Monsters=0,Buffs='|0=12.5||1=12.5||2=12.5||3=12.5||4=12.5||5=12.5||6=12.5||7=12.5|',Inactive=0,Quest='|0=0.0||1=0.0||2=0.0||3=0.0||4=0.0||5=0.0||6=0.0||7=0.0|', WeekMonsters=0 WHERE Name = 'RatLaVLon'
[20:58:23] UPDATE IGC_HuntPoint SET QuestState=? where Name='RatLaVLon'
[20:58:23] EXEC IGC_Monster_KillCount_Save '7event', 20
[20:58:23] SQLSTATE: 42S02, Diagnosis: [Microsoft][ODBC SQL Server Driver][SQL Server]Invalid object name 'MonsterKillCount'.
[20:58:23] EXEC IGC_Monster_KillCount_Save 'isk6', 20
[20:58:23] SQLSTATE: 42S02, Diagnosis: [Microsoft][ODBC SQL Server Driver][SQL Server]Invalid object name 'MonsterKillCount'.
[20:58:23] EXEC IGC_Monster_KillCount_Save 'RatLaVaiL', 40
[20:58:23] SQLSTATE: 42S02, Diagnosis: [Microsoft][ODBC SQL Server Driver][SQL Server]Invalid object name 'MonsterKillCount'.
[20:58:23] EXEC IGC_Monster_KillCount_Save 'RatLaVaiL', 40
[20:58:23] SQLSTATE: 42S02, Diagnosis: [Microsoft][ODBC SQL Server Driver][SQL Server]Invalid object name 'MonsterKillCount'.
[20:58:23] EXEC IGC_Monster_KillCount_Save '8HAPPIER', 45
[20:58:23] SQLSTATE: 42S02, Diagnosis: [Microsoft][ODBC SQL Server Driver][SQL Server]Invalid object name 'MonsterKillCount'.
[20:58:23] EXEC IGC_Monster_KillCount_Save 'refuseDL', 69
[20:58:23] SQLSTATE: 42S02, Diagnosis: [Microsoft][ODBC SQL Server Driver][SQL Server]Invalid object name 'MonsterKillCount'.
[20:58:23] EXEC IGC_Monster_KillCount_Save 'Ruud', 358
[20:58:23] SQLSTATE: 42S02, Diagnosis: [Microsoft][ODBC SQL Server Driver][SQL Server]Invalid object name 'MonsterKillCount'.
[20:58:23] EXEC IGC_Monster_KillCount_Save 'aaaaaaaaaa', 443
[20:58:23] SQLSTATE: 42S02, Diagnosis: [Microsoft][ODBC SQL Server Driver][SQL Server]Invalid object name 'MonsterKillCount'.
[20:58:23] EXEC IGC_Monster_KillCount_Save 'aaaaaaaaaa', 443
[20:58:23] SQLSTATE: 42S02, Diagnosis: [Microsoft][ODBC SQL Server Driver][SQL Server]Invalid object name 'MonsterKillCount'.
[20:58:23] EXEC IGC_Monster_KillCount_Save 'aaaaaaaaaa', 443
[20:58:23] SQLSTATE: 42S02, Diagnosis: [Microsoft][ODBC SQL Server Driver][SQL Server]Invalid object name 'MonsterKillCount'.
[20:58:23] EXEC IGC_Monster_KillCount_Save '101IK', 484
[20:58:23] SQLSTATE: 42S02, Diagnosis: [Microsoft][ODBC SQL Server Driver][SQL Server]Invalid object name 'MonsterKillCount'.
[20:58:23] EXEC IGC_Monster_KillCount_Save '101IK', 484
[20:58:23] SQLSTATE: 42S02, Diagnosis: [Microsoft][ODBC SQL Server Driver][SQL Server]Invalid object name 'MonsterKillCount'.
[20:58:23] EXEC IGC_Monster_KillCount_Save '3KunDun', 484
[20:58:23] SQLSTATE: 42S02, Diagnosis: [Microsoft][ODBC SQL Server Driver][SQL Server]Invalid object name 'MonsterKillCount'.
[20:58:23] EXEC IGC_Monster_KillCount_Save '3KunDun', 484
[20:58:23] SQLSTATE: 42S02, Diagnosis: [Microsoft][ODBC SQL Server Driver][SQL Server]Invalid object name 'MonsterKillCount'.
[20:58:23] EXEC IGC_Monster_KillCount_Save 'ArthurMD', 589
[20:58:23] SQLSTATE: 42S02, Diagnosis: [Microsoft][ODBC SQL Server Driver][SQL Server]Invalid object name 'MonsterKillCount'.
[20:58:23] EXEC IGC_Monster_KillCount_Save 'Buff666', 768
[20:58:23] SQLSTATE: 42S02, Diagnosis: [Microsoft][ODBC SQL Server Driver][SQL Server]Invalid object name 'MonsterKillCount'.
[20:58:23] EXEC IGC_Monster_KillCount_Save 'CS116', 768
[20:58:23] SQLSTATE: 42S02, Diagnosis: [Microsoft][ODBC SQL Server Driver][SQL Server]Invalid object name 'MonsterKillCount'.
[20:58:23] EXEC IGC_Monster_KillCount_Save 'FunnyBunny', 771
[20:58:23] SQLSTATE: 42S02, Diagnosis: [Microsoft][ODBC SQL Server Driver][SQL Server]Invalid object name 'MonsterKillCount'.
[20:58:23] EXEC IGC_Monster_KillCount_Save 'HongAnhGL', 731
[20:58:23] SQLSTATE: 42S02, Diagnosis: [Microsoft][ODBC SQL Server Driver][SQL Server]Invalid object name 'MonsterKillCount'.
[20:58:23] EXEC IGC_Monster_KillCount_Save 'Mrdka', 743
[20:58:23] SQLSTATE: 42S02, Diagnosis: [Microsoft][ODBC SQL Server Driver][SQL Server]Invalid object name 'MonsterKillCount'.
[20:58:23] EXEC IGC_Monster_KillCount_Save 'uckyBcTBo', 767
[20:58:23] SQLSTATE: 42S02, Diagnosis: [Microsoft][ODBC SQL Server Driver][SQL Server]Invalid object name 'MonsterKillCount'.
[20:58:23] EXEC IGC_Monster_KillCount_Save 'uckyBcTBo', 767
[20:58:23] SQLSTATE: 42S02, Diagnosis: [Microsoft][ODBC SQL Server Driver][SQL Server]Invalid object name 'MonsterKillCount'.
[20:58:23] EXEC IGC_Monster_KillCount_Save 'DarkIK', 770
[20:58:23] SQLSTATE: 42S02, Diagnosis: [Microsoft][ODBC SQL Server Driver][SQL Server]Invalid object name 'MonsterKillCount'.
[20:58:23] EXEC IGC_Monster_KillCount_Save 'DarkIK', 770
[20:58:23] SQLSTATE: 42S02, Diagnosis: [Microsoft][ODBC SQL Server Driver][SQL Server]Invalid object name 'MonsterKillCount'.
[20:58:23] EXEC IGC_Monster_KillCount_Save 'RatLaVaiL', 40
[20:58:23] SQLSTATE: 42S02, Diagnosis: [Microsoft][ODBC SQL Server Driver][SQL Server]Invalid object name 'MonsterKillCount'.
[20:58:23] EXEC IGC_Monster_KillCount_Save 'RatLaVaiL', 40
[20:58:23] SQLSTATE: 42S02, Diagnosis: [Microsoft][ODBC SQL Server Driver][SQL Server]Invalid object name 'MonsterKillCount'.
[20:58:23] EXEC IGC_Monster_KillCount_Save '4Mage', 484
[20:58:23] SQLSTATE: 42S02, Diagnosis: [Microsoft][ODBC SQL Server Driver][SQL Server]Invalid object name 'MonsterKillCount'.
[20:58:23] EXEC IGC_Monster_KillCount_Save 'AstroX', 732
[20:58:23] SQLSTATE: 42S02, Diagnosis: [Microsoft][ODBC SQL Server Driver][SQL Server]Invalid object name 'MonsterKillCount'.
[20:58:23] EXEC IGC_Monster_KillCount_Save 'Resnis', 768
[20:58:23] SQLSTATE: 42S02, Diagnosis: [Microsoft][ODBC SQL Server Driver][SQL Server]Invalid object name 'MonsterKillCount'.
[20:58:23] EXEC IGC_Monster_KillCount_Save 'Kavalski', 771
[20:58:23] SQLSTATE: 42S02, Diagnosis: [Microsoft][ODBC SQL Server Driver][SQL Server]Invalid object name 'MonsterKillCount'.
[20:58:23] EXEC IGC_Monster_KillCount_Save 'Insane', 772
[20:58:23] SQLSTATE: 42S02, Diagnosis: [Microsoft][ODBC SQL Server Driver][SQL Server]Invalid object name 'MonsterKillCount'.
[20:58:23] EXEC IGC_Monster_KillCount_Save 'Insane', 772
[20:58:23] SQLSTATE: 42S02, Diagnosis: [Microsoft][ODBC SQL Server Driver][SQL Server]Invalid object name 'MonsterKillCount'.
[20:58:23] EXEC IGC_Monster_KillCount_Save 'Lema', 772
[20:58:23] SQLSTATE: 42S02, Diagnosis: [Microsoft][ODBC SQL Server Driver][SQL Server]Invalid object name 'MonsterKillCount'.
[20:58:23] EXEC IGC_Monster_KillCount_Save 'VNZzGLzZVN', 786
[20:58:23] SQLSTATE: 42S02, Diagnosis: [Microsoft][ODBC SQL Server Driver][SQL Server]Invalid object name 'MonsterKillCount'.
[20:58:23] EXEC IGC_Monster_KillCount_Save 'luka', 787
[20:58:23] SQLSTATE: 42S02, Diagnosis: [Microsoft][ODBC SQL Server Driver][SQL Server]Invalid object name 'MonsterKillCount'.
[20:58:23] EXEC IGC_Monster_KillCount_Save 'iskerka', 787
[20:58:23] SQLSTATE: 42S02, Diagnosis: [Microsoft][ODBC SQL Server Driver][SQL Server]Invalid object name 'MonsterKillCount'.
[20:58:23] EXEC IGC_Monster_KillCount_Save 'GL06', 893
[20:58:23] SQLSTATE: 42S02, Diagnosis: [Microsoft][ODBC SQL Server Driver][SQL Server]Invalid object name 'MonsterKillCount'.
[20:58:23] EXEC IGC_Monster_KillCount_Save 'refuseMG', 311
[20:58:23] SQLSTATE: 42S02, Diagnosis: [Microsoft][ODBC SQL Server Driver][SQL Server]Invalid object name 'MonsterKillCount'.
[20:58:23] EXEC IGC_Monster_KillCount_Save 'ikacko', 487
[20:58:23] SQLSTATE: 42S02, Diagnosis: [Microsoft][ODBC SQL Server Driver][SQL Server]Invalid object name 'MonsterKillCount'.
[20:58:23] EXEC IGC_Monster_KillCount_Save 'DTLove10', 569
[20:58:24] SQLSTATE: 42S02, Diagnosis: [Microsoft][ODBC SQL Server Driver][SQL Server]Invalid object name 'MonsterKillCount'.
[20:58:24] EXEC IGC_Monster_KillCount_Save 'refuseAE', 454
[20:58:24] SQLSTATE: 42S02, Diagnosis: [Microsoft][ODBC SQL Server Driver][SQL Server]Invalid object name 'MonsterKillCount'.
[20:58:24] EXEC IGC_Monster_KillCount_Save 'refuseAE', 454
[20:58:24] SQLSTATE: 42S02, Diagnosis: [Microsoft][ODBC SQL Server Driver][SQL Server]Invalid object name 'MonsterKillCount'.
[20:58:24] EXEC IGC_Monster_KillCount_Save 'isk7', 20
[20:58:24] SQLSTATE: 42S02, Diagnosis: [Microsoft][ODBC SQL Server Driver][SQL Server]Invalid object name 'MonsterKillCount'.
[20:58:24] EXEC IGC_Monster_KillCount_Save 'Lancer', 35
[20:58:24] SQLSTATE: 42S02, Diagnosis: [Microsoft][ODBC SQL Server Driver][SQL Server]Invalid object name 'MonsterKillCount'.
[20:58:24] EXEC IGC_Monster_KillCount_Save '9PORSCHE', 45
[20:58:24] SQLSTATE: 42S02, Diagnosis: [Microsoft][ODBC SQL Server Driver][SQL Server]Invalid object name 'MonsterKillCount'.
[20:58:24] EXEC IGC_Monster_KillCount_Save '2MeThienHa', 358
[20:58:24] SQLSTATE: 42S02, Diagnosis: [Microsoft][ODBC SQL Server Driver][SQL Server]Invalid object name 'MonsterKillCount'.
[20:58:24] EXEC IGC_Monster_KillCount_Save '2MeThienHa', 358
[20:58:24] SQLSTATE: 42S02, Diagnosis: [Microsoft][ODBC SQL Server Driver][SQL Server]Invalid object name 'MonsterKillCount'.
[20:58:24] EXEC IGC_Monster_KillCount_Save '4Mage', 484
[20:58:24] SQLSTATE: 42S02, Diagnosis: [Microsoft][ODBC SQL Server Driver][SQL Server]Invalid object name 'MonsterKillCount'.
[20:58:24] EXEC IGC_Monster_KillCount_Save 'Tarabas', 586
[20:58:24] SQLSTATE: 42S02, Diagnosis: [Microsoft][ODBC SQL Server Driver][SQL Server]Invalid object name 'MonsterKillCount'.
[20:58:24] EXEC IGC_Monster_KillCount_Save 'CoDaySinh', 767
[20:58:24] SQLSTATE: 42S02, Diagnosis: [Microsoft][ODBC SQL Server Driver][SQL Server]Invalid object name 'MonsterKillCount'.
[20:58:24] EXEC IGC_Monster_KillCount_Save 'CoDaySinh', 767
[20:58:24] SQLSTATE: 42S02, Diagnosis: [Microsoft][ODBC SQL Server Driver][SQL Server]Invalid object name 'MonsterKillCount'.
[20:58:24] EXEC IGC_Monster_KillCount_Save 'Buff666', 768
[20:58:24] SQLSTATE: 42S02, Diagnosis: [Microsoft][ODBC SQL Server Driver][SQL Server]Invalid object name 'MonsterKillCount'.
[20:58:24] EXEC IGC_Monster_KillCount_Save 'iskerka', 787
[20:58:24] SQLSTATE: 42S02, Diagnosis: [Microsoft][ODBC SQL Server Driver][SQL Server]Invalid object name 'MonsterKillCount'.
[20:58:24] EXEC IGC_Monster_KillCount_Save 'iskunnd', 787
[20:58:24] SQLSTATE: 42S02, Diagnosis: [Microsoft][ODBC SQL Server Driver][SQL Server]Invalid object name 'MonsterKillCount'.
[20:58:24] EXEC IGC_Monster_KillCount_Save 'Elvis', 789
[20:58:24] SQLSTATE: 42S02, Diagnosis: [Microsoft][ODBC SQL Server Driver][SQL Server]Invalid object name 'MonsterKillCount'.
[20:58:24] EXEC IGC_Monster_KillCount_Save 'refuseLem', 310
[20:58:24] SQLSTATE: 42S02, Diagnosis: [Microsoft][ODBC SQL Server Driver][SQL Server]Invalid object name 'MonsterKillCount'.
[20:58:24] EXEC IGC_Monster_KillCount_Save 'Mrdka', 743
[20:58:24] SQLSTATE: 42S02, Diagnosis: [Microsoft][ODBC SQL Server Driver][SQL Server]Invalid object name 'MonsterKillCount'.
[20:58:24] EXEC IGC_Monster_KillCount_Save 'Mace', 456
[20:58:24] SQLSTATE: 42S02, Diagnosis: [Microsoft][ODBC SQL Server Driver][SQL Server]Invalid object name 'MonsterKillCount'.
[20:58:24] EXEC IGC_Monster_KillCount_Save 'Resnais', 768
[20:58:24] SQLSTATE: 42S02, Diagnosis: [Microsoft][ODBC SQL Server Driver][SQL Server]Invalid object name 'MonsterKillCount'.
[20:58:24] EXEC IGC_Monster_KillCount_Save 'TOP1FARMJW', 351
[20:58:24] SQLSTATE: 42S02, Diagnosis: [Microsoft][ODBC SQL Server Driver][SQL Server]Invalid object name 'MonsterKillCount'.
[20:58:24] EXEC IGC_Monster_KillCount_Save '2MeThienHa', 358
[20:58:24] SQLSTATE: 42S02, Diagnosis: [Microsoft][ODBC SQL Server Driver][SQL Server]Invalid object name 'MonsterKillCount'.
[20:58:24] EXEC IGC_Monster_KillCount_Save '2MeThienHa', 358
[20:58:24] SQLSTATE: 42S02, Diagnosis: [Microsoft][ODBC SQL Server Driver][SQL Server]Invalid object name 'MonsterKillCount'.
[20:58:24] EXEC IGC_Monster_KillCount_Save '2MeThienHa', 358
[20:58:24] SQLSTATE: 42S02, Diagnosis: [Microsoft][ODBC SQL Server Driver][SQL Server]Invalid object name 'MonsterKillCount'.
[20:58:24] EXEC IGC_Monster_KillCount_Save 'Ruud', 358
[20:58:24] SQLSTATE: 42S02, Diagnosis: [Microsoft][ODBC SQL Server Driver][SQL Server]Invalid object name 'MonsterKillCount'.
[20:58:24] EXEC IGC_Monster_KillCount_Save 'AstroX', 731
[20:58:24] SQLSTATE: 42S02, Diagnosis: [Microsoft][ODBC SQL Server Driver][SQL Server]Invalid object name 'MonsterKillCount'.
[20:58:24] EXEC IGC_Monster_KillCount_Save 'qwer', 787
[20:58:24] SQLSTATE: 42S02, Diagnosis: [Microsoft][ODBC SQL Server Driver][SQL Server]Invalid object name 'MonsterKillCount'.
[20:58:24] EXEC IGC_Monster_KillCount_Save 'Elvis', 789
[20:58:24] SQLSTATE: 42S02, Diagnosis: [Microsoft][ODBC SQL Server Driver][SQL Server]Invalid object name 'MonsterKillCount'.
[20:58:24] EXEC IGC_Monster_KillCount_Save 'Ruub', 358
[20:58:24] SQLSTATE: 42S02, Diagnosis: [Microsoft][ODBC SQL Server Driver][SQL Server]Invalid object name 'MonsterKillCount'.
[20:58:24] EXEC IGC_Monster_KillCount_Save 'TDLove3', 569
[20:58:24] SQLSTATE: 42S02, Diagnosis: [Microsoft][ODBC SQL Server Driver][SQL Server]Invalid object name 'MonsterKillCount'.
[20:58:24] EXEC IGC_Monster_KillCount_Save 'TDLove3', 569
[20:58:25] SQLSTATE: 42S02, Diagnosis: [Microsoft][ODBC SQL Server Driver][SQL Server]Invalid object name 'MonsterKillCount'.
[20:58:25] EXEC IGC_Monster_KillCount_Save '7event', 20
[20:58:25] SQLSTATE: 42S02, Diagnosis: [Microsoft][ODBC SQL Server Driver][SQL Server]Invalid object name 'MonsterKillCount'.
[20:58:25] EXEC IGC_Monster_KillCount_Save '7event', 20
[20:58:25] SQLSTATE: 42S02, Diagnosis: [Microsoft][ODBC SQL Server Driver][SQL Server]Invalid object name 'MonsterKillCount'.
[20:58:25] EXEC IGC_Monster_KillCount_Save '3WindSoul', 445
[20:58:25] SQLSTATE: 42S02, Diagnosis: [Microsoft][ODBC SQL Server Driver][SQL Server]Invalid object name 'MonsterKillCount'.
[20:58:25] EXEC IGC_Monster_KillCount_Save '05IK', 484
[20:58:25] SQLSTATE: 42S02, Diagnosis: [Microsoft][ODBC SQL Server Driver][SQL Server]Invalid object name 'MonsterKillCount'.
[20:58:25] EXEC IGC_Monster_KillCount_Save '05IK', 484
[20:58:25] SQLSTATE: 42S02, Diagnosis: [Microsoft][ODBC SQL Server Driver][SQL Server]Invalid object name 'MonsterKillCount'.
[20:58:25] EXEC IGC_Monster_KillCount_Save '05IK', 484
[20:58:25] SQLSTATE: 42S02, Diagnosis: [Microsoft][ODBC SQL Server Driver][SQL Server]Invalid object name 'MonsterKillCount'.
[20:58:25] EXEC IGC_Monster_KillCount_Save '05IK', 484
[20:58:25] SQLSTATE: 42S02, Diagnosis: [Microsoft][ODBC SQL Server Driver][SQL Server]Invalid object name 'MonsterKillCount'.
[20:58:25] EXEC IGC_Monster_KillCount_Save '05IK', 484
[20:58:25] SQLSTATE: 42S02, Diagnosis: [Microsoft][ODBC SQL Server Driver][SQL Server]Invalid object name 'MonsterKillCount'.
[20:58:25] EXEC IGC_Monster_KillCount_Save '4Mage', 484
[20:58:25] SQLSTATE: 42S02, Diagnosis: [Microsoft][ODBC SQL Server Driver][SQL Server]Invalid object name 'MonsterKillCount'.
[20:58:25] EXEC IGC_Monster_KillCount_Save 'ThayDayLy', 770
[20:58:25] SQLSTATE: 42S02, Diagnosis: [Microsoft][ODBC SQL Server Driver][SQL Server]Invalid object name 'MonsterKillCount'.
[20:58:25] EXEC IGC_Monster_KillCount_Save 'refuseLem', 310
[20:58:25] SQLSTATE: 42S02, Diagnosis: [Microsoft][ODBC SQL Server Driver][SQL Server]Invalid object name 'MonsterKillCount'.
[20:58:25] EXEC IGC_Monster_KillCount_Save 'HongAnhSL', 70
[20:58:25] SQLSTATE: 42S02, Diagnosis: [Microsoft][ODBC SQL Server Driver][SQL Server]Invalid object name 'MonsterKillCount'.
[20:58:25] EXEC IGC_Monster_KillCount_Save 'AoVL', 455
[20:58:25] SQLSTATE: 42S02, Diagnosis: [Microsoft][ODBC SQL Server Driver][SQL Server]Invalid object name 'MonsterKillCount'.
[20:58:25] EXEC IGC_Monster_KillCount_Save 'TDLove3', 569
[20:58:25] SQLSTATE: 42S02, Diagnosis: [Microsoft][ODBC SQL Server Driver][SQL Server]Invalid object name 'MonsterKillCount'.
[20:58:25] EXEC IGC_Monster_KillCount_Save 'TDLove3', 569
[20:58:25] SQLSTATE: 42S02, Diagnosis: [Microsoft][ODBC SQL Server Driver][SQL Server]Invalid object name 'MonsterKillCount'.
[20:58:25] EXEC IGC_Monster_KillCount_Save 'TDLove3', 569
[20:58:25] SQLSTATE: 42S02, Diagnosis: [Microsoft][ODBC SQL Server Driver][SQL Server]Invalid object name 'MonsterKillCount'.
[20:58:25] EXEC IGC_Monster_KillCount_Save 'uckyBcTBo', 767
[20:58:25] SQLSTATE: 42S02, Diagnosis: [Microsoft][ODBC SQL Server Driver][SQL Server]Invalid object name 'MonsterKillCount'.
[20:58:25] EXEC IGC_Monster_KillCount_Save 'zZElfHitZz', 770
[20:58:25] SQLSTATE: 42S02, Diagnosis: [Microsoft][ODBC SQL Server Driver][SQL Server]Invalid object name 'MonsterKillCount'.
[20:58:25] EXEC IGC_Monster_KillCount_Save 'Resnais', 768
[20:58:25] SQLSTATE: 42S02, Diagnosis: [Microsoft][ODBC SQL Server Driver][SQL Server]Invalid object name 'MonsterKillCount'.
[20:58:25] EXEC IGC_Monster_KillCount_Save 'isk6', 20
[20:58:25] SQLSTATE: 42S02, Diagnosis: [Microsoft][ODBC SQL Server Driver][SQL Server]Invalid object name 'MonsterKillCount'.
[20:58:25] EXEC IGC_Monster_KillCount_Save 'refuseDL', 69
[20:58:25] SQLSTATE: 42S02, Diagnosis: [Microsoft][ODBC SQL Server Driver][SQL Server]Invalid object name 'MonsterKillCount'.
[20:58:25] EXEC IGC_Monster_KillCount_Save 'Ruud', 358
[20:58:25] SQLSTATE: 42S02, Diagnosis: [Microsoft][ODBC SQL Server Driver][SQL Server]Invalid object name 'MonsterKillCount'.
[20:58:25] EXEC IGC_Monster_KillCount_Save '4Mage', 484
[20:58:25] SQLSTATE: 42S02, Diagnosis: [Microsoft][ODBC SQL Server Driver][SQL Server]Invalid object name 'MonsterKillCount'.
[20:58:25] EXEC IGC_Monster_KillCount_Save '3KunDun', 484
[20:58:25] SQLSTATE: 42S02, Diagnosis: [Microsoft][ODBC SQL Server Driver][SQL Server]Invalid object name 'MonsterKillCount'.
[20:58:25] EXEC IGC_Monster_KillCount_Save 'MisterMD', 608
[20:58:25] SQLSTATE: 42S02, Diagnosis: [Microsoft][ODBC SQL Server Driver][SQL Server]Invalid object name 'MonsterKillCount'.
[20:58:25] EXEC IGC_Monster_KillCount_Save 'Zlato4ka', 609
[20:58:25] SQLSTATE: 42S02, Diagnosis: [Microsoft][ODBC SQL Server Driver][SQL Server]Invalid object name 'MonsterKillCount'.
[20:58:25] EXEC IGC_Monster_KillCount_Save 'The6', 730
[20:58:25] SQLSTATE: 42S02, Diagnosis: [Microsoft][ODBC SQL Server Driver][SQL Server]Invalid object name 'MonsterKillCount'.
[20:58:25] EXEC IGC_Monster_KillCount_Save 'The6', 730
[20:58:25] SQLSTATE: 42S02, Diagnosis: [Microsoft][ODBC SQL Server Driver][SQL Server]Invalid object name 'MonsterKillCount'.
[20:58:25] EXEC IGC_Monster_KillCount_Save 'The6', 730
[20:58:25] SQLSTATE: 42S02, Diagnosis: [Microsoft][ODBC SQL Server Driver][SQL Server]Invalid object name 'MonsterKillCount'.
[20:58:25] EXEC IGC_Monster_KillCount_Save 'Insane', 772
[20:58:25] SQLSTATE: 42S02, Diagnosis: [Microsoft][ODBC SQL Server Driver][SQL Server]Invalid object name 'MonsterKillCount'.
[20:58:25] EXEC IGC_Monster_KillCount_Save 'Insane', 772
[20:58:25] SQLSTATE: 42S02, Diagnosis: [Microsoft][ODBC SQL Server Driver][SQL Server]Invalid object name 'MonsterKillCount'.
[20:58:25] EXEC IGC_HuntingRecordInfoSave 'cvbn3', 'buffff', 123, 2024, 12, 27, 937, 50318, 2828054689, 596193414, 0, 2599, 189967744140, 5, 8408, 366, 832, 142, 0, 5336
[20:58:25] EXEC IGC_Monster_KillCount_Save 'HongAnhSL', 70
[20:58:25] SQLSTATE: 42S02, Diagnosis: [Microsoft][ODBC SQL Server Driver][SQL Server]Invalid object name 'MonsterKillCount'.
[20:58:26] EXEC IGC_Monster_KillCount_Save 'Cuuka', 768
[20:58:26] SQLSTATE: 42S02, Diagnosis: [Microsoft][ODBC SQL Server Driver][SQL Server]Invalid object name 'MonsterKillCount'.
[20:58:26] EXEC IGC_Monster_KillCount_Save 'MuLord', 772
[20:58:26] SQLSTATE: 42S02, Diagnosis: [Microsoft][ODBC SQL Server Driver][SQL Server]Invalid object name 'MonsterKillCount'.
[20:58:26] EXEC IGC_Monster_KillCount_Save 'Barracuda', 714
[20:58:26] SQLSTATE: 42S02, Diagnosis: [Microsoft][ODBC SQL Server Driver][SQL Server]Invalid object name 'MonsterKillCount'.
[20:58:26] EXEC IGC_Monster_KillCount_Save 'iskerka', 787
[20:58:26] SQLSTATE: 42S02, Diagnosis: [Microsoft][ODBC SQL Server Driver][SQL Server]Invalid object name 'MonsterKillCount'.
[20:58:26] EXEC IGC_Monster_KillCount_Save 'G123', 789
[20:58:26] SQLSTATE: 42S02, Diagnosis: [Microsoft][ODBC SQL Server Driver][SQL Server]Invalid object name 'MonsterKillCount'.
[20:58:26] EXEC IGC_Monster_KillCount_Save 'refuseMG', 311
[20:58:26] SQLSTATE: 42S02, Diagnosis: [Microsoft][ODBC SQL Server Driver][SQL Server]Invalid object name 'MonsterKillCount'.
[20:58:26] EXEC IGC_Monster_KillCount_Save 'AoVL', 455
[20:58:26] SQLSTATE: 42S02, Diagnosis: [Microsoft][ODBC SQL Server Driver][SQL Server]Invalid object name 'MonsterKillCount'.
[20:58:26] EXEC IGC_Monster_KillCount_Save 'Mrdka', 743
[20:58:26] SQLSTATE: 42S02, Diagnosis: [Microsoft][ODBC SQL Server Driver][SQL Server]Invalid object name 'MonsterKillCount'.
[20:58:26] EXEC IGC_Monster_KillCount_Save 'Saken', 772
[20:58:26] SQLSTATE: 42S02, Diagnosis: [Microsoft][ODBC SQL Server Driver][SQL Server]Invalid object name 'MonsterKillCount'.
[20:58:26] EXEC IGC_Monster_KillCount_Save 'isk7', 20
[20:58:26] SQLSTATE: 42S02, Diagnosis: [Microsoft][ODBC SQL Server Driver][SQL Server]Invalid object name 'MonsterKillCount'.
[20:58:26] EXEC IGC_Monster_KillCount_Save 'TOP1FARMJW', 351
[20:58:26] SQLSTATE: 42S02, Diagnosis: [Microsoft][ODBC SQL Server Driver][SQL Server]Invalid object name 'MonsterKillCount'.
[20:58:26] EXEC IGC_Monster_KillCount_Save 'bbbbb', 353
[20:58:26] SQLSTATE: 42S02, Diagnosis: [Microsoft][ODBC SQL Server Driver][SQL Server]Invalid object name 'MonsterKillCount'.
[20:58:26] EXEC IGC_Monster_KillCount_Save 'Hocok', 446
[20:58:26] SQLSTATE: 42S02, Diagnosis: [Microsoft][ODBC SQL Server Driver][SQL Server]Invalid object name 'MonsterKillCount'.
[20:58:26] EXEC IGC_Monster_KillCount_Save 'isker', 449
[20:58:26] SQLSTATE: 42S02, Diagnosis: [Microsoft][ODBC SQL Server Driver][SQL Server]Invalid object name 'MonsterKillCount'.
[20:58:26] EXEC IGC_Monster_KillCount_Save '4Mage', 484
[20:58:26] SQLSTATE: 42S02, Diagnosis: [Microsoft][ODBC SQL Server Driver][SQL Server]Invalid object name 'MonsterKillCount'.
[20:58:26] EXEC IGC_Monster_KillCount_Save 'Summmer', 570
[20:58:26] SQLSTATE: 42S02, Diagnosis: [Microsoft][ODBC SQL Server Driver][SQL Server]Invalid object name 'MonsterKillCount'.
[20:58:26] EXEC IGC_Monster_KillCount_Save 'The7', 732
[20:58:26] SQLSTATE: 42S02, Diagnosis: [Microsoft][ODBC SQL Server Driver][SQL Server]Invalid object name 'MonsterKillCount'.
[20:58:26] EXEC IGC_Monster_KillCount_Save 'Ruub', 358
[20:58:26] SQLSTATE: 42S02, Diagnosis: [Microsoft][ODBC SQL Server Driver][SQL Server]Invalid object name 'MonsterKillCount'.
[20:58:26] EXEC IGC_Monster_KillCount_Save 'AoVL', 455
[20:58:26] SQLSTATE: 42S02, Diagnosis: [Microsoft][ODBC SQL Server Driver][SQL Server]Invalid object name 'MonsterKillCount'.
[20:58:27] UPDATE Character SET cLevel=400, mLevel=516, Class=23,LevelUpPoint=0, mlPoint=0, Experience=3829474700, mlExperience=11466885660, mlNextExp=53824359459, Strength=533, Dexterity=400, Vitality=25, Energy=1490, Money=479286471, Life=3156803584.000000, MaxLife=2375.000000, Mana=4894.000000, MaxMana=2258.000000, MapNumber=3, MapPosX=154, MapPosY=124, MapDir=2, PkCount=0, PkLevel=3, PkTime=0, Leadership=0, ChatLimitTime=0, RESETS = 0, Married = 0, MarryName = '', WinDuels=0, LoseDuels=0, BlockChatTime=0, PenaltyMask=0, Ruud=18543, OpenHuntingLog=112, StatGP=0, StatCoin=0, i4thSkillPoint=5, AddStrength=0, AddDexterity=0, AddVitality=0, AddEnergy=48, FruitAddPoint=0, FruitDecPoint=0, GrandResets=0, MonStat=0, Age=0, CJL=0, SIC=0, WingCoreType=255, WingCoreLevel=255, GiantMountType=0, GiantMountWear=0, AddLeadership=0 WHERE Name = 'Azazel'
[20:58:27] UPDATE T_Event_Inventory SET Inventory=? WHERE Name = 'Azazel'
[20:58:27] UPDATE Character SET Inventory=? WHERE Name='Azazel'
[20:58:27] UPDATE Character SET MagicList=? WHERE Name='Azazel'
[20:58:27] EXEC IGC_EvolutionMonsterInfoSave 'flash3', 'Azazel', -1, 0, 0, -1, 0, 0, -1, 0, 0, -1, 0, 0, -1, 0, 0, 0
[20:58:27] UPDATE Character SET Quest=? WHERE Name='Azazel'
[20:58:27] EXEC IGC_SetSaveRestoreInventory 'flash3', 'Azazel', ?
[20:58:27] EXEC IGC_ClassQuest_MonsterKillSave 'Azazel', -1, -1, 0, -1, 0, -1, 0, -1, 0, -1, 0
[20:58:27] EXEC IGC_EventMapEnterCount_Set 'Azazel', 0, 0, 3, 0, 0, 0, 0
[20:58:27] EXEC IGC_HuntingRecordInfoSave 'flash3', 'Azazel', 3, 2024, 12, 27, 916, 465, 0, 0, 0, 0, 0, 1, 0, 0, 0, 0, 0, 0
[20:58:27] UPDATE IGC_Muun_Inventory SET Items=? WHERE Name='Azazel'
[20:58:27] EXEC IGC_HuntingRecordInfoUserOpenSave 'flash3', 'Azazel', 1
[20:58:27] EXEC IGC_MuunConditionInfoSetSave 'Azazel', 0, 255, 0
[20:58:27] EXEC IGC_DisconnectPartyMember 'refuseIK', 'refuseWW', 1735322307
[20:58:27] DELETE FROM IGC_BlockChat WHERE Name = 'Azazel'
[20:58:27] EXEC IGC_MuunConditionInfoSetSave 'Azazel', 1, 255, 0
[20:58:27] EXEC IGC_ResetInfoSave 635, 0
[20:58:27] EXEC IGC_MuunConditionInfoSetSave 'Azazel', 2, 255, 0
[20:58:27] EXEC IGC_DeleteWaitPartyMatchingList 'refuseWW'
[20:58:27] DELETE FROM IGC_GensAbuse WHERE Name = 'refuseWW'
[20:58:27] SELECT character_id FROM IGC_SeasonPass WHERE character_id = 635
[20:58:27] UPDATE IGC_SeasonPass SET pass_id = 1, pass_type = 0, pass_level = 4, pass_experience = 1126, complete_mission = 7, today_exp = 143, mu_pass_reward = 3, gold_pass_reward = 0, premium_pass_reward = 0, last_login = 1735322307 WHERE character_id = 635
[20:58:27] UPDATE Character SET cLevel=400, mLevel=491, Class=183,LevelUpPoint=0, mlPoint=0, Experience=3868412491, mlExperience=35186051880, mlNextExp=46324359459, Strength=200, Dexterity=300, Vitality=15, Energy=1933, Money=85589417, Life=3279.000000, MaxLife=1850.000000, Mana=6439.000000, MaxMana=5872.000000, MapNumber=117, MapPosX=63, MapPosY=84, MapDir=5, PkCount=0, PkLevel=3, PkTime=0, Leadership=0, ChatLimitTime=0, RESETS = 0, Married = 0, MarryName = '', WinDuels=0, LoseDuels=0, BlockChatTime=0, PenaltyMask=0, Ruud=17517, OpenHuntingLog=244, StatGP=0, StatCoin=0, i4thSkillPoint=6, AddStrength=0, AddDexterity=0, AddVitality=0, AddEnergy=0, FruitAddPoint=0, FruitDecPoint=0, GrandResets=0, MonStat=0, Age=0, CJL=0, SIC=0, WingCoreType=255, WingCoreLevel=255, GiantMountType=0, GiantMountWear=0, AddLeadership=0 WHERE Name = 'refuseWW'
[20:58:27] SELECT character_id FROM IGC_SeasonPassTicket WHERE character_id = 635
[20:58:27] UPDATE IGC_SeasonPassTicket SET ticket_count = 0, special_point = 0 WHERE character_id = 635
[20:58:27] UPDATE Character SET Inventory=? WHERE Name='refuseWW'
[20:58:27] DELETE FROM IGC_SeasonPassMission WHERE character_id = 635
[20:58:27] UPDATE Character SET MagicList=? WHERE Name='refuseWW'
[20:58:27] INSERT INTO IGC_SeasonPassMission (character_id, mission_index, mission_type, current_step, current_amount) VALUES (635, 0, 0, 10, 2160)
[20:58:27] UPDATE Character SET Quest=? WHERE Name='refuseWW'
[20:58:27] INSERT INTO IGC_SeasonPassMission (character_id, mission_index, mission_type, current_step, current_amount) VALUES (635, 1, 1, 0, 485)
[20:58:27] EXEC IGC_ClassQuest_MonsterKillSave 'refuseWW', -1, -1, 0, -1, 0, -1, 0, -1, 0, -1, 0
[20:58:27] INSERT INTO IGC_SeasonPassMission (character_id, mission_index, mission_type, current_step, current_amount) VALUES (635, 2, 2, 5, 34472)
[20:58:27] INSERT INTO IGC_SeasonPassMission (character_id, mission_index, mission_type, current_step, current_amount) VALUES (635, 3, 3, 3, 15)
[20:58:27] UPDATE IGC_Muun_Inventory SET Items=? WHERE Name='refuseWW'
[20:58:27] INSERT INTO IGC_SeasonPassMission (character_id, mission_index, mission_type, current_step, current_amount) VALUES (635, 4, 4, 3, 6)
[20:58:27] EXEC IGC_MuunConditionInfoSetSave 'refuseWW', 0, 255, 0
[20:58:27] INSERT INTO IGC_SeasonPassMission (character_id, mission_index, mission_type, current_step, current_amount) VALUES (635, 7, 7, 1, 5)
[20:58:27] EXEC IGC_MuunConditionInfoSetSave 'refuseWW', 1, 255, 0
[20:58:27] INSERT INTO IGC_SeasonPassMission (character_id, mission_index, mission_type, current_step, current_amount) VALUES (635, 11, 11, 1, 1)
[20:58:27] EXEC IGC_MuunConditionInfoSetSave 'refuseWW', 2, 255, 0
[20:58:27] INSERT INTO IGC_SeasonPassMission (character_id, mission_index, mission_type, current_step, current_amount) VALUES (635, 18, 18, 1, 1)
[20:58:27] UPDATE IGC_HuntPoint SET HuntPoint=-1,Monsters=-1,Buffs='|0=12.5||1=12.5||2=12.5||3=12.5||4=12.5||5=12.5||6=12.5||7=12.5|',Inactive=-1,Quest='|0=0.0||1=0.0||2=0.0||3=0.0||4=0.0||5=0.0||6=0.0||7=0.0|', WeekMonsters=-1 WHERE Name = 'Azazel'
[20:58:27] UPDATE IGC_HuntPoint SET QuestState=? where Name='Azazel'
[20:58:27] EXEC IGC_PentagramInfoUpdate 15, 'r2dnr2', 'refuseWW', 0, 0, 12, 242, 19, 0, 14, 0, 15, 15, 15, 15, 15, 15, 15, 15, 15
[20:58:27] EXEC IGC_PentagramInfoUpdate 15, 'r2dnr2', 'refuseWW', 0, 1, 12, 252, 19, 0, 14, 0, 15, 15, 15, 15, 15, 15, 15, 15, 15
[20:58:27] EXEC IGC_PentagramInfoUpdate 15, 'r2dnr2', 'refuseWW', 0, 2, 12, 222, 19, 0, 14, 0, 15, 15, 15, 15, 15, 15, 15, 15, 15
[20:58:27] EXEC IGC_PentagramInfoUpdate 15, 'r2dnr2', 'refuseWW', 0, 3, 12, 232, 19, 0, 14, 0, 15, 15, 15, 15, 15, 15, 15, 15, 15
[20:58:27] UPDATE T_Event_Inventory SET Inventory=? WHERE Name = 'refuseWW'
[20:58:27] EXEC IGC_EvolutionMonsterInfoSave 'r2dnr2', 'refuseWW', -1, 0, 0, -1, 0, 0, -1, 0, 0, -1, 0, 0, -1, 0, 0, 0
[20:58:27] EXEC IGC_SetSaveRestoreInventory 'r2dnr2', 'refuseWW', ?
[20:58:27] EXEC IGC_EventMapEnterCount_Set 'refuseWW', 0, 0, 0, 0, 0, 0, 0
[20:58:27] EXEC IGC_HuntingRecordInfoSave 'r2dnr2', 'refuseWW', 117, 2024, 12, 27, 891, 74989, 1876309605, 5011329, 0, 5787, 115468612587, 11, 11614, 31, 119, 1, 0, 607840
[20:58:27] EXEC IGC_HuntingRecordInfoUserOpenSave 'r2dnr2', 'refuseWW', 1
[20:58:27] DELETE FROM IGC_BlockChat WHERE Name = 'refuseWW'
[20:58:27] SELECT character_id FROM IGC_SeasonPass WHERE character_id = 345
[20:58:27] UPDATE IGC_SeasonPass SET pass_id = 1, pass_type = 0, pass_level = 4, pass_experience = 1165, complete_mission = 5, today_exp = 133, mu_pass_reward = 4, gold_pass_reward = 0, premium_pass_reward = 0, last_login = 1735322307 WHERE character_id = 345
[20:58:27] SELECT character_id FROM IGC_SeasonPassTicket WHERE character_id = 345
[20:58:27] UPDATE IGC_SeasonPassTicket SET ticket_count = 0, special_point = 0 WHERE character_id = 345
[20:58:27] DELETE FROM IGC_SeasonPassMission WHERE character_id = 345
[20:58:27] INSERT INTO IGC_SeasonPassMission (character_id, mission_index, mission_type, current_step, current_amount) VALUES (345, 0, 0, 10, 2160)
[20:58:27] INSERT INTO IGC_SeasonPassMission (character_id, mission_index, mission_type, current_step, current_amount) VALUES (345, 1, 1, 3, 706)
[20:58:27] INSERT INTO IGC_SeasonPassMission (character_id, mission_index, mission_type, current_step, current_amount) VALUES (345, 2, 2, 5, 34472)
[20:58:27] INSERT INTO IGC_SeasonPassMission (character_id, mission_index, mission_type, current_step, current_amount) VALUES (345, 3, 3, 0, 5)
[20:58:27] INSERT INTO IGC_SeasonPassMission (character_id, mission_index, mission_type, current_step, current_amount) VALUES (345, 4, 4, 3, 6)
[20:58:27] INSERT INTO IGC_SeasonPassMission (character_id, mission_index, mission_type, current_step, current_amount) VALUES (345, 7, 7, 1, 5)
[20:58:27] INSERT INTO IGC_SeasonPassMission (character_id, mission_index, mission_type, current_step, current_amount) VALUES (345, 11, 11, 1, 1)
[20:58:27] UPDATE IGC_HuntPoint SET HuntPoint=2500,Monsters=0,Buffs='|0=12.5||1=12.5||2=12.5||3=12.5||4=12.5||5=12.5||6=12.5||7=12.5|',Inactive=0,Quest='|0=0.0||1=0.0||2=0.0||3=0.0||4=0.0||5=0.0||6=0.0||7=0.0|', WeekMonsters=0 WHERE Name = 'refuseWW'
[20:58:27] UPDATE IGC_HuntPoint SET QuestState=? where Name='refuseWW'
[20:58:27] EXEC IGC_Monster_KillCount_Save 'Shield', 456
[20:58:27] SQLSTATE: 42S02, Diagnosis: [Microsoft][ODBC SQL Server Driver][SQL Server]Invalid object name 'MonsterKillCount'.
[20:58:27] EXEC IGC_Monster_KillCount_Save 'SacreD', 772
[20:58:27] SQLSTATE: 42S02, Diagnosis: [Microsoft][ODBC SQL Server Driver][SQL Server]Invalid object name 'MonsterKillCount'.
[20:58:27] EXEC IGC_Monster_KillCount_Save '8HAPPIER', 45
[20:58:27] SQLSTATE: 42S02, Diagnosis: [Microsoft][ODBC SQL Server Driver][SQL Server]Invalid object name 'MonsterKillCount'.
[20:58:27] EXEC IGC_Monster_KillCount_Save 'The6', 731
[20:58:27] SQLSTATE: 42S02, Diagnosis: [Microsoft][ODBC SQL Server Driver][SQL Server]Invalid object name 'MonsterKillCount'.
[20:58:27] EXEC IGC_Monster_KillCount_Save 'The6', 736
[20:58:27] SQLSTATE: 42S02, Diagnosis: [Microsoft][ODBC SQL Server Driver][SQL Server]Invalid object name 'MonsterKillCount'.
[20:58:27] EXEC IGC_Monster_KillCount_Save 'The6', 738
[20:58:27] SQLSTATE: 42S02, Diagnosis: [Microsoft][ODBC SQL Server Driver][SQL Server]Invalid object name 'MonsterKillCount'.
[20:58:27] EXEC IGC_Monster_KillCount_Save 'AEshka', 771
[20:58:27] SQLSTATE: 42S02, Diagnosis: [Microsoft][ODBC SQL Server Driver][SQL Server]Invalid object name 'MonsterKillCount'.
[20:58:27] EXEC IGC_Monster_KillCount_Save 'Insane', 772
[20:58:27] SQLSTATE: 42S02, Diagnosis: [Microsoft][ODBC SQL Server Driver][SQL Server]Invalid object name 'MonsterKillCount'.
[20:58:27] EXEC IGC_Monster_KillCount_Save 'ikacko', 487
[20:58:27] SQLSTATE: 42S02, Diagnosis: [Microsoft][ODBC SQL Server Driver][SQL Server]Invalid object name 'MonsterKillCount'.
[20:58:27] EXEC IGC_Monster_KillCount_Save 'Ulquiora', 575
[20:58:27] SQLSTATE: 42S02, Diagnosis: [Microsoft][ODBC SQL Server Driver][SQL Server]Invalid object name 'MonsterKillCount'.
[20:58:27] EXEC IGC_Monster_KillCount_Save 'Inoue', 575
[20:58:27] SQLSTATE: 42S02, Diagnosis: [Microsoft][ODBC SQL Server Driver][SQL Server]Invalid object name 'MonsterKillCount'.
[20:58:27] EXEC IGC_Monster_KillCount_Save 'HongAnhGL', 730
[20:58:27] SQLSTATE: 42S02, Diagnosis: [Microsoft][ODBC SQL Server Driver][SQL Server]Invalid object name 'MonsterKillCount'.
[20:58:27] EXEC IGC_Monster_KillCount_Save 'DarkIK', 770
[20:58:27] SQLSTATE: 42S02, Diagnosis: [Microsoft][ODBC SQL Server Driver][SQL Server]Invalid object name 'MonsterKillCount'.
[20:58:27] EXEC IGC_Monster_KillCount_Save 'Meta', 768
[20:58:27] SQLSTATE: 42S02, Diagnosis: [Microsoft][ODBC SQL Server Driver][SQL Server]Invalid object name 'MonsterKillCount'.
[20:58:27] EXEC IGC_Monster_KillCount_Save 'isk7', 20
[20:58:27] SQLSTATE: 42S02, Diagnosis: [Microsoft][ODBC SQL Server Driver][SQL Server]Invalid object name 'MonsterKillCount'.
[20:58:27] EXEC IGC_Monster_KillCount_Save 'Duud', 444
[20:58:27] SQLSTATE: 42S02, Diagnosis: [Microsoft][ODBC SQL Server Driver][SQL Server]Invalid object name 'MonsterKillCount'.
[20:58:27] EXEC IGC_Monster_KillCount_Save 'BHuMaHuE', 670
[20:58:27] SQLSTATE: 42S02, Diagnosis: [Microsoft][ODBC SQL Server Driver][SQL Server]Invalid object name 'MonsterKillCount'.
[20:58:27] EXEC IGC_Monster_KillCount_Save 'BHuMaHuE', 670
[20:58:27] SQLSTATE: 42S02, Diagnosis: [Microsoft][ODBC SQL Server Driver][SQL Server]Invalid object name 'MonsterKillCount'.
[20:58:27] EXEC IGC_Monster_KillCount_Save 'BHuMaHuE', 670
[20:58:27] SQLSTATE: 42S02, Diagnosis: [Microsoft][ODBC SQL Server Driver][SQL Server]Invalid object name 'MonsterKillCount'.
[20:58:27] EXEC IGC_Monster_KillCount_Save 'BlackWidow', 713
[20:58:27] SQLSTATE: 42S02, Diagnosis: [Microsoft][ODBC SQL Server Driver][SQL Server]Invalid object name 'MonsterKillCount'.
[20:58:27] EXEC IGC_Monster_KillCount_Save '5MAGUS', 770
[20:58:27] SQLSTATE: 42S02, Diagnosis: [Microsoft][ODBC SQL Server Driver][SQL Server]Invalid object name 'MonsterKillCount'.
[20:58:27] EXEC IGC_Monster_KillCount_Save 'KimChuaXau', 786
[20:58:27] SQLSTATE: 42S02, Diagnosis: [Microsoft][ODBC SQL Server Driver][SQL Server]Invalid object name 'MonsterKillCount'.
[20:58:27] EXEC IGC_Monster_KillCount_Save 'MuTMuck', 787
[20:58:27] SQLSTATE: 42S02, Diagnosis: [Microsoft][ODBC SQL Server Driver][SQL Server]Invalid object name 'MonsterKillCount'.
[20:58:27] EXEC IGC_Monster_KillCount_Save 'refuseMG', 311
[20:58:27] SQLSTATE: 42S02, Diagnosis: [Microsoft][ODBC SQL Server Driver][SQL Server]Invalid object name 'MonsterKillCount'.
[20:58:27] EXEC IGC_Monster_KillCount_Save 'TDLove1', 571
[20:58:27] SQLSTATE: 42S02, Diagnosis: [Microsoft][ODBC SQL Server Driver][SQL Server]Invalid object name 'MonsterKillCount'.
[20:58:27] EXEC IGC_Monster_KillCount_Save 'TDLove1', 571
[20:58:27] SQLSTATE: 42S02, Diagnosis: [Microsoft][ODBC SQL Server Driver][SQL Server]Invalid object name 'MonsterKillCount'.
[20:58:27] EXEC IGC_Monster_KillCount_Save 'TDLove1', 571
[20:58:27] SQLSTATE: 42S02, Diagnosis: [Microsoft][ODBC SQL Server Driver][SQL Server]Invalid object name 'MonsterKillCount'.
[20:58:27] EXEC IGC_Monster_KillCount_Save 'TDLove1', 571
[20:58:27] SQLSTATE: 42S02, Diagnosis: [Microsoft][ODBC SQL Server Driver][SQL Server]Invalid object name 'MonsterKillCount'.
[20:58:27] EXEC IGC_Monster_KillCount_Save 'TDLove1', 571
[20:58:27] SQLSTATE: 42S02, Diagnosis: [Microsoft][ODBC SQL Server Driver][SQL Server]Invalid object name 'MonsterKillCount'.
[20:58:27] EXEC IGC_Monster_KillCount_Save 'DTLove9', 573
[20:58:27] SQLSTATE: 42S02, Diagnosis: [Microsoft][ODBC SQL Server Driver][SQL Server]Invalid object name 'MonsterKillCount'.
[20:58:27] EXEC IGC_Monster_KillCount_Save 'DarkIK', 770
[20:58:27] SQLSTATE: 42S02, Diagnosis: [Microsoft][ODBC SQL Server Driver][SQL Server]Invalid object name 'MonsterKillCount'.
[20:58:27] EXEC IGC_Monster_KillCount_Save 'DarkIK', 770
[20:58:27] SQLSTATE: 42S02, Diagnosis: [Microsoft][ODBC SQL Server Driver][SQL Server]Invalid object name 'MonsterKillCount'.
[20:58:28] EXEC IGC_Monster_KillCount_Save 'refuseAE', 454
[20:58:28] SQLSTATE: 42S02, Diagnosis: [Microsoft][ODBC SQL Server Driver][SQL Server]Invalid object name 'MonsterKillCount'.
[20:58:28] EXEC IGC_Monster_KillCount_Save 'isk6', 20
[20:58:28] SQLSTATE: 42S02, Diagnosis: [Microsoft][ODBC SQL Server Driver][SQL Server]Invalid object name 'MonsterKillCount'.
[20:58:28] EXEC IGC_Monster_KillCount_Save '9PORSCHE', 45
[20:58:28] SQLSTATE: 42S02, Diagnosis: [Microsoft][ODBC SQL Server Driver][SQL Server]Invalid object name 'MonsterKillCount'.
[20:58:28] EXEC IGC_Monster_KillCount_Save 'refuseDL', 69
[20:58:28] SQLSTATE: 42S02, Diagnosis: [Microsoft][ODBC SQL Server Driver][SQL Server]Invalid object name 'MonsterKillCount'.
[20:58:28] EXEC IGC_Monster_KillCount_Save 'Duud', 444
[20:58:28] SQLSTATE: 42S02, Diagnosis: [Microsoft][ODBC SQL Server Driver][SQL Server]Invalid object name 'MonsterKillCount'.
[20:58:28] EXEC IGC_Monster_KillCount_Save '3WindSoul', 445
[20:58:28] SQLSTATE: 42S02, Diagnosis: [Microsoft][ODBC SQL Server Driver][SQL Server]Invalid object name 'MonsterKillCount'.
[20:58:28] EXEC IGC_Monster_KillCount_Save 'Barracuda', 714
[20:58:28] SQLSTATE: 42S02, Diagnosis: [Microsoft][ODBC SQL Server Driver][SQL Server]Invalid object name 'MonsterKillCount'.
[20:58:28] EXEC IGC_Monster_KillCount_Save 'AstroX', 730
[20:58:28] SQLSTATE: 42S02, Diagnosis: [Microsoft][ODBC SQL Server Driver][SQL Server]Invalid object name 'MonsterKillCount'.
[20:58:28] EXEC IGC_Monster_KillCount_Save 'CoDaySinh', 767
[20:58:28] SQLSTATE: 42S02, Diagnosis: [Microsoft][ODBC SQL Server Driver][SQL Server]Invalid object name 'MonsterKillCount'.
[20:58:28] EXEC IGC_Monster_KillCount_Save 'Kavalski', 771
[20:58:28] SQLSTATE: 42S02, Diagnosis: [Microsoft][ODBC SQL Server Driver][SQL Server]Invalid object name 'MonsterKillCount'.
[20:58:28] EXEC IGC_Monster_KillCount_Save 'AutoBuff', 786
[20:58:28] SQLSTATE: 42S02, Diagnosis: [Microsoft][ODBC SQL Server Driver][SQL Server]Invalid object name 'MonsterKillCount'.
[20:58:28] EXEC IGC_Monster_KillCount_Save 'AutoBuff', 786
[20:58:28] SQLSTATE: 42S02, Diagnosis: [Microsoft][ODBC SQL Server Driver][SQL Server]Invalid object name 'MonsterKillCount'.
[20:58:28] EXEC IGC_Monster_KillCount_Save 'Elvis', 789
[20:58:28] SQLSTATE: 42S02, Diagnosis: [Microsoft][ODBC SQL Server Driver][SQL Server]Invalid object name 'MonsterKillCount'.
[20:58:28] EXEC IGC_Monster_KillCount_Save 'refuseLem', 310
[20:58:28] SQLSTATE: 42S02, Diagnosis: [Microsoft][ODBC SQL Server Driver][SQL Server]Invalid object name 'MonsterKillCount'.
[20:58:28] EXEC IGC_Monster_KillCount_Save 'DTLove10', 569
[20:58:28] SQLSTATE: 42S02, Diagnosis: [Microsoft][ODBC SQL Server Driver][SQL Server]Invalid object name 'MonsterKillCount'.
[20:58:28] EXEC IGC_Monster_KillCount_Save 'DTLove10', 569
[20:58:28] SQLSTATE: 42S02, Diagnosis: [Microsoft][ODBC SQL Server Driver][SQL Server]Invalid object name 'MonsterKillCount'.
[20:58:28] EXEC IGC_Monster_KillCount_Save 'DTLove10', 569
[20:58:28] SQLSTATE: 42S02, Diagnosis: [Microsoft][ODBC SQL Server Driver][SQL Server]Invalid object name 'MonsterKillCount'.
[20:58:28] EXEC IGC_Monster_KillCount_Save 'Ulquiora', 575
[20:58:28] SQLSTATE: 42S02, Diagnosis: [Microsoft][ODBC SQL Server Driver][SQL Server]Invalid object name 'MonsterKillCount'.
[20:58:28] EXEC IGC_Monster_KillCount_Save 'Ulquiora', 575
[20:58:28] SQLSTATE: 42S02, Diagnosis: [Microsoft][ODBC SQL Server Driver][SQL Server]Invalid object name 'MonsterKillCount'.
[20:58:28] EXEC IGC_Monster_KillCount_Save 'TARRASQUE', 767
[20:58:28] SQLSTATE: 42S02, Diagnosis: [Microsoft][ODBC SQL Server Driver][SQL Server]Invalid object name 'MonsterKillCount'.
[20:58:28] EXEC IGC_Monster_KillCount_Save 'zZElfHitZz', 770
[20:58:28] SQLSTATE: 42S02, Diagnosis: [Microsoft][ODBC SQL Server Driver][SQL Server]Invalid object name 'MonsterKillCount'.
[20:58:28] EXEC IGC_Monster_KillCount_Save 'bbbbb', 353
[20:58:28] SQLSTATE: 42S02, Diagnosis: [Microsoft][ODBC SQL Server Driver][SQL Server]Invalid object name 'MonsterKillCount'.
[20:58:28] EXEC IGC_Monster_KillCount_Save 'Duud', 444
[20:58:28] SQLSTATE: 42S02, Diagnosis: [Microsoft][ODBC SQL Server Driver][SQL Server]Invalid object name 'MonsterKillCount'.
[20:58:28] EXEC IGC_Monster_KillCount_Save '06SL', 480
[20:58:28] SQLSTATE: 42S02, Diagnosis: [Microsoft][ODBC SQL Server Driver][SQL Server]Invalid object name 'MonsterKillCount'.
[20:58:28] EXEC IGC_Monster_KillCount_Save 'ArthurMD', 589
[20:58:28] SQLSTATE: 42S02, Diagnosis: [Microsoft][ODBC SQL Server Driver][SQL Server]Invalid object name 'MonsterKillCount'.
[20:58:28] EXEC IGC_Monster_KillCount_Save 'AstroX', 730
[20:58:28] SQLSTATE: 42S02, Diagnosis: [Microsoft][ODBC SQL Server Driver][SQL Server]Invalid object name 'MonsterKillCount'.
[20:58:28] EXEC IGC_Monster_KillCount_Save 'pigiVN', 730
[20:58:28] SQLSTATE: 42S02, Diagnosis: [Microsoft][ODBC SQL Server Driver][SQL Server]Invalid object name 'MonsterKillCount'.
[20:58:28] EXEC IGC_Monster_KillCount_Save 'The6', 737
[20:58:28] SQLSTATE: 42S02, Diagnosis: [Microsoft][ODBC SQL Server Driver][SQL Server]Invalid object name 'MonsterKillCount'.
[20:58:28] EXEC IGC_Monster_KillCount_Save '5MAGUS', 770
[20:58:28] SQLSTATE: 42S02, Diagnosis: [Microsoft][ODBC SQL Server Driver][SQL Server]Invalid object name 'MonsterKillCount'.
[20:58:28] EXEC IGC_Monster_KillCount_Save 'Sm87', 768
[20:58:28] SQLSTATE: 42S02, Diagnosis: [Microsoft][ODBC SQL Server Driver][SQL Server]Invalid object name 'MonsterKillCount'.
[20:58:28] EXEC IGC_Monster_KillCount_Save 'CS114', 768
[20:58:28] SQLSTATE: 42S02, Diagnosis: [Microsoft][ODBC SQL Server Driver][SQL Server]Invalid object name 'MonsterKillCount'.
[20:58:28] EXEC IGC_Monster_KillCount_Save 'cs113', 768
[20:58:28] SQLSTATE: 42S02, Diagnosis: [Microsoft][ODBC SQL Server Driver][SQL Server]Invalid object name 'MonsterKillCount'.
[20:58:28] EXEC IGC_Monster_KillCount_Save 'Kavalski', 771
[20:58:28] SQLSTATE: 42S02, Diagnosis: [Microsoft][ODBC SQL Server Driver][SQL Server]Invalid object name 'MonsterKillCount'.
[20:58:28] EXEC IGC_Monster_KillCount_Save 'VNZzGLzZVN', 786
[20:58:28] SQLSTATE: 42S02, Diagnosis: [Microsoft][ODBC SQL Server Driver][SQL Server]Invalid object name 'MonsterKillCount'.
[20:58:28] EXEC IGC_Monster_KillCount_Save 'AoVL', 455
[20:58:28] SQLSTATE: 42S02, Diagnosis: [Microsoft][ODBC SQL Server Driver][SQL Server]Invalid object name 'MonsterKillCount'.
[20:58:28] EXEC IGC_Monster_KillCount_Save 'zZElfHitZz', 770
[20:58:28] SQLSTATE: 42S02, Diagnosis: [Microsoft][ODBC SQL Server Driver][SQL Server]Invalid object name 'MonsterKillCount'.
[20:58:28] EXEC IGC_Monster_KillCount_Save 'zZElfHitZz', 770
[20:58:28] SQLSTATE: 42S02, Diagnosis: [Microsoft][ODBC SQL Server Driver][SQL Server]Invalid object name 'MonsterKillCount'.
[20:58:29] EXEC IGC_Monster_KillCount_Save 'isk7', 20
[20:58:29] SQLSTATE: 42S02, Diagnosis: [Microsoft][ODBC SQL Server Driver][SQL Server]Invalid object name 'MonsterKillCount'.
[20:58:29] EXEC IGC_Monster_KillCount_Save '9PORSCHE', 45
[20:58:29] SQLSTATE: 42S02, Diagnosis: [Microsoft][ODBC SQL Server Driver][SQL Server]Invalid object name 'MonsterKillCount'.
[20:58:29] EXEC IGC_Monster_KillCount_Save '9PORSCHE', 45
[20:58:29] SQLSTATE: 42S02, Diagnosis: [Microsoft][ODBC SQL Server Driver][SQL Server]Invalid object name 'MonsterKillCount'.
[20:58:29] EXEC IGC_Monster_KillCount_Save 'isker', 449
[20:58:29] SQLSTATE: 42S02, Diagnosis: [Microsoft][ODBC SQL Server Driver][SQL Server]Invalid object name 'MonsterKillCount'.
[20:58:29] EXEC IGC_Monster_KillCount_Save 'AstroX', 730
[20:58:29] SQLSTATE: 42S02, Diagnosis: [Microsoft][ODBC SQL Server Driver][SQL Server]Invalid object name 'MonsterKillCount'.
[20:58:29] EXEC IGC_Monster_KillCount_Save 'GL01', 770
[20:58:29] SQLSTATE: 42S02, Diagnosis: [Microsoft][ODBC SQL Server Driver][SQL Server]Invalid object name 'MonsterKillCount'.
[20:58:29] EXEC IGC_Monster_KillCount_Save 'Resnis', 768
[20:58:29] SQLSTATE: 42S02, Diagnosis: [Microsoft][ODBC SQL Server Driver][SQL Server]Invalid object name 'MonsterKillCount'.
[20:58:29] EXEC IGC_Monster_KillCount_Save 'Kavalski', 771
[20:58:29] SQLSTATE: 42S02, Diagnosis: [Microsoft][ODBC SQL Server Driver][SQL Server]Invalid object name 'MonsterKillCount'.
[20:58:29] EXEC IGC_Monster_KillCount_Save 'Candy', 786
[20:58:29] SQLSTATE: 42S02, Diagnosis: [Microsoft][ODBC SQL Server Driver][SQL Server]Invalid object name 'MonsterKillCount'.
[20:58:29] EXEC IGC_Monster_KillCount_Save 'S123', 789
[20:58:29] SQLSTATE: 42S02, Diagnosis: [Microsoft][ODBC SQL Server Driver][SQL Server]Invalid object name 'MonsterKillCount'.
[20:58:29] EXEC IGC_Monster_KillCount_Save 'MissMD', 819
[20:58:29] SQLSTATE: 42S02, Diagnosis: [Microsoft][ODBC SQL Server Driver][SQL Server]Invalid object name 'MonsterKillCount'.
[20:58:29] EXEC WZ_IBS_AddCoin 'MissMD1', 1, 5.000000
[20:58:29] EXEC IGC_Monster_KillCount_Save 'TDLove4', 569
[20:58:29] SQLSTATE: 42S02, Diagnosis: [Microsoft][ODBC SQL Server Driver][SQL Server]Invalid object name 'MonsterKillCount'.
[20:58:29] EXEC IGC_Monster_KillCount_Save 'TDLove4', 569
[20:58:29] SQLSTATE: 42S02, Diagnosis: [Microsoft][ODBC SQL Server Driver][SQL Server]Invalid object name 'MonsterKillCount'.
[20:58:29] EXEC IGC_Monster_KillCount_Save 'TDLove4', 569
[20:58:29] SQLSTATE: 42S02, Diagnosis: [Microsoft][ODBC SQL Server Driver][SQL Server]Invalid object name 'MonsterKillCount'.
[20:58:29] EXEC IGC_Monster_KillCount_Save 'TDLove4', 569
[20:58:29] SQLSTATE: 42S02, Diagnosis: [Microsoft][ODBC SQL Server Driver][SQL Server]Invalid object name 'MonsterKillCount'.
[20:58:29] EXEC IGC_Monster_KillCount_Save 'Ulquiora', 575
[20:58:29] SQLSTATE: 42S02, Diagnosis: [Microsoft][ODBC SQL Server Driver][SQL Server]Invalid object name 'MonsterKillCount'.
[20:58:29] EXEC IGC_Monster_KillCount_Save 'Mrdka', 743
[20:58:29] SQLSTATE: 42S02, Diagnosis: [Microsoft][ODBC SQL Server Driver][SQL Server]Invalid object name 'MonsterKillCount'.
[20:58:29] EXEC IGC_Monster_KillCount_Save 'uckyBcTBo', 767
[20:58:29] SQLSTATE: 42S02, Diagnosis: [Microsoft][ODBC SQL Server Driver][SQL Server]Invalid object name 'MonsterKillCount'.
[20:58:29] EXEC IGC_Monster_KillCount_Save 'TARRASQUE', 767
[20:58:29] SQLSTATE: 42S02, Diagnosis: [Microsoft][ODBC SQL Server Driver][SQL Server]Invalid object name 'MonsterKillCount'.
[20:58:29] EXEC IGC_Monster_KillCount_Save 'metaIica', 767
[20:58:29] SQLSTATE: 42S02, Diagnosis: [Microsoft][ODBC SQL Server Driver][SQL Server]Invalid object name 'MonsterKillCount'.
[20:58:29] EXEC IGC_Monster_KillCount_Save 'Saken', 772
[20:58:29] SQLSTATE: 42S02, Diagnosis: [Microsoft][ODBC SQL Server Driver][SQL Server]Invalid object name 'MonsterKillCount'.
[20:58:29] EXEC IGC_Monster_KillCount_Save 'Saken', 772
[20:58:29] SQLSTATE: 42S02, Diagnosis: [Microsoft][ODBC SQL Server Driver][SQL Server]Invalid object name 'MonsterKillCount'.
[20:58:29] EXEC IGC_Monster_KillCount_Save 'Saken', 772
[20:58:29] SQLSTATE: 42S02, Diagnosis: [Microsoft][ODBC SQL Server Driver][SQL Server]Invalid object name 'MonsterKillCount'.
[20:58:29] EXEC IGC_Monster_KillCount_Save 'Lancer', 35
[20:58:29] SQLSTATE: 42S02, Diagnosis: [Microsoft][ODBC SQL Server Driver][SQL Server]Invalid object name 'MonsterKillCount'.
[20:58:29] EXEC IGC_Monster_KillCount_Save 'Canalha', 39
[20:58:29] SQLSTATE: 42S02, Diagnosis: [Microsoft][ODBC SQL Server Driver][SQL Server]Invalid object name 'MonsterKillCount'.
[20:58:29] EXEC IGC_Monster_KillCount_Save '8HAPPIER', 45
[20:58:29] SQLSTATE: 42S02, Diagnosis: [Microsoft][ODBC SQL Server Driver][SQL Server]Invalid object name 'MonsterKillCount'.
[20:58:29] EXEC IGC_Monster_KillCount_Save '9PORSCHE', 45
[20:58:29] SQLSTATE: 42S02, Diagnosis: [Microsoft][ODBC SQL Server Driver][SQL Server]Invalid object name 'MonsterKillCount'.
[20:58:29] EXEC IGC_Monster_KillCount_Save 'Basaev', 670
[20:58:29] SQLSTATE: 42S02, Diagnosis: [Microsoft][ODBC SQL Server Driver][SQL Server]Invalid object name 'MonsterKillCount'.
[20:58:29] EXEC IGC_Monster_KillCount_Save 'BlackWidow', 713
[20:58:29] SQLSTATE: 42S02, Diagnosis: [Microsoft][ODBC SQL Server Driver][SQL Server]Invalid object name 'MonsterKillCount'.
[20:58:29] EXEC IGC_Monster_KillCount_Save 'BlackWidow', 713
[20:58:29] SQLSTATE: 42S02, Diagnosis: [Microsoft][ODBC SQL Server Driver][SQL Server]Invalid object name 'MonsterKillCount'.
[20:58:29] EXEC IGC_Monster_KillCount_Save 'BlackWidow', 713
[20:58:29] SQLSTATE: 42S02, Diagnosis: [Microsoft][ODBC SQL Server Driver][SQL Server]Invalid object name 'MonsterKillCount'.
[20:58:29] EXEC IGC_Monster_KillCount_Save 'BlackWidow', 713
[20:58:29] SQLSTATE: 42S02, Diagnosis: [Microsoft][ODBC SQL Server Driver][SQL Server]Invalid object name 'MonsterKillCount'.
[20:58:29] EXEC IGC_Monster_KillCount_Save 'pigiVN', 731
[20:58:29] SQLSTATE: 42S02, Diagnosis: [Microsoft][ODBC SQL Server Driver][SQL Server]Invalid object name 'MonsterKillCount'.
[20:58:29] EXEC IGC_Monster_KillCount_Save 'GL01', 770
[20:58:29] SQLSTATE: 42S02, Diagnosis: [Microsoft][ODBC SQL Server Driver][SQL Server]Invalid object name 'MonsterKillCount'.
[20:58:29] EXEC IGC_Monster_KillCount_Save 'GL01', 770
[20:58:29] SQLSTATE: 42S02, Diagnosis: [Microsoft][ODBC SQL Server Driver][SQL Server]Invalid object name 'MonsterKillCount'.
[20:58:29] EXEC IGC_Monster_KillCount_Save 'Resnis', 768
[20:58:29] SQLSTATE: 42S02, Diagnosis: [Microsoft][ODBC SQL Server Driver][SQL Server]Invalid object name 'MonsterKillCount'.
[20:58:29] EXEC IGC_Monster_KillCount_Save 'CS114', 768
[20:58:29] SQLSTATE: 42S02, Diagnosis: [Microsoft][ODBC SQL Server Driver][SQL Server]Invalid object name 'MonsterKillCount'.
[20:58:29] EXEC IGC_Monster_KillCount_Save 'Insane', 772
[20:58:29] SQLSTATE: 42S02, Diagnosis: [Microsoft][ODBC SQL Server Driver][SQL Server]Invalid object name 'MonsterKillCount'.
[20:58:29] EXEC IGC_HuntingRecordInfoSave 'MissMD1', 'MissMD', 2, 2024, 12, 27, 961, 1148, 102884, 8752, 0, 1, 0, 2, 8000, 6936, 731, 608, 0, 0
[20:58:29] EXEC IGC_Monster_KillCount_Save 'Ruub', 358
[20:58:29] SQLSTATE: 42S02, Diagnosis: [Microsoft][ODBC SQL Server Driver][SQL Server]Invalid object name 'MonsterKillCount'.
[20:58:29] EXEC IGC_Monster_KillCount_Save 'TDLove4', 569
[20:58:30] SQLSTATE: 42S02, Diagnosis: [Microsoft][ODBC SQL Server Driver][SQL Server]Invalid object name 'MonsterKillCount'.
[20:58:30] EXEC IGC_Monster_KillCount_Save 'refuseDL', 69
[20:58:30] SQLSTATE: 42S02, Diagnosis: [Microsoft][ODBC SQL Server Driver][SQL Server]Invalid object name 'MonsterKillCount'.
[20:58:30] EXEC IGC_Monster_KillCount_Save 'TOP1FARMJW', 351
[20:58:30] SQLSTATE: 42S02, Diagnosis: [Microsoft][ODBC SQL Server Driver][SQL Server]Invalid object name 'MonsterKillCount'.
[20:58:30] EXEC IGC_Monster_KillCount_Save '100GL', 486
[20:58:30] SQLSTATE: 42S02, Diagnosis: [Microsoft][ODBC SQL Server Driver][SQL Server]Invalid object name 'MonsterKillCount'.
[20:58:30] EXEC IGC_Monster_KillCount_Save 'Tarabas', 586
[20:58:30] SQLSTATE: 42S02, Diagnosis: [Microsoft][ODBC SQL Server Driver][SQL Server]Invalid object name 'MonsterKillCount'.
[20:58:30] EXEC IGC_Monster_KillCount_Save 'CoDaySinh', 767
[20:58:30] SQLSTATE: 42S02, Diagnosis: [Microsoft][ODBC SQL Server Driver][SQL Server]Invalid object name 'MonsterKillCount'.
[20:58:30] EXEC IGC_Monster_KillCount_Save 'ThayMocLop', 786
[20:58:30] SQLSTATE: 42S02, Diagnosis: [Microsoft][ODBC SQL Server Driver][SQL Server]Invalid object name 'MonsterKillCount'.
[20:58:30] EXEC IGC_Monster_KillCount_Save 'iskunnd', 787
[20:58:30] SQLSTATE: 42S02, Diagnosis: [Microsoft][ODBC SQL Server Driver][SQL Server]Invalid object name 'MonsterKillCount'.
[20:58:30] EXEC IGC_Monster_KillCount_Save 'Kundun', 789
[20:58:30] SQLSTATE: 42S02, Diagnosis: [Microsoft][ODBC SQL Server Driver][SQL Server]Invalid object name 'MonsterKillCount'.
[20:58:30] EXEC IGC_Monster_KillCount_Save 'Elvis', 789
[20:58:30] SQLSTATE: 42S02, Diagnosis: [Microsoft][ODBC SQL Server Driver][SQL Server]Invalid object name 'MonsterKillCount'.
[20:58:30] EXEC IGC_Monster_KillCount_Save 'AoVL', 455
[20:58:30] SQLSTATE: 42S02, Diagnosis: [Microsoft][ODBC SQL Server Driver][SQL Server]Invalid object name 'MonsterKillCount'.
[20:58:30] EXEC IGC_Monster_KillCount_Save 'Inoue', 575
[20:58:30] SQLSTATE: 42S02, Diagnosis: [Microsoft][ODBC SQL Server Driver][SQL Server]Invalid object name 'MonsterKillCount'.
[20:58:30] EXEC IGC_Monster_KillCount_Save 'CnokouHo', 767
[20:58:30] SQLSTATE: 42S02, Diagnosis: [Microsoft][ODBC SQL Server Driver][SQL Server]Invalid object name 'MonsterKillCount'.
[20:58:30] EXEC IGC_Monster_KillCount_Save 'metaIica', 767
[20:58:30] SQLSTATE: 42S02, Diagnosis: [Microsoft][ODBC SQL Server Driver][SQL Server]Invalid object name 'MonsterKillCount'.
[20:58:30] EXEC IGC_Monster_KillCount_Save 'Resnais', 768
[20:58:30] SQLSTATE: 42S02, Diagnosis: [Microsoft][ODBC SQL Server Driver][SQL Server]Invalid object name 'MonsterKillCount'.
[20:58:30] EXEC IGC_Monster_KillCount_Save 'isk6', 20
[20:58:30] SQLSTATE: 42S02, Diagnosis: [Microsoft][ODBC SQL Server Driver][SQL Server]Invalid object name 'MonsterKillCount'.
[20:58:30] EXEC IGC_Monster_KillCount_Save 'isk6', 20
[20:58:30] SQLSTATE: 42S02, Diagnosis: [Microsoft][ODBC SQL Server Driver][SQL Server]Invalid object name 'MonsterKillCount'.
[20:58:30] EXEC IGC_Monster_KillCount_Save 'Canalha', 39
[20:58:30] SQLSTATE: 42S02, Diagnosis: [Microsoft][ODBC SQL Server Driver][SQL Server]Invalid object name 'MonsterKillCount'.
[20:58:30] EXEC IGC_Monster_KillCount_Save 'isker', 449
[20:58:30] SQLSTATE: 42S02, Diagnosis: [Microsoft][ODBC SQL Server Driver][SQL Server]Invalid object name 'MonsterKillCount'.
[20:58:30] EXEC IGC_Monster_KillCount_Save 'ArthurMD', 589
[20:58:30] SQLSTATE: 42S02, Diagnosis: [Microsoft][ODBC SQL Server Driver][SQL Server]Invalid object name 'MonsterKillCount'.
[20:58:30] EXEC IGC_Monster_KillCount_Save 'Zlato4ka', 609
[20:58:30] SQLSTATE: 42S02, Diagnosis: [Microsoft][ODBC SQL Server Driver][SQL Server]Invalid object name 'MonsterKillCount'.
[20:58:30] EXEC IGC_Monster_KillCount_Save 'Basaev', 670
[20:58:30] SQLSTATE: 42S02, Diagnosis: [Microsoft][ODBC SQL Server Driver][SQL Server]Invalid object name 'MonsterKillCount'.
[20:58:30] EXEC IGC_Monster_KillCount_Save 'Barawar', 714
[20:58:30] SQLSTATE: 42S02, Diagnosis: [Microsoft][ODBC SQL Server Driver][SQL Server]Invalid object name 'MonsterKillCount'.
[20:58:30] EXEC IGC_Monster_KillCount_Save 'The5', 730
[20:58:30] SQLSTATE: 42S02, Diagnosis: [Microsoft][ODBC SQL Server Driver][SQL Server]Invalid object name 'MonsterKillCount'.
[20:58:30] EXEC IGC_Monster_KillCount_Save 'ThayDayLy', 770
[20:58:30] SQLSTATE: 42S02, Diagnosis: [Microsoft][ODBC SQL Server Driver][SQL Server]Invalid object name 'MonsterKillCount'.
[20:58:30] EXEC IGC_Monster_KillCount_Save 'GL01', 770
[20:58:30] SQLSTATE: 42S02, Diagnosis: [Microsoft][ODBC SQL Server Driver][SQL Server]Invalid object name 'MonsterKillCount'.
[20:58:30] EXEC IGC_Monster_KillCount_Save 'GL01', 770
[20:58:30] SQLSTATE: 42S02, Diagnosis: [Microsoft][ODBC SQL Server Driver][SQL Server]Invalid object name 'MonsterKillCount'.
[20:58:30] EXEC IGC_Monster_KillCount_Save 'Kiborg', 771
[20:58:30] SQLSTATE: 42S02, Diagnosis: [Microsoft][ODBC SQL Server Driver][SQL Server]Invalid object name 'MonsterKillCount'.
[20:58:30] EXEC IGC_Monster_KillCount_Save 'MuTMuck', 787
[20:58:30] SQLSTATE: 42S02, Diagnosis: [Microsoft][ODBC SQL Server Driver][SQL Server]Invalid object name 'MonsterKillCount'.
[20:58:30] EXEC IGC_Monster_KillCount_Save 'Ruub', 358
[20:58:31] SQLSTATE: 42S02, Diagnosis: [Microsoft][ODBC SQL Server Driver][SQL Server]Invalid object name 'MonsterKillCount'.
[20:58:31] EXEC IGC_Monster_KillCount_Save 'DTLove8', 574
[20:58:31] SQLSTATE: 42S02, Diagnosis: [Microsoft][ODBC SQL Server Driver][SQL Server]Invalid object name 'MonsterKillCount'.
[20:58:31] EXEC IGC_Monster_KillCount_Save 'DTLove8', 574
[20:58:31] SQLSTATE: 42S02, Diagnosis: [Microsoft][ODBC SQL Server Driver][SQL Server]Invalid object name 'MonsterKillCount'.
[20:58:31] EXEC IGC_Monster_KillCount_Save 'DTLove8', 574
[20:58:31] SQLSTATE: 42S02, Diagnosis: [Microsoft][ODBC SQL Server Driver][SQL Server]Invalid object name 'MonsterKillCount'.
[20:58:31] EXEC IGC_Monster_KillCount_Save 'zZElfHitZz', 770
[20:58:31] SQLSTATE: 42S02, Diagnosis: [Microsoft][ODBC SQL Server Driver][SQL Server]Invalid object name 'MonsterKillCount'.
[20:58:31] EXEC IGC_Monster_KillCount_Save 'refuseAE', 454
[20:58:31] SQLSTATE: 42S02, Diagnosis: [Microsoft][ODBC SQL Server Driver][SQL Server]Invalid object name 'MonsterKillCount'.
[20:58:31] EXEC IGC_Monster_KillCount_Save 'Mace', 456
[20:58:31] SQLSTATE: 42S02, Diagnosis: [Microsoft][ODBC SQL Server Driver][SQL Server]Invalid object name 'MonsterKillCount'.
[20:58:31] EXEC IGC_Monster_KillCount_Save 'BabyFace', 768
[20:58:31] SQLSTATE: 42S02, Diagnosis: [Microsoft][ODBC SQL Server Driver][SQL Server]Invalid object name 'MonsterKillCount'.
[20:58:31] EXEC IGC_Monster_KillCount_Save '7event', 20
[20:58:31] SQLSTATE: 42S02, Diagnosis: [Microsoft][ODBC SQL Server Driver][SQL Server]Invalid object name 'MonsterKillCount'.
[20:58:31] EXEC IGC_Monster_KillCount_Save 'isk5', 447
[20:58:31] SQLSTATE: 42S02, Diagnosis: [Microsoft][ODBC SQL Server Driver][SQL Server]Invalid object name 'MonsterKillCount'.
[20:58:31] EXEC IGC_Monster_KillCount_Save 'isk5', 447
[20:58:31] SQLSTATE: 42S02, Diagnosis: [Microsoft][ODBC SQL Server Driver][SQL Server]Invalid object name 'MonsterKillCount'.
[20:58:31] EXEC IGC_Monster_KillCount_Save 'isk5', 447
[20:58:31] SQLSTATE: 42S02, Diagnosis: [Microsoft][ODBC SQL Server Driver][SQL Server]Invalid object name 'MonsterKillCount'.
[20:58:31] EXEC IGC_Monster_KillCount_Save 'isk5', 447
[20:58:31] SQLSTATE: 42S02, Diagnosis: [Microsoft][ODBC SQL Server Driver][SQL Server]Invalid object name 'MonsterKillCount'.
[20:58:31] EXEC IGC_Monster_KillCount_Save 'isk5', 447
[20:58:31] SQLSTATE: 42S02, Diagnosis: [Microsoft][ODBC SQL Server Driver][SQL Server]Invalid object name 'MonsterKillCount'.
[20:58:31] EXEC IGC_Monster_KillCount_Save '101IK', 484
[20:58:31] SQLSTATE: 42S02, Diagnosis: [Microsoft][ODBC SQL Server Driver][SQL Server]Invalid object name 'MonsterKillCount'.
[20:58:31] EXEC IGC_Monster_KillCount_Save 'Tarabas', 586
[20:58:31] SQLSTATE: 42S02, Diagnosis: [Microsoft][ODBC SQL Server Driver][SQL Server]Invalid object name 'MonsterKillCount'.
[20:58:31] EXEC IGC_Monster_KillCount_Save 'The5', 730
[20:58:31] SQLSTATE: 42S02, Diagnosis: [Microsoft][ODBC SQL Server Driver][SQL Server]Invalid object name 'MonsterKillCount'.
[20:58:31] EXEC IGC_Monster_KillCount_Save 'The7', 731
[20:58:31] SQLSTATE: 42S02, Diagnosis: [Microsoft][ODBC SQL Server Driver][SQL Server]Invalid object name 'MonsterKillCount'.
[20:58:31] EXEC IGC_Monster_KillCount_Save 'CS116', 768
[20:58:31] SQLSTATE: 42S02, Diagnosis: [Microsoft][ODBC SQL Server Driver][SQL Server]Invalid object name 'MonsterKillCount'.
[20:58:31] EXEC IGC_Monster_KillCount_Save 'D123', 789
[20:58:31] SQLSTATE: 42S02, Diagnosis: [Microsoft][ODBC SQL Server Driver][SQL Server]Invalid object name 'MonsterKillCount'.
[20:58:31] EXEC IGC_Monster_KillCount_Save 'refuseLem', 310
[20:58:31] SQLSTATE: 42S02, Diagnosis: [Microsoft][ODBC SQL Server Driver][SQL Server]Invalid object name 'MonsterKillCount'.
[20:58:31] EXEC IGC_Monster_KillCount_Save 'DTLove8', 574
[20:58:31] SQLSTATE: 42S02, Diagnosis: [Microsoft][ODBC SQL Server Driver][SQL Server]Invalid object name 'MonsterKillCount'.
[20:58:31] EXEC IGC_Monster_KillCount_Save 'DTLove8', 574
[20:58:31] SQLSTATE: 42S02, Diagnosis: [Microsoft][ODBC SQL Server Driver][SQL Server]Invalid object name 'MonsterKillCount'.
[20:58:31] EXEC IGC_Monster_KillCount_Save 'Mrdka', 743
[20:58:31] SQLSTATE: 42S02, Diagnosis: [Microsoft][ODBC SQL Server Driver][SQL Server]Invalid object name 'MonsterKillCount'.
[20:58:31] EXEC IGC_Monster_KillCount_Save 'RatLaVLon', 767
[20:58:31] SQLSTATE: 42S02, Diagnosis: [Microsoft][ODBC SQL Server Driver][SQL Server]Invalid object name 'MonsterKillCount'.
[20:58:31] EXEC IGC_Monster_KillCount_Save 'RatLaVLon', 767
[20:58:31] SQLSTATE: 42S02, Diagnosis: [Microsoft][ODBC SQL Server Driver][SQL Server]Invalid object name 'MonsterKillCount'.
[20:58:31] EXEC IGC_Monster_KillCount_Save 'RatLaVLon', 767
[20:58:31] SQLSTATE: 42S02, Diagnosis: [Microsoft][ODBC SQL Server Driver][SQL Server]Invalid object name 'MonsterKillCount'.
[20:58:31] EXEC IGC_Monster_KillCount_Save 'RatLaVLon', 767
[20:58:31] SQLSTATE: 42S02, Diagnosis: [Microsoft][ODBC SQL Server Driver][SQL Server]Invalid object name 'MonsterKillCount'.
[20:58:31] EXEC IGC_Monster_KillCount_Save 'Saken', 772
[20:58:31] SQLSTATE: 42S02, Diagnosis: [Microsoft][ODBC SQL Server Driver][SQL Server]Invalid object name 'MonsterKillCount'.
[20:58:31] EXEC IGC_Monster_KillCount_Save 'Canalha', 39
[20:58:31] SQLSTATE: 42S02, Diagnosis: [Microsoft][ODBC SQL Server Driver][SQL Server]Invalid object name 'MonsterKillCount'.
[20:58:31] EXEC IGC_Monster_KillCount_Save 'Canalha', 39
[20:58:31] SQLSTATE: 42S02, Diagnosis: [Microsoft][ODBC SQL Server Driver][SQL Server]Invalid object name 'MonsterKillCount'.
[20:58:31] EXEC IGC_Monster_KillCount_Save 'Duud', 444
[20:58:31] SQLSTATE: 42S02, Diagnosis: [Microsoft][ODBC SQL Server Driver][SQL Server]Invalid object name 'MonsterKillCount'.
[20:58:31] EXEC IGC_Monster_KillCount_Save '06SL', 480
[20:58:31] SQLSTATE: 42S02, Diagnosis: [Microsoft][ODBC SQL Server Driver][SQL Server]Invalid object name 'MonsterKillCount'.
[20:58:31] EXEC IGC_Monster_KillCount_Save '06SL', 480
[20:58:31] SQLSTATE: 42S02, Diagnosis: [Microsoft][ODBC SQL Server Driver][SQL Server]Invalid object name 'MonsterKillCount'.
[20:58:31] EXEC IGC_Monster_KillCount_Save '06SL', 480
[20:58:31] SQLSTATE: 42S02, Diagnosis: [Microsoft][ODBC SQL Server Driver][SQL Server]Invalid object name 'MonsterKillCount'.
[20:58:31] EXEC IGC_Monster_KillCount_Save '06SL', 480
[20:58:31] SQLSTATE: 42S02, Diagnosis: [Microsoft][ODBC SQL Server Driver][SQL Server]Invalid object name 'MonsterKillCount'.
[20:58:31] EXEC IGC_Monster_KillCount_Save 'H1deaki', 569
[20:58:31] SQLSTATE: 42S02, Diagnosis: [Microsoft][ODBC SQL Server Driver][SQL Server]Invalid object name 'MonsterKillCount'.
[20:58:31] EXEC IGC_Monster_KillCount_Save 'The5', 730
[20:58:31] SQLSTATE: 42S02, Diagnosis: [Microsoft][ODBC SQL Server Driver][SQL Server]Invalid object name 'MonsterKillCount'.
[20:58:31] EXEC IGC_Monster_KillCount_Save 'The5', 731
[20:58:31] SQLSTATE: 42S02, Diagnosis: [Microsoft][ODBC SQL Server Driver][SQL Server]Invalid object name 'MonsterKillCount'.
[20:58:31] EXEC IGC_Monster_KillCount_Save 'The5', 732
[20:58:31] SQLSTATE: 42S02, Diagnosis: [Microsoft][ODBC SQL Server Driver][SQL Server]Invalid object name 'MonsterKillCount'.
[20:58:31] EXEC IGC_Monster_KillCount_Save 'CoDaySinh', 767
[20:58:31] SQLSTATE: 42S02, Diagnosis: [Microsoft][ODBC SQL Server Driver][SQL Server]Invalid object name 'MonsterKillCount'.
[20:58:31] EXEC IGC_Monster_KillCount_Save '1DWBuff', 770
[20:58:31] SQLSTATE: 42S02, Diagnosis: [Microsoft][ODBC SQL Server Driver][SQL Server]Invalid object name 'MonsterKillCount'.
[20:58:31] EXEC IGC_Monster_KillCount_Save 'CS114', 768
[20:58:31] SQLSTATE: 42S02, Diagnosis: [Microsoft][ODBC SQL Server Driver][SQL Server]Invalid object name 'MonsterKillCount'.
[20:58:31] EXEC IGC_Monster_KillCount_Save 'SL07', 893
[20:58:31] SQLSTATE: 42S02, Diagnosis: [Microsoft][ODBC SQL Server Driver][SQL Server]Invalid object name 'MonsterKillCount'.
[20:58:31] EXEC IGC_Monster_KillCount_Save 'refuseMG', 311
[20:58:31] SQLSTATE: 42S02, Diagnosis: [Microsoft][ODBC SQL Server Driver][SQL Server]Invalid object name 'MonsterKillCount'.
[20:58:31] EXEC IGC_Monster_KillCount_Save 'DTLove9', 573
[20:58:31] SQLSTATE: 42S02, Diagnosis: [Microsoft][ODBC SQL Server Driver][SQL Server]Invalid object name 'MonsterKillCount'.
[20:58:31] EXEC IGC_Monster_KillCount_Save 'RatLaVLon', 767
[20:58:31] SQLSTATE: 42S02, Diagnosis: [Microsoft][ODBC SQL Server Driver][SQL Server]Invalid object name 'MonsterKillCount'.
[20:58:31] EXEC IGC_Monster_KillCount_Save 'RatLaVLon', 767
[20:58:32] SQLSTATE: 42S02, Diagnosis: [Microsoft][ODBC SQL Server Driver][SQL Server]Invalid object name 'MonsterKillCount'.
[20:58:32] EXEC IGC_Monster_KillCount_Save 'RatLaVLon', 767
[20:58:32] SQLSTATE: 42S02, Diagnosis: [Microsoft][ODBC SQL Server Driver][SQL Server]Invalid object name 'MonsterKillCount'.
[20:58:32] EXEC IGC_Monster_KillCount_Save 'Barier', 456
[20:58:32] SQLSTATE: 42S02, Diagnosis: [Microsoft][ODBC SQL Server Driver][SQL Server]Invalid object name 'MonsterKillCount'.
[20:58:32] EXEC IGC_Monster_KillCount_Save 'Meta', 768
[20:58:32] SQLSTATE: 42S02, Diagnosis: [Microsoft][ODBC SQL Server Driver][SQL Server]Invalid object name 'MonsterKillCount'.
[20:58:32] EXEC IGC_Monster_KillCount_Save '7event', 20
[20:58:32] SQLSTATE: 42S02, Diagnosis: [Microsoft][ODBC SQL Server Driver][SQL Server]Invalid object name 'MonsterKillCount'.
[20:58:32] EXEC IGC_Monster_KillCount_Save 'RatLaVaiL', 40
[20:58:32] SQLSTATE: 42S02, Diagnosis: [Microsoft][ODBC SQL Server Driver][SQL Server]Invalid object name 'MonsterKillCount'.
[20:58:32] EXEC IGC_Monster_KillCount_Save 'RatLaVaiL', 40
[20:58:32] SQLSTATE: 42S02, Diagnosis: [Microsoft][ODBC SQL Server Driver][SQL Server]Invalid object name 'MonsterKillCount'.
[20:58:32] EXEC IGC_Monster_KillCount_Save '3WindSoul', 445
[20:58:32] SQLSTATE: 42S02, Diagnosis: [Microsoft][ODBC SQL Server Driver][SQL Server]Invalid object name 'MonsterKillCount'.
[20:58:32] EXEC IGC_Monster_KillCount_Save '101IK', 484
[20:58:32] SQLSTATE: 42S02, Diagnosis: [Microsoft][ODBC SQL Server Driver][SQL Server]Invalid object name 'MonsterKillCount'.
[20:58:32] EXEC IGC_Monster_KillCount_Save '101IK', 484
[20:58:32] SQLSTATE: 42S02, Diagnosis: [Microsoft][ODBC SQL Server Driver][SQL Server]Invalid object name 'MonsterKillCount'.
[20:58:32] EXEC IGC_Monster_KillCount_Save 'H1deaki', 569
[20:58:32] SQLSTATE: 42S02, Diagnosis: [Microsoft][ODBC SQL Server Driver][SQL Server]Invalid object name 'MonsterKillCount'.
[20:58:32] EXEC IGC_Monster_KillCount_Save 'H1deaki', 569
[20:58:32] SQLSTATE: 42S02, Diagnosis: [Microsoft][ODBC SQL Server Driver][SQL Server]Invalid object name 'MonsterKillCount'.
[20:58:32] EXEC IGC_Monster_KillCount_Save 'RatLaVL', 575
[20:58:32] SQLSTATE: 42S02, Diagnosis: [Microsoft][ODBC SQL Server Driver][SQL Server]Invalid object name 'MonsterKillCount'.
[20:58:32] EXEC IGC_Monster_KillCount_Save 'RatLaVL', 575
[20:58:32] SQLSTATE: 42S02, Diagnosis: [Microsoft][ODBC SQL Server Driver][SQL Server]Invalid object name 'MonsterKillCount'.
[20:58:32] EXEC IGC_Monster_KillCount_Save 'RatLaVL', 575
[20:58:32] SQLSTATE: 42S02, Diagnosis: [Microsoft][ODBC SQL Server Driver][SQL Server]Invalid object name 'MonsterKillCount'.
[20:58:32] EXEC IGC_Monster_KillCount_Save 'RatLaVL', 575
[20:58:32] SQLSTATE: 42S02, Diagnosis: [Microsoft][ODBC SQL Server Driver][SQL Server]Invalid object name 'MonsterKillCount'.
[20:58:32] EXEC IGC_Monster_KillCount_Save 'RatLaVL', 575
[20:58:32] SQLSTATE: 42S02, Diagnosis: [Microsoft][ODBC SQL Server Driver][SQL Server]Invalid object name 'MonsterKillCount'.
[20:58:32] EXEC IGC_Monster_KillCount_Save 'RatLaVL', 575
[20:58:32] SQLSTATE: 42S02, Diagnosis: [Microsoft][ODBC SQL Server Driver][SQL Server]Invalid object name 'MonsterKillCount'.
[20:58:32] EXEC IGC_Monster_KillCount_Save 'RatLaVL', 575
[20:58:32] SQLSTATE: 42S02, Diagnosis: [Microsoft][ODBC SQL Server Driver][SQL Server]Invalid object name 'MonsterKillCount'.
[20:58:32] EXEC IGC_Monster_KillCount_Save 'MisterMD', 608
[20:58:32] SQLSTATE: 42S02, Diagnosis: [Microsoft][ODBC SQL Server Driver][SQL Server]Invalid object name 'MonsterKillCount'.
[20:58:32] EXEC IGC_Monster_KillCount_Save 'The7', 730
[20:58:32] SQLSTATE: 42S02, Diagnosis: [Microsoft][ODBC SQL Server Driver][SQL Server]Invalid object name 'MonsterKillCount'.
[20:58:32] EXEC IGC_Monster_KillCount_Save 'The7', 730
[20:58:32] SQLSTATE: 42S02, Diagnosis: [Microsoft][ODBC SQL Server Driver][SQL Server]Invalid object name 'MonsterKillCount'.
[20:58:32] EXEC IGC_Monster_KillCount_Save 'Ladyzinha', 770
[20:58:32] SQLSTATE: 42S02, Diagnosis: [Microsoft][ODBC SQL Server Driver][SQL Server]Invalid object name 'MonsterKillCount'.
[20:58:32] EXEC IGC_Monster_KillCount_Save 'Kiborg', 771
[20:58:32] SQLSTATE: 42S02, Diagnosis: [Microsoft][ODBC SQL Server Driver][SQL Server]Invalid object name 'MonsterKillCount'.
[20:58:32] EXEC IGC_Monster_KillCount_Save 'FunnyBunny', 771
[20:58:32] SQLSTATE: 42S02, Diagnosis: [Microsoft][ODBC SQL Server Driver][SQL Server]Invalid object name 'MonsterKillCount'.
[20:58:32] EXEC IGC_Monster_KillCount_Save 'AutoBuff', 786
[20:58:32] SQLSTATE: 42S02, Diagnosis: [Microsoft][ODBC SQL Server Driver][SQL Server]Invalid object name 'MonsterKillCount'.
[20:58:32] EXEC IGC_Monster_KillCount_Save 'VNZzGLzZVN', 786
[20:58:32] SQLSTATE: 42S02, Diagnosis: [Microsoft][ODBC SQL Server Driver][SQL Server]Invalid object name 'MonsterKillCount'.
[20:58:32] EXEC IGC_Monster_KillCount_Save 'HaMyXinh', 786
[20:58:32] SQLSTATE: 42S02, Diagnosis: [Microsoft][ODBC SQL Server Driver][SQL Server]Invalid object name 'MonsterKillCount'.
[20:58:32] EXEC IGC_Monster_KillCount_Save 'HongAnhSL', 70
[20:58:32] SQLSTATE: 42S02, Diagnosis: [Microsoft][ODBC SQL Server Driver][SQL Server]Invalid object name 'MonsterKillCount'.
[20:58:32] EXEC IGC_Monster_KillCount_Save 'HongAnhSL', 70
[20:58:32] SQLSTATE: 42S02, Diagnosis: [Microsoft][ODBC SQL Server Driver][SQL Server]Invalid object name 'MonsterKillCount'.
[20:58:32] EXEC IGC_Monster_KillCount_Save 'DTLove9', 573
[20:58:32] SQLSTATE: 42S02, Diagnosis: [Microsoft][ODBC SQL Server Driver][SQL Server]Invalid object name 'MonsterKillCount'.
[20:58:32] EXEC IGC_Monster_KillCount_Save 'Canalha', 39
[20:58:32] SQLSTATE: 42S02, Diagnosis: [Microsoft][ODBC SQL Server Driver][SQL Server]Invalid object name 'MonsterKillCount'.
[20:58:32] EXEC IGC_Monster_KillCount_Save 'Ruud', 358
[20:58:32] SQLSTATE: 42S02, Diagnosis: [Microsoft][ODBC SQL Server Driver][SQL Server]Invalid object name 'MonsterKillCount'.
[20:58:32] EXEC IGC_Monster_KillCount_Save 'Ruud', 358
[20:58:32] EXEC IGC_RealmItemDropUpdate 12, 2734
[20:58:32] SQLSTATE: 42S02, Diagnosis: [Microsoft][ODBC SQL Server Driver][SQL Server]Invalid object name 'MonsterKillCount'.
[20:58:32] EXEC IGC_Monster_KillCount_Save 'BaLaSuBaS', 573
[20:58:32] SQLSTATE: 42S02, Diagnosis: [Microsoft][ODBC SQL Server Driver][SQL Server]Invalid object name 'MonsterKillCount'.
[20:58:32] EXEC IGC_Monster_KillCount_Save 'The7', 730
[20:58:32] SQLSTATE: 42S02, Diagnosis: [Microsoft][ODBC SQL Server Driver][SQL Server]Invalid object name 'MonsterKillCount'.
[20:58:32] EXEC IGC_Monster_KillCount_Save 'ThayDayLy', 770
[20:58:32] SQLSTATE: 42S02, Diagnosis: [Microsoft][ODBC SQL Server Driver][SQL Server]Invalid object name 'MonsterKillCount'.
[20:58:32] EXEC IGC_Monster_KillCount_Save 'xXxXx', 786
[20:58:32] SQLSTATE: 42S02, Diagnosis: [Microsoft][ODBC SQL Server Driver][SQL Server]Invalid object name 'MonsterKillCount'.
[20:58:32] EXEC IGC_Monster_KillCount_Save '0oZeuso0', 786
[20:58:32] SQLSTATE: 42S02, Diagnosis: [Microsoft][ODBC SQL Server Driver][SQL Server]Invalid object name 'MonsterKillCount'.
[20:58:32] EXEC IGC_Monster_KillCount_Save 'VNZzGLzZVN', 786
[20:58:32] SQLSTATE: 42S02, Diagnosis: [Microsoft][ODBC SQL Server Driver][SQL Server]Invalid object name 'MonsterKillCount'.
[20:58:32] EXEC IGC_Monster_KillCount_Save 'S123', 789
[20:58:32] SQLSTATE: 42S02, Diagnosis: [Microsoft][ODBC SQL Server Driver][SQL Server]Invalid object name 'MonsterKillCount'.
[20:58:32] EXEC IGC_HuntingRecordInfoSave 'foxnix', 'Ti4ka', 135, 2024, 12, 27, 897, 63397, 3677265567, 2197777, 0, 13505, 51728236110, 13, 32482, 2750, 10, 7, 0, 957685
[20:58:33] EXEC IGC_Monster_KillCount_Save 'Lancer', 35
[20:58:33] SQLSTATE: 42S02, Diagnosis: [Microsoft][ODBC SQL Server Driver][SQL Server]Invalid object name 'MonsterKillCount'.
[20:58:33] EXEC IGC_Monster_KillCount_Save '8HAPPIER', 45
[20:58:33] SQLSTATE: 42S02, Diagnosis: [Microsoft][ODBC SQL Server Driver][SQL Server]Invalid object name 'MonsterKillCount'.
[20:58:33] EXEC IGC_Monster_KillCount_Save 'TOP1FARMJW', 351
[20:58:33] SQLSTATE: 42S02, Diagnosis: [Microsoft][ODBC SQL Server Driver][SQL Server]Invalid object name 'MonsterKillCount'.
[20:58:33] EXEC IGC_Monster_KillCount_Save 'bbbbb', 353
[20:58:33] SQLSTATE: 42S02, Diagnosis: [Microsoft][ODBC SQL Server Driver][SQL Server]Invalid object name 'MonsterKillCount'.
[20:58:33] EXEC IGC_Monster_KillCount_Save 'aaaaaaaaaa', 443
[20:58:33] SQLSTATE: 42S02, Diagnosis: [Microsoft][ODBC SQL Server Driver][SQL Server]Invalid object name 'MonsterKillCount'.
[20:58:33] EXEC IGC_Monster_KillCount_Save '100GL', 486
[20:58:33] SQLSTATE: 42S02, Diagnosis: [Microsoft][ODBC SQL Server Driver][SQL Server]Invalid object name 'MonsterKillCount'.
[20:58:33] EXEC IGC_Monster_KillCount_Save '100GL', 480
[20:58:33] SQLSTATE: 42S02, Diagnosis: [Microsoft][ODBC SQL Server Driver][SQL Server]Invalid object name 'MonsterKillCount'.
[20:58:33] EXEC IGC_Monster_KillCount_Save 'Tarabas', 586
[20:58:33] SQLSTATE: 42S02, Diagnosis: [Microsoft][ODBC SQL Server Driver][SQL Server]Invalid object name 'MonsterKillCount'.
[20:58:33] EXEC IGC_Monster_KillCount_Save 'Zlato4ka', 609
[20:58:33] SQLSTATE: 42S02, Diagnosis: [Microsoft][ODBC SQL Server Driver][SQL Server]Invalid object name 'MonsterKillCount'.
[20:58:33] EXEC IGC_Monster_KillCount_Save 'CoDaySinh', 767
[20:58:33] SQLSTATE: 42S02, Diagnosis: [Microsoft][ODBC SQL Server Driver][SQL Server]Invalid object name 'MonsterKillCount'.
[20:58:33] EXEC IGC_Monster_KillCount_Save 'CoDaySinh', 767
[20:58:33] SQLSTATE: 42S02, Diagnosis: [Microsoft][ODBC SQL Server Driver][SQL Server]Invalid object name 'MonsterKillCount'.
[20:58:33] EXEC IGC_Monster_KillCount_Save 'ThayDayLy', 770
[20:58:33] SQLSTATE: 42S02, Diagnosis: [Microsoft][ODBC SQL Server Driver][SQL Server]Invalid object name 'MonsterKillCount'.
[20:58:33] EXEC IGC_Monster_KillCount_Save 'CS114', 768
[20:58:33] SQLSTATE: 42S02, Diagnosis: [Microsoft][ODBC SQL Server Driver][SQL Server]Invalid object name 'MonsterKillCount'.
[20:58:33] EXEC IGC_Monster_KillCount_Save 'FunnyBunny', 771
[20:58:33] SQLSTATE: 42S02, Diagnosis: [Microsoft][ODBC SQL Server Driver][SQL Server]Invalid object name 'MonsterKillCount'.
[20:58:33] EXEC IGC_Monster_KillCount_Save 'Elvis', 789
[20:58:33] SQLSTATE: 42S02, Diagnosis: [Microsoft][ODBC SQL Server Driver][SQL Server]Invalid object name 'MonsterKillCount'.
[20:58:33] EXEC IGC_Monster_KillCount_Save 'Elvis', 789
[20:58:33] SQLSTATE: 42S02, Diagnosis: [Microsoft][ODBC SQL Server Driver][SQL Server]Invalid object name 'MonsterKillCount'.
[20:58:33] EXEC IGC_Monster_KillCount_Save 'Ti4ka', 892
[20:58:33] SQLSTATE: 42S02, Diagnosis: [Microsoft][ODBC SQL Server Driver][SQL Server]Invalid object name 'MonsterKillCount'.
[20:58:33] UPDATE Character SET cLevel=400, mLevel=488, Class=215,LevelUpPoint=0, mlPoint=0, Experience=3829792878, mlExperience=25561723354, mlNextExp=45424359459, Strength=182, Dexterity=2236, Vitality=15, Energy=10, Money=51180385, Life=4520.000000, MaxLife=1882.000000, Mana=2854.000000, MaxMana=1354.000000, MapNumber=3, MapPosX=172, MapPosY=98, MapDir=3, PkCount=1, PkLevel=4, PkTime=170, Leadership=0, ChatLimitTime=0, RESETS = 0, Married = 0, MarryName = '', WinDuels=0, LoseDuels=0, BlockChatTime=0, PenaltyMask=0, Ruud=103146, OpenHuntingLog=176, StatGP=0, StatCoin=0, i4thSkillPoint=0, AddStrength=0, AddDexterity=0, AddVitality=0, AddEnergy=0, FruitAddPoint=0, FruitDecPoint=0, GrandResets=0, MonStat=0, Age=0, CJL=0, SIC=0, WingCoreType=255, WingCoreLevel=255, GiantMountType=0, GiantMountWear=0, AddLeadership=0 WHERE Name = 'Astartes1'
[20:58:33] EXEC IGC_GensSave 'Astartes1', 11, 14
[20:58:33] EXEC IGC_PentagramInfoUpdate 108, 'relikt4', 'Astartes1', 0, 0, 12, 231, 18, 0, 1, 0, 15, 15, 15, 15, 15, 15, 15, 15, 15
[20:58:33] UPDATE Character SET Inventory=? WHERE Name='Astartes1'
[20:58:33] EXEC IGC_PentagramInfoUpdate 108, 'relikt4', 'Astartes1', 0, 1, 12, 221, 17, 0, 1, 0, 15, 15, 15, 15, 15, 15, 15, 15, 15
[20:58:33] DELETE FROM IGC_GensAbuse WHERE Name = 'Astartes1'
[20:58:33] EXEC IGC_GensSave 'Custodes', 11, 14
[20:58:33] UPDATE Character SET MagicList=? WHERE Name='Astartes1'
[20:58:33] UPDATE T_Event_Inventory SET Inventory=? WHERE Name = 'Astartes1'
[20:58:33] DELETE FROM IGC_GensAbuse WHERE Name = 'Custodes'
[20:58:33] UPDATE Character SET Quest=? WHERE Name='Astartes1'
[20:58:33] EXEC IGC_EvolutionMonsterInfoSave 'relikt4', 'Astartes1', -1, 0, 0, -1, 0, 0, -1, 0, 0, -1, 0, 0, -1, 0, 0, 0
[20:58:33] EXEC IGC_ClassQuest_MonsterKillSave 'Astartes1', -1, -1, 0, -1, 0, -1, 0, -1, 0, -1, 0
[20:58:33] EXEC IGC_SetSaveRestoreInventory 'relikt4', 'Astartes1', ?
[20:58:33] UPDATE IGC_Muun_Inventory SET Items=? WHERE Name='Astartes1'
[20:58:33] EXEC IGC_EventMapEnterCount_Set 'Astartes1', 2, 0, 2, 0, 0, 0, 0
[20:58:33] EXEC IGC_MuunConditionInfoSetSave 'Astartes1', 0, 255, 0
[20:58:33] EXEC IGC_HuntingRecordInfoUserOpenSave 'relikt4', 'Astartes1', 1
[20:58:33] EXEC IGC_MuunConditionInfoSetSave 'Astartes1', 1, 255, 0
[20:58:33] DELETE FROM IGC_BlockChat WHERE Name = 'Astartes1'
[20:58:33] EXEC IGC_MuunConditionInfoSetSave 'Astartes1', 2, 255, 0
[20:58:33] EXEC IGC_ResetInfoSave 277, 0
[20:58:33] UPDATE Character SET cLevel=400, mLevel=490, Class=23,LevelUpPoint=30, mlPoint=59, Experience=3830136914, mlExperience=15586565894, mlNextExp=46024359459, Strength=171, Dexterity=162, Vitality=125, Energy=1960, Money=186228060, Life=4099.000000, MaxLife=2188.000000, Mana=4022.000000, MaxMana=2522.000000, MapNumber=3, MapPosX=173, MapPosY=99, MapDir=1, PkCount=0, PkLevel=3, PkTime=0, Leadership=0, ChatLimitTime=0, RESETS = 0, Married = 0, MarryName = '', WinDuels=0, LoseDuels=0, BlockChatTime=0, PenaltyMask=0, Ruud=48180, OpenHuntingLog=176, StatGP=0, StatCoin=0, i4thSkillPoint=0, AddStrength=0, AddDexterity=0, AddVitality=0, AddEnergy=0, FruitAddPoint=0, FruitDecPoint=0, GrandResets=0, MonStat=0, Age=0, CJL=0, SIC=0, WingCoreType=255, WingCoreLevel=255, GiantMountType=0, GiantMountWear=0, AddLeadership=0 WHERE Name = 'Custodes'
[20:58:33] SELECT character_id FROM IGC_SeasonPass WHERE character_id = 277
[20:58:33] UPDATE IGC_SeasonPass SET pass_id = 1, pass_type = 0, pass_level = 6, pass_experience = 1748, complete_mission = 10, today_exp = 193, mu_pass_reward = 2, gold_pass_reward = 0, premium_pass_reward = 0, last_login = 1735322313 WHERE character_id = 277
[20:58:33] UPDATE Character SET Inventory=? WHERE Name='Custodes'
[20:58:33] UPDATE Character SET MagicList=? WHERE Name='Custodes'
[20:58:33] SELECT character_id FROM IGC_SeasonPassTicket WHERE character_id = 277
[20:58:33] UPDATE IGC_SeasonPassTicket SET ticket_count = 0, special_point = 0 WHERE character_id = 277
[20:58:33] UPDATE Character SET Quest=? WHERE Name='Custodes'
[20:58:33] DELETE FROM IGC_SeasonPassMission WHERE character_id = 277
[20:58:33] EXEC IGC_ClassQuest_MonsterKillSave 'Custodes', -1, -1, 0, -1, 0, -1, 0, -1, 0, -1, 0
[20:58:33] INSERT INTO IGC_SeasonPassMission (character_id, mission_index, mission_type, current_step, current_amount) VALUES (277, 0, 0, 10, 2160)
[20:58:33] UPDATE IGC_Muun_Inventory SET Items=? WHERE Name='Custodes'
[20:58:33] INSERT INTO IGC_SeasonPassMission (character_id, mission_index, mission_type, current_step, current_amount) VALUES (277, 1, 1, 7, 1700)
[20:58:33] EXEC IGC_MuunConditionInfoSetSave 'Custodes', 0, 255, 0
[20:58:33] INSERT INTO IGC_SeasonPassMission (character_id, mission_index, mission_type, current_step, current_amount) VALUES (277, 2, 2, 5, 34470)
[20:58:33] EXEC IGC_MuunConditionInfoSetSave 'Custodes', 1, 255, 0
[20:58:33] INSERT INTO IGC_SeasonPassMission (character_id, mission_index, mission_type, current_step, current_amount) VALUES (277, 3, 3, 3, 15)
[20:58:33] EXEC IGC_MuunConditionInfoSetSave 'Custodes', 2, 255, 0
[20:58:33] INSERT INTO IGC_SeasonPassMission (character_id, mission_index, mission_type, current_step, current_amount) VALUES (277, 4, 4, 3, 6)
[20:58:33] INSERT INTO IGC_SeasonPassMission (character_id, mission_index, mission_type, current_step, current_amount) VALUES (277, 7, 7, 1, 5)
[20:58:33] INSERT INTO IGC_SeasonPassMission (character_id, mission_index, mission_type, current_step, current_amount) VALUES (277, 11, 11, 1, 1)
[20:58:33] INSERT INTO IGC_SeasonPassMission (character_id, mission_index, mission_type, current_step, current_amount) VALUES (277, 17, 17, 1, 1)
[20:58:33] INSERT INTO IGC_SeasonPassMission (character_id, mission_index, mission_type, current_step, current_amount) VALUES (277, 18, 18, 1, 1)
[20:58:33] INSERT INTO IGC_SeasonPassMission (character_id, mission_index, mission_type, current_step, current_amount) VALUES (277, 24, 24, 1, 1)
[20:58:33] UPDATE IGC_HuntPoint SET HuntPoint=2500,Monsters=0,Buffs='|0=12.5||1=12.5||2=12.5||3=12.5||4=12.5||5=12.5||6=12.5||7=12.5|',Inactive=0,Quest='|0=0.0||1=0.0||2=0.0||3=0.0||4=0.0||5=0.0||6=0.0||7=0.0|', WeekMonsters=0 WHERE Name = 'Astartes1'
[20:58:33] UPDATE IGC_HuntPoint SET QuestState=? where Name='Astartes1'
[20:58:33] UPDATE T_Event_Inventory SET Inventory=? WHERE Name = 'Custodes'
[20:58:33] EXEC IGC_EvolutionMonsterInfoSave 'relikt1', 'Custodes', -1, 0, 0, -1, 0, 0, -1, 0, 0, -1, 0, 0, -1, 0, 0, 0
[20:58:33] EXEC IGC_SetSaveRestoreInventory 'relikt1', 'Custodes', ?
[20:58:33] EXEC IGC_EventMapEnterCount_Set 'Custodes', 2, 0, 2, 0, 0, 0, 0
[20:58:33] EXEC IGC_HuntingRecordInfoUserOpenSave 'relikt1', 'Custodes', 1
[20:58:33] DELETE FROM IGC_BlockChat WHERE Name = 'Custodes'
[20:58:33] EXEC IGC_ResetInfoSave 253, 0
[20:58:33] SELECT character_id FROM IGC_SeasonPass WHERE character_id = 253
[20:58:33] UPDATE IGC_SeasonPass SET pass_id = 1, pass_type = 0, pass_level = 5, pass_experience = 1346, complete_mission = 8, today_exp = 143, mu_pass_reward = 2, gold_pass_reward = 0, premium_pass_reward = 0, last_login = 1735322313 WHERE character_id = 253
[20:58:33] SELECT character_id FROM IGC_SeasonPassTicket WHERE character_id = 253
[20:58:33] UPDATE IGC_SeasonPassTicket SET ticket_count = 0, special_point = 0 WHERE character_id = 253
[20:58:33] DELETE FROM IGC_SeasonPassMission WHERE character_id = 253
[20:58:33] INSERT INTO IGC_SeasonPassMission (character_id, mission_index, mission_type, current_step, current_amount) VALUES (253, 0, 0, 10, 2160)
[20:58:33] INSERT INTO IGC_SeasonPassMission (character_id, mission_index, mission_type, current_step, current_amount) VALUES (253, 1, 1, 0, 24)
[20:58:33] INSERT INTO IGC_SeasonPassMission (character_id, mission_index, mission_type, current_step, current_amount) VALUES (253, 2, 2, 5, 34468)
[20:58:33] INSERT INTO IGC_SeasonPassMission (character_id, mission_index, mission_type, current_step, current_amount) VALUES (253, 4, 4, 3, 6)
[20:58:33] INSERT INTO IGC_SeasonPassMission (character_id, mission_index, mission_type, current_step, current_amount) VALUES (253, 7, 7, 1, 5)
[20:58:33] INSERT INTO IGC_SeasonPassMission (character_id, mission_index, mission_type, current_step, current_amount) VALUES (253, 11, 11, 1, 1)
[20:58:33] INSERT INTO IGC_SeasonPassMission (character_id, mission_index, mission_type, current_step, current_amount) VALUES (253, 17, 17, 1, 1)
[20:58:33] INSERT INTO IGC_SeasonPassMission (character_id, mission_index, mission_type, current_step, current_amount) VALUES (253, 18, 18, 1, 1)
[20:58:33] INSERT INTO IGC_SeasonPassMission (character_id, mission_index, mission_type, current_step, current_amount) VALUES (253, 24, 24, 1, 1)
[20:58:33] UPDATE IGC_HuntPoint SET HuntPoint=2500,Monsters=0,Buffs='|0=12.5||1=12.5||2=12.5||3=12.5||4=12.5||5=12.5||6=12.5||7=12.5|',Inactive=0,Quest='|0=0.0||1=0.0||2=0.0||3=0.0||4=0.0||5=0.0||6=0.0||7=0.0|', WeekMonsters=0 WHERE Name = 'Custodes'
[20:58:33] UPDATE IGC_HuntPoint SET QuestState=? where Name='Custodes'
[20:58:33] EXEC IGC_Monster_KillCount_Save 'refuseLem', 310
[20:58:33] SQLSTATE: 42S02, Diagnosis: [Microsoft][ODBC SQL Server Driver][SQL Server]Invalid object name 'MonsterKillCount'.
[20:58:33] EXEC IGC_Monster_KillCount_Save 'DTLove10', 569
[20:58:33] SQLSTATE: 42S02, Diagnosis: [Microsoft][ODBC SQL Server Driver][SQL Server]Invalid object name 'MonsterKillCount'.
[20:58:33] EXEC IGC_Monster_KillCount_Save 'Mrdka', 743
[20:58:33] SQLSTATE: 42S02, Diagnosis: [Microsoft][ODBC SQL Server Driver][SQL Server]Invalid object name 'MonsterKillCount'.
[20:58:33] EXEC IGC_Monster_KillCount_Save 'Lysandra', 787
[20:58:33] SQLSTATE: 42S02, Diagnosis: [Microsoft][ODBC SQL Server Driver][SQL Server]Invalid object name 'MonsterKillCount'.
[20:58:33] EXEC IGC_Monster_KillCount_Save 'Lancer', 35
[20:58:33] SQLSTATE: 42S02, Diagnosis: [Microsoft][ODBC SQL Server Driver][SQL Server]Invalid object name 'MonsterKillCount'.
[20:58:33] EXEC IGC_Monster_KillCount_Save 'Lancer', 35
[20:58:33] SQLSTATE: 42S02, Diagnosis: [Microsoft][ODBC SQL Server Driver][SQL Server]Invalid object name 'MonsterKillCount'.
[20:58:33] EXEC IGC_Monster_KillCount_Save 'RatLaVaiL', 40
[20:58:33] SQLSTATE: 42S02, Diagnosis: [Microsoft][ODBC SQL Server Driver][SQL Server]Invalid object name 'MonsterKillCount'.
[20:58:33] EXEC IGC_Monster_KillCount_Save 'TOP1FARMJW', 351
[20:58:33] SQLSTATE: 42S02, Diagnosis: [Microsoft][ODBC SQL Server Driver][SQL Server]Invalid object name 'MonsterKillCount'.
[20:58:33] EXEC IGC_Monster_KillCount_Save 'aaaaaaaaaa', 443
[20:58:33] SQLSTATE: 42S02, Diagnosis: [Microsoft][ODBC SQL Server Driver][SQL Server]Invalid object name 'MonsterKillCount'.
[20:58:33] EXEC IGC_Monster_KillCount_Save '3WindSoul', 445
[20:58:33] SQLSTATE: 42S02, Diagnosis: [Microsoft][ODBC SQL Server Driver][SQL Server]Invalid object name 'MonsterKillCount'.
[20:58:33] EXEC IGC_Monster_KillCount_Save 'isker', 449
[20:58:33] SQLSTATE: 42S02, Diagnosis: [Microsoft][ODBC SQL Server Driver][SQL Server]Invalid object name 'MonsterKillCount'.
[20:58:33] EXEC IGC_Monster_KillCount_Save 'BaLaSuBaS', 573
[20:58:33] SQLSTATE: 42S02, Diagnosis: [Microsoft][ODBC SQL Server Driver][SQL Server]Invalid object name 'MonsterKillCount'.
[20:58:33] EXEC IGC_Monster_KillCount_Save 'BaLaSuBaS', 573
[20:58:33] SQLSTATE: 42S02, Diagnosis: [Microsoft][ODBC SQL Server Driver][SQL Server]Invalid object name 'MonsterKillCount'.
[20:58:33] EXEC IGC_Monster_KillCount_Save 'BaLaSuBaS', 573
[20:58:33] SQLSTATE: 42S02, Diagnosis: [Microsoft][ODBC SQL Server Driver][SQL Server]Invalid object name 'MonsterKillCount'.
[20:58:33] EXEC IGC_Monster_KillCount_Save 'MisterMD', 608
[20:58:33] SQLSTATE: 42S02, Diagnosis: [Microsoft][ODBC SQL Server Driver][SQL Server]Invalid object name 'MonsterKillCount'.
[20:58:33] EXEC IGC_Monster_KillCount_Save 'Barawar', 714
[20:58:33] SQLSTATE: 42S02, Diagnosis: [Microsoft][ODBC SQL Server Driver][SQL Server]Invalid object name 'MonsterKillCount'.
[20:58:33] EXEC IGC_Monster_KillCount_Save 'pigiVN', 730
[20:58:33] SQLSTATE: 42S02, Diagnosis: [Microsoft][ODBC SQL Server Driver][SQL Server]Invalid object name 'MonsterKillCount'.
[20:58:33] EXEC IGC_Monster_KillCount_Save 'GL01', 770
[20:58:33] SQLSTATE: 42S02, Diagnosis: [Microsoft][ODBC SQL Server Driver][SQL Server]Invalid object name 'MonsterKillCount'.
[20:58:33] EXEC IGC_Monster_KillCount_Save 'ThayMocLop', 786
[20:58:33] SQLSTATE: 42S02, Diagnosis: [Microsoft][ODBC SQL Server Driver][SQL Server]Invalid object name 'MonsterKillCount'.
[20:58:33] EXEC IGC_Monster_KillCount_Save 'GL06', 893
[20:58:33] SQLSTATE: 42S02, Diagnosis: [Microsoft][ODBC SQL Server Driver][SQL Server]Invalid object name 'MonsterKillCount'.
[20:58:33] EXEC IGC_Monster_KillCount_Save 'GL05', 893
[20:58:33] SQLSTATE: 42S02, Diagnosis: [Microsoft][ODBC SQL Server Driver][SQL Server]Invalid object name 'MonsterKillCount'.
[20:58:33] EXEC IGC_Monster_KillCount_Save 'GL05', 893
[20:58:33] SQLSTATE: 42S02, Diagnosis: [Microsoft][ODBC SQL Server Driver][SQL Server]Invalid object name 'MonsterKillCount'.
[20:58:33] EXEC IGC_Monster_KillCount_Save 'Ruub', 358
[20:58:33] SQLSTATE: 42S02, Diagnosis: [Microsoft][ODBC SQL Server Driver][SQL Server]Invalid object name 'MonsterKillCount'.
[20:58:33] EXEC IGC_Monster_KillCount_Save 'Mrdka', 743
[20:58:33] SQLSTATE: 42S02, Diagnosis: [Microsoft][ODBC SQL Server Driver][SQL Server]Invalid object name 'MonsterKillCount'.
[20:58:33] EXEC IGC_Monster_KillCount_Save 'Winter', 787
[20:58:33] SQLSTATE: 42S02, Diagnosis: [Microsoft][ODBC SQL Server Driver][SQL Server]Invalid object name 'MonsterKillCount'.
[20:58:33] EXEC IGC_Monster_KillCount_Save 'Winter', 787
[20:58:34] SQLSTATE: 42S02, Diagnosis: [Microsoft][ODBC SQL Server Driver][SQL Server]Invalid object name 'MonsterKillCount'.
[20:58:34] EXEC IGC_Monster_KillCount_Save '8HAPPIER', 45
[20:58:34] SQLSTATE: 42S02, Diagnosis: [Microsoft][ODBC SQL Server Driver][SQL Server]Invalid object name 'MonsterKillCount'.
[20:58:34] EXEC IGC_Monster_KillCount_Save 'aaaaaaaaaa', 443
[20:58:34] SQLSTATE: 42S02, Diagnosis: [Microsoft][ODBC SQL Server Driver][SQL Server]Invalid object name 'MonsterKillCount'.
[20:58:34] EXEC IGC_Monster_KillCount_Save 'aaaaaaaaaa', 443
[20:58:34] SQLSTATE: 42S02, Diagnosis: [Microsoft][ODBC SQL Server Driver][SQL Server]Invalid object name 'MonsterKillCount'.
[20:58:34] EXEC IGC_Monster_KillCount_Save 'aaaaaaaaaa', 443
[20:58:34] SQLSTATE: 42S02, Diagnosis: [Microsoft][ODBC SQL Server Driver][SQL Server]Invalid object name 'MonsterKillCount'.
[20:58:34] EXEC IGC_Monster_KillCount_Save 'Tarabas', 586
[20:58:34] SQLSTATE: 42S02, Diagnosis: [Microsoft][ODBC SQL Server Driver][SQL Server]Invalid object name 'MonsterKillCount'.
[20:58:34] EXEC IGC_Monster_KillCount_Save 'FunnyBunny', 771
[20:58:34] SQLSTATE: 42S02, Diagnosis: [Microsoft][ODBC SQL Server Driver][SQL Server]Invalid object name 'MonsterKillCount'.
[20:58:34] EXEC IGC_Monster_KillCount_Save 'refuseMG', 311
[20:58:34] SQLSTATE: 42S02, Diagnosis: [Microsoft][ODBC SQL Server Driver][SQL Server]Invalid object name 'MonsterKillCount'.
[20:58:34] EXEC IGC_Monster_KillCount_Save 'HongAnhSL', 70
[20:58:34] SQLSTATE: 42S02, Diagnosis: [Microsoft][ODBC SQL Server Driver][SQL Server]Invalid object name 'MonsterKillCount'.
[20:58:34] EXEC IGC_Monster_KillCount_Save 'TDLove', 573
[20:58:34] SQLSTATE: 42S02, Diagnosis: [Microsoft][ODBC SQL Server Driver][SQL Server]Invalid object name 'MonsterKillCount'.
[20:58:34] EXEC IGC_Monster_KillCount_Save 'TDLove', 573
[20:58:34] SQLSTATE: 42S02, Diagnosis: [Microsoft][ODBC SQL Server Driver][SQL Server]Invalid object name 'MonsterKillCount'.
[20:58:34] EXEC IGC_Monster_KillCount_Save 'TDLove', 573
[20:58:34] SQLSTATE: 42S02, Diagnosis: [Microsoft][ODBC SQL Server Driver][SQL Server]Invalid object name 'MonsterKillCount'.
[20:58:34] EXEC IGC_Monster_KillCount_Save 'TDLove', 573
[20:58:34] SQLSTATE: 42S02, Diagnosis: [Microsoft][ODBC SQL Server Driver][SQL Server]Invalid object name 'MonsterKillCount'.
[20:58:34] EXEC IGC_Monster_KillCount_Save 'TDLove', 573
[20:58:34] SQLSTATE: 42S02, Diagnosis: [Microsoft][ODBC SQL Server Driver][SQL Server]Invalid object name 'MonsterKillCount'.
[20:58:34] EXEC IGC_Monster_KillCount_Save 'bbbbb', 353
[20:58:34] SQLSTATE: 42S02, Diagnosis: [Microsoft][ODBC SQL Server Driver][SQL Server]Invalid object name 'MonsterKillCount'.
[20:58:34] EXEC IGC_Monster_KillCount_Save 'Duud', 444
[20:58:34] SQLSTATE: 42S02, Diagnosis: [Microsoft][ODBC SQL Server Driver][SQL Server]Invalid object name 'MonsterKillCount'.
[20:58:34] EXEC IGC_Monster_KillCount_Save 'isker', 449
[20:58:34] SQLSTATE: 42S02, Diagnosis: [Microsoft][ODBC SQL Server Driver][SQL Server]Invalid object name 'MonsterKillCount'.
[20:58:34] EXEC IGC_Monster_KillCount_Save '3KunDun', 484
[20:58:34] SQLSTATE: 42S02, Diagnosis: [Microsoft][ODBC SQL Server Driver][SQL Server]Invalid object name 'MonsterKillCount'.
[20:58:34] EXEC IGC_Monster_KillCount_Save 'MisterMD', 608
[20:58:34] SQLSTATE: 42S02, Diagnosis: [Microsoft][ODBC SQL Server Driver][SQL Server]Invalid object name 'MonsterKillCount'.
[20:58:34] EXEC IGC_Monster_KillCount_Save 'pigiVN', 732
[20:58:34] SQLSTATE: 42S02, Diagnosis: [Microsoft][ODBC SQL Server Driver][SQL Server]Invalid object name 'MonsterKillCount'.
[20:58:34] EXEC IGC_Monster_KillCount_Save 'ThayOngNoi', 770
[20:58:34] SQLSTATE: 42S02, Diagnosis: [Microsoft][ODBC SQL Server Driver][SQL Server]Invalid object name 'MonsterKillCount'.
[20:58:34] EXEC IGC_Monster_KillCount_Save '0oZeuso0', 786
[20:58:34] SQLSTATE: 42S02, Diagnosis: [Microsoft][ODBC SQL Server Driver][SQL Server]Invalid object name 'MonsterKillCount'.
[20:58:34] EXEC IGC_Monster_KillCount_Save 'luka', 787
[20:58:34] SQLSTATE: 42S02, Diagnosis: [Microsoft][ODBC SQL Server Driver][SQL Server]Invalid object name 'MonsterKillCount'.
[20:58:34] EXEC IGC_Monster_KillCount_Save 'smbuff', 810
[20:58:34] SQLSTATE: 42S02, Diagnosis: [Microsoft][ODBC SQL Server Driver][SQL Server]Invalid object name 'MonsterKillCount'.
[20:58:34] EXEC IGC_Monster_KillCount_Save 'ikacko', 487
[20:58:34] SQLSTATE: 42S02, Diagnosis: [Microsoft][ODBC SQL Server Driver][SQL Server]Invalid object name 'MonsterKillCount'.
[20:58:34] EXEC IGC_Monster_KillCount_Save 'zZElfHitZz', 770
[20:58:34] SQLSTATE: 42S02, Diagnosis: [Microsoft][ODBC SQL Server Driver][SQL Server]Invalid object name 'MonsterKillCount'.
[20:58:34] EXEC IGC_Monster_KillCount_Save 'Winter', 787
[20:58:34] SQLSTATE: 42S02, Diagnosis: [Microsoft][ODBC SQL Server Driver][SQL Server]Invalid object name 'MonsterKillCount'.
[20:58:34] EXEC IGC_Monster_KillCount_Save 'Winter', 787
[20:58:34] SQLSTATE: 42S02, Diagnosis: [Microsoft][ODBC SQL Server Driver][SQL Server]Invalid object name 'MonsterKillCount'.
[20:58:35] EXEC IGC_Monster_KillCount_Save '9PORSCHE', 45
[20:58:35] SQLSTATE: 42S02, Diagnosis: [Microsoft][ODBC SQL Server Driver][SQL Server]Invalid object name 'MonsterKillCount'.
[20:58:35] EXEC IGC_Monster_KillCount_Save '3WindSoul', 445
[20:58:35] SQLSTATE: 42S02, Diagnosis: [Microsoft][ODBC SQL Server Driver][SQL Server]Invalid object name 'MonsterKillCount'.
[20:58:35] EXEC IGC_Monster_KillCount_Save 'MisterMD', 608
[20:58:35] SQLSTATE: 42S02, Diagnosis: [Microsoft][ODBC SQL Server Driver][SQL Server]Invalid object name 'MonsterKillCount'.
[20:58:35] EXEC IGC_Monster_KillCount_Save 'Sm87', 768
[20:58:35] SQLSTATE: 42S02, Diagnosis: [Microsoft][ODBC SQL Server Driver][SQL Server]Invalid object name 'MonsterKillCount'.
[20:58:35] EXEC IGC_Monster_KillCount_Save 'cs113', 768
[20:58:35] SQLSTATE: 42S02, Diagnosis: [Microsoft][ODBC SQL Server Driver][SQL Server]Invalid object name 'MonsterKillCount'.
[20:58:35] EXEC IGC_Monster_KillCount_Save 'ThayMocLop', 786
[20:58:35] SQLSTATE: 42S02, Diagnosis: [Microsoft][ODBC SQL Server Driver][SQL Server]Invalid object name 'MonsterKillCount'.
[20:58:35] EXEC IGC_GetPartyMatchingListJoinAble 894, 100, 0, 1, 6
[20:58:35] EXEC IGC_GetPartyMatchingListJoinAbleTotalCount 894, 100,0
[20:58:35] EXEC IGC_GetPartyMatchingWaitListForLeader '2cha'
[20:58:35] EXEC IGC_Monster_KillCount_Save 'HongAnhGL', 730
[20:58:35] SQLSTATE: 42S02, Diagnosis: [Microsoft][ODBC SQL Server Driver][SQL Server]Invalid object name 'MonsterKillCount'.
[20:58:35] EXEC IGC_Monster_KillCount_Save 'DarkIK', 770
[20:58:35] SQLSTATE: 42S02, Diagnosis: [Microsoft][ODBC SQL Server Driver][SQL Server]Invalid object name 'MonsterKillCount'.
[20:58:35] EXEC IGC_Monster_KillCount_Save 'DarkIK', 770
[20:58:35] SQLSTATE: 42S02, Diagnosis: [Microsoft][ODBC SQL Server Driver][SQL Server]Invalid object name 'MonsterKillCount'.
[20:58:35] EXEC IGC_Monster_KillCount_Save 'Lysandra', 787
[20:58:35] SQLSTATE: 42S02, Diagnosis: [Microsoft][ODBC SQL Server Driver][SQL Server]Invalid object name 'MonsterKillCount'.
[20:58:35] EXEC IGC_Monster_KillCount_Save 'Sword', 25
[20:58:35] SQLSTATE: 42S02, Diagnosis: [Microsoft][ODBC SQL Server Driver][SQL Server]Invalid object name 'MonsterKillCount'.
[20:58:35] EXEC WZ_IBS_AddCoin 'bkmain', 1, 2.000000
[20:58:35] SELECT Id FROM AccountCharacter WHERE Id='duantu11'
[20:58:35] SELECT * FROM AccountCharacter WHERE Id='duantu11'
[20:58:35] SELECT WarehouseExpansion, MagicGladiator, DarkLord, Summoner, RageFighter, GrowLancer, RuneWizard, Slayer, GunCrusher, LightWizard, LemuriaMage, IllusionKnight, SecCode, ILC, LastCreateDate, CharacterCreateCountUsed FROM AccountCharacter WHERE Id='duantu11'
[20:58:35] SELECT cLevel, mLevel, Class, CtlCode, PkLevel, SIC, WingCoreType, WingCoreLevel FROM vCharacterPreview WHERE Name = 'HolySheet'
[20:58:35] SELECT Inventory FROM Character WHERE Name='HolySheet'
[20:58:35] SELECT RESETS FROM Character WHERE Name='HolySheet'
[20:58:35] SELECT G_Status FROM GuildMember WHERE Name='HolySheet'
[20:58:35] SELECT cLevel, mLevel, Class, CtlCode, PkLevel, SIC, WingCoreType, WingCoreLevel FROM vCharacterPreview WHERE Name = 'rwrwefdf'
[20:58:35] SELECT Inventory FROM Character WHERE Name='rwrwefdf'
[20:58:35] SELECT RESETS FROM Character WHERE Name='rwrwefdf'
[20:58:35] SELECT G_Status FROM GuildMember WHERE Name='rwrwefdf'
[20:58:35] EXEC IGC_Monster_KillCount_Save 'isk7', 20
[20:58:35] SQLSTATE: 42S02, Diagnosis: [Microsoft][ODBC SQL Server Driver][SQL Server]Invalid object name 'MonsterKillCount'.
[20:58:35] EXEC IGC_Monster_KillCount_Save 'isk6', 20
[20:58:35] SQLSTATE: 42S02, Diagnosis: [Microsoft][ODBC SQL Server Driver][SQL Server]Invalid object name 'MonsterKillCount'.
[20:58:35] EXEC IGC_Monster_KillCount_Save 'bbbbb', 353
[20:58:35] SQLSTATE: 42S02, Diagnosis: [Microsoft][ODBC SQL Server Driver][SQL Server]Invalid object name 'MonsterKillCount'.
[20:58:35] EXEC IGC_Monster_KillCount_Save '3KunDun', 484
[20:58:35] SQLSTATE: 42S02, Diagnosis: [Microsoft][ODBC SQL Server Driver][SQL Server]Invalid object name 'MonsterKillCount'.
[20:58:35] EXEC IGC_Monster_KillCount_Save 'BaLaSuBaS', 573
[20:58:35] SQLSTATE: 42S02, Diagnosis: [Microsoft][ODBC SQL Server Driver][SQL Server]Invalid object name 'MonsterKillCount'.
[20:58:35] EXEC IGC_Monster_KillCount_Save 'ArthurMD', 589
[20:58:35] SQLSTATE: 42S02, Diagnosis: [Microsoft][ODBC SQL Server Driver][SQL Server]Invalid object name 'MonsterKillCount'.
[20:58:35] EXEC IGC_Monster_KillCount_Save 'pigiVN', 730
[20:58:35] SQLSTATE: 42S02, Diagnosis: [Microsoft][ODBC SQL Server Driver][SQL Server]Invalid object name 'MonsterKillCount'.
[20:58:35] EXEC IGC_Monster_KillCount_Save 'ThayOngNoi', 770
[20:58:35] SQLSTATE: 42S02, Diagnosis: [Microsoft][ODBC SQL Server Driver][SQL Server]Invalid object name 'MonsterKillCount'.
[20:58:35] EXEC IGC_Monster_KillCount_Save 'ThayOngNoi', 770
[20:58:35] SQLSTATE: 42S02, Diagnosis: [Microsoft][ODBC SQL Server Driver][SQL Server]Invalid object name 'MonsterKillCount'.
[20:58:35] EXEC IGC_Monster_KillCount_Save 'ThayOngNoi', 770
[20:58:35] SQLSTATE: 42S02, Diagnosis: [Microsoft][ODBC SQL Server Driver][SQL Server]Invalid object name 'MonsterKillCount'.
[20:58:35] EXEC IGC_Monster_KillCount_Save 'AAAA', 772
[20:58:35] SQLSTATE: 42S02, Diagnosis: [Microsoft][ODBC SQL Server Driver][SQL Server]Invalid object name 'MonsterKillCount'.
[20:58:35] EXEC IGC_Monster_KillCount_Save 'Insane', 772
[20:58:35] SQLSTATE: 42S02, Diagnosis: [Microsoft][ODBC SQL Server Driver][SQL Server]Invalid object name 'MonsterKillCount'.
[20:58:35] EXEC IGC_Monster_KillCount_Save 'qwer', 787
[20:58:35] SQLSTATE: 42S02, Diagnosis: [Microsoft][ODBC SQL Server Driver][SQL Server]Invalid object name 'MonsterKillCount'.
[20:58:35] UPDATE Character SET cLevel=400, mLevel=502, Class=87,LevelUpPoint=0, mlPoint=0, Experience=3844089706, mlExperience=2337426720, mlNextExp=49624359459, Strength=369, Dexterity=265, Vitality=18, Energy=1796, Money=204494080, Life=3447.000000, MaxLife=971.000000, Mana=6541.000000, MaxMana=4171.000000, MapNumber=117, MapPosX=62, MapPosY=82, MapDir=7, PkCount=0, PkLevel=3, PkTime=0, Leadership=0, ChatLimitTime=0, RESETS = 0, Married = 0, MarryName = '', WinDuels=0, LoseDuels=0, BlockChatTime=0, PenaltyMask=0, Ruud=58280, OpenHuntingLog=0, StatGP=0, StatCoin=0, i4thSkillPoint=2, AddStrength=0, AddDexterity=0, AddVitality=0, AddEnergy=0, FruitAddPoint=0, FruitDecPoint=0, GrandResets=0, MonStat=0, Age=0, CJL=0, SIC=0, WingCoreType=255, WingCoreLevel=255, GiantMountType=0, GiantMountWear=0, AddLeadership=0 WHERE Name = 'MeFace'
[20:58:35] EXEC IGC_Monster_KillCount_Save 'luka', 787
[20:58:35] SQLSTATE: 42S02, Diagnosis: [Microsoft][ODBC SQL Server Driver][SQL Server]Invalid object name 'MonsterKillCount'.
[20:58:35] EXEC IGC_Monster_KillCount_Save 'iskerka', 787
[20:58:35] EXEC IGC_GensSave 'MeFace', 10, 14
[20:58:35] SQLSTATE: 42S02, Diagnosis: [Microsoft][ODBC SQL Server Driver][SQL Server]Invalid object name 'MonsterKillCount'.
[20:58:35] EXEC IGC_Monster_KillCount_Save 'G123', 789
[20:58:35] UPDATE Character SET Inventory=? WHERE Name='MeFace'
[20:58:35] SQLSTATE: 42S02, Diagnosis: [Microsoft][ODBC SQL Server Driver][SQL Server]Invalid object name 'MonsterKillCount'.
[20:58:35] EXEC IGC_Monster_KillCount_Save 'D123', 789
[20:58:35] SQLSTATE: 42S02, Diagnosis: [Microsoft][ODBC SQL Server Driver][SQL Server]Invalid object name 'MonsterKillCount'.
[20:58:35] EXEC IGC_Monster_KillCount_Save 'D123', 789
[20:58:35] SQLSTATE: 42S02, Diagnosis: [Microsoft][ODBC SQL Server Driver][SQL Server]Invalid object name 'MonsterKillCount'.
[20:58:35] DELETE FROM IGC_GensAbuse WHERE Name = 'MeFace'
[20:58:35] UPDATE T_Event_Inventory SET Inventory=? WHERE Name = 'MeFace'
[20:58:35] UPDATE Character SET MagicList=? WHERE Name='MeFace'
[20:58:35] EXEC IGC_EvolutionMonsterInfoSave 'meface', 'MeFace', -1, 0, 0, -1, 0, 0, -1, 0, 0, -1, 0, 0, -1, 0, 0, 0
[20:58:35] UPDATE Character SET Quest=? WHERE Name='MeFace'
[20:58:35] EXEC IGC_SetSaveRestoreInventory 'meface', 'MeFace', ?
[20:58:35] EXEC IGC_ClassQuest_MonsterKillSave 'MeFace', -1, -1, 0, -1, 0, -1, 0, -1, 0, -1, 0
[20:58:35] EXEC IGC_EventMapEnterCount_Set 'MeFace', 0, 0, 0, 0, 0, 0, 0
[20:58:35] UPDATE IGC_Muun_Inventory SET Items=? WHERE Name='MeFace'
[20:58:35] EXEC IGC_HuntingRecordInfoSave 'meface', 'MeFace', 117, 2024, 12, 27, 902, 6917, 356462799, 4498528, 0, 837, 5889960219, 5, 17810, 261, 354, 1, 0, 40121
[20:58:35] EXEC IGC_MuunConditionInfoSetSave 'MeFace', 0, 255, 0
[20:58:35] EXEC IGC_HuntingRecordInfoUserOpenSave 'meface', 'MeFace', 1
[20:58:35] EXEC IGC_MuunConditionInfoSetSave 'MeFace', 1, 255, 0
[20:58:35] EXEC IGC_MuunConditionInfoSetSave 'MeFace', 2, 255, 0
[20:58:35] DELETE FROM IGC_BlockChat WHERE Name = 'MeFace'
[20:58:35] EXEC IGC_ResetInfoSave 496, 0
[20:58:35] SELECT character_id FROM IGC_SeasonPass WHERE character_id = 496
[20:58:35] UPDATE IGC_SeasonPass SET pass_id = 1, pass_type = 0, pass_level = 4, pass_experience = 998, complete_mission = 7, today_exp = 158, mu_pass_reward = 3, gold_pass_reward = 0, premium_pass_reward = 0, last_login = 1735322315 WHERE character_id = 496
[20:58:35] SELECT character_id FROM IGC_SeasonPassTicket WHERE character_id = 496
[20:58:35] UPDATE IGC_SeasonPassTicket SET ticket_count = 0, special_point = 0 WHERE character_id = 496
[20:58:35] DELETE FROM IGC_SeasonPassMission WHERE character_id = 496
[20:58:35] INSERT INTO IGC_SeasonPassMission (character_id, mission_index, mission_type, current_step, current_amount) VALUES (496, 0, 0, 10, 2160)
[20:58:35] INSERT INTO IGC_SeasonPassMission (character_id, mission_index, mission_type, current_step, current_amount) VALUES (496, 1, 1, 4, 777)
[20:58:35] INSERT INTO IGC_SeasonPassMission (character_id, mission_index, mission_type, current_step, current_amount) VALUES (496, 2, 2, 5, 34543)
[20:58:35] INSERT INTO IGC_SeasonPassMission (character_id, mission_index, mission_type, current_step, current_amount) VALUES (496, 3, 3, 3, 15)
[20:58:35] INSERT INTO IGC_SeasonPassMission (character_id, mission_index, mission_type, current_step, current_amount) VALUES (496, 4, 4, 3, 6)
[20:58:35] INSERT INTO IGC_SeasonPassMission (character_id, mission_index, mission_type, current_step, current_amount) VALUES (496, 7, 7, 1, 5)
[20:58:35] INSERT INTO IGC_SeasonPassMission (character_id, mission_index, mission_type, current_step, current_amount) VALUES (496, 11, 11, 1, 1)
[20:58:35] INSERT INTO IGC_SeasonPassMission (character_id, mission_index, mission_type, current_step, current_amount) VALUES (496, 24, 24, 1, 1)
[20:58:35] UPDATE IGC_HuntPoint SET HuntPoint=2500,Monsters=0,Buffs='|0=12.5||1=12.5||2=12.5||3=12.5||4=12.5||5=12.5||6=12.5||7=12.5|',Inactive=0,Quest='|0=0.0||1=0.0||2=0.0||3=0.0||4=0.0||5=0.0||6=0.0||7=0.0|', WeekMonsters=0 WHERE Name = 'MeFace'
[20:58:35] UPDATE IGC_HuntPoint SET QuestState=? where Name='MeFace'
[20:58:35] EXEC IGC_Monster_KillCount_Save 'HongAnhGL', 730
[20:58:35] SQLSTATE: 42S02, Diagnosis: [Microsoft][ODBC SQL Server Driver][SQL Server]Invalid object name 'MonsterKillCount'.
[20:58:35] EXEC IGC_Monster_KillCount_Save 'HongAnhGL', 731
[20:58:35] SQLSTATE: 42S02, Diagnosis: [Microsoft][ODBC SQL Server Driver][SQL Server]Invalid object name 'MonsterKillCount'.
[20:58:36] EXEC IGC_Monster_KillCount_Save 'HongAnhGL', 732
[20:58:36] SQLSTATE: 42S02, Diagnosis: [Microsoft][ODBC SQL Server Driver][SQL Server]Invalid object name 'MonsterKillCount'.
[20:58:36] EXEC IGC_Monster_KillCount_Save 'Mrdka', 743
[20:58:36] SQLSTATE: 42S02, Diagnosis: [Microsoft][ODBC SQL Server Driver][SQL Server]Invalid object name 'MonsterKillCount'.
[20:58:36] EXEC IGC_Monster_KillCount_Save '7event', 20
[20:58:36] SQLSTATE: 42S02, Diagnosis: [Microsoft][ODBC SQL Server Driver][SQL Server]Invalid object name 'MonsterKillCount'.
[20:58:36] EXEC IGC_Monster_KillCount_Save 'RatLaVaiL', 40
[20:58:36] SQLSTATE: 42S02, Diagnosis: [Microsoft][ODBC SQL Server Driver][SQL Server]Invalid object name 'MonsterKillCount'.
[20:58:36] EXEC IGC_Monster_KillCount_Save 'refuseDL', 69
[20:58:36] SQLSTATE: 42S02, Diagnosis: [Microsoft][ODBC SQL Server Driver][SQL Server]Invalid object name 'MonsterKillCount'.
[20:58:36] EXEC IGC_Monster_KillCount_Save '101IK', 484
[20:58:36] SQLSTATE: 42S02, Diagnosis: [Microsoft][ODBC SQL Server Driver][SQL Server]Invalid object name 'MonsterKillCount'.
[20:58:36] EXEC IGC_Monster_KillCount_Save '101IK', 484
[20:58:36] SQLSTATE: 42S02, Diagnosis: [Microsoft][ODBC SQL Server Driver][SQL Server]Invalid object name 'MonsterKillCount'.
[20:58:36] EXEC IGC_Monster_KillCount_Save '3KunDun', 484
[20:58:36] SQLSTATE: 42S02, Diagnosis: [Microsoft][ODBC SQL Server Driver][SQL Server]Invalid object name 'MonsterKillCount'.
[20:58:36] EXEC IGC_Monster_KillCount_Save 'ArthurMD', 589
[20:58:36] SQLSTATE: 42S02, Diagnosis: [Microsoft][ODBC SQL Server Driver][SQL Server]Invalid object name 'MonsterKillCount'.
[20:58:36] EXEC IGC_Monster_KillCount_Save 'iskerka', 787
[20:58:36] SQLSTATE: 42S02, Diagnosis: [Microsoft][ODBC SQL Server Driver][SQL Server]Invalid object name 'MonsterKillCount'.
[20:58:36] EXEC IGC_Monster_KillCount_Save 'TDLove2', 570
[20:58:36] SQLSTATE: 42S02, Diagnosis: [Microsoft][ODBC SQL Server Driver][SQL Server]Invalid object name 'MonsterKillCount'.
[20:58:36] EXEC IGC_Monster_KillCount_Save 'TDLove2', 570
[20:58:36] SQLSTATE: 42S02, Diagnosis: [Microsoft][ODBC SQL Server Driver][SQL Server]Invalid object name 'MonsterKillCount'.
[20:58:36] EXEC IGC_Monster_KillCount_Save 'TDLove2', 570
[20:58:36] SQLSTATE: 42S02, Diagnosis: [Microsoft][ODBC SQL Server Driver][SQL Server]Invalid object name 'MonsterKillCount'.
[20:58:36] EXEC IGC_Monster_KillCount_Save 'TDLove2', 570
[20:58:36] SQLSTATE: 42S02, Diagnosis: [Microsoft][ODBC SQL Server Driver][SQL Server]Invalid object name 'MonsterKillCount'.
[20:58:36] EXEC IGC_Monster_KillCount_Save 'TDLove2', 570
[20:58:36] SQLSTATE: 42S02, Diagnosis: [Microsoft][ODBC SQL Server Driver][SQL Server]Invalid object name 'MonsterKillCount'.
[20:58:36] EXEC IGC_Monster_KillCount_Save 'Inoue', 575
[20:58:36] SQLSTATE: 42S02, Diagnosis: [Microsoft][ODBC SQL Server Driver][SQL Server]Invalid object name 'MonsterKillCount'.
[20:58:36] EXEC IGC_Monster_KillCount_Save 'TARRASQUE', 767
[20:58:36] SQLSTATE: 42S02, Diagnosis: [Microsoft][ODBC SQL Server Driver][SQL Server]Invalid object name 'MonsterKillCount'.
[20:58:36] EXEC IGC_Monster_KillCount_Save 'Lemberg', 767
[20:58:36] SQLSTATE: 42S02, Diagnosis: [Microsoft][ODBC SQL Server Driver][SQL Server]Invalid object name 'MonsterKillCount'.
[20:58:36] EXEC IGC_Monster_KillCount_Save 'ARJHOTV', 569
[20:58:36] SQLSTATE: 42S02, Diagnosis: [Microsoft][ODBC SQL Server Driver][SQL Server]Invalid object name 'MonsterKillCount'.
[20:58:36] EXEC IGC_Monster_KillCount_Save 'Cuuka', 768
[20:58:36] SQLSTATE: 42S02, Diagnosis: [Microsoft][ODBC SQL Server Driver][SQL Server]Invalid object name 'MonsterKillCount'.
[20:58:36] EXEC IGC_Monster_KillCount_Save 'Resnais', 768
[20:58:36] SQLSTATE: 42S02, Diagnosis: [Microsoft][ODBC SQL Server Driver][SQL Server]Invalid object name 'MonsterKillCount'.
[20:58:36] EXEC IGC_Monster_KillCount_Save 'Ruud', 358
[20:58:36] SQLSTATE: 42S02, Diagnosis: [Microsoft][ODBC SQL Server Driver][SQL Server]Invalid object name 'MonsterKillCount'.
[20:58:36] EXEC IGC_Monster_KillCount_Save '4Mage', 484
[20:58:36] SQLSTATE: 42S02, Diagnosis: [Microsoft][ODBC SQL Server Driver][SQL Server]Invalid object name 'MonsterKillCount'.
[20:58:36] EXEC IGC_Monster_KillCount_Save '3KunDun', 484
[20:58:36] SQLSTATE: 42S02, Diagnosis: [Microsoft][ODBC SQL Server Driver][SQL Server]Invalid object name 'MonsterKillCount'.
[20:58:36] EXEC IGC_Monster_KillCount_Save '100GL', 486
[20:58:36] SQLSTATE: 42S02, Diagnosis: [Microsoft][ODBC SQL Server Driver][SQL Server]Invalid object name 'MonsterKillCount'.
[20:58:36] EXEC IGC_Monster_KillCount_Save 'GL01', 770
[20:58:36] SQLSTATE: 42S02, Diagnosis: [Microsoft][ODBC SQL Server Driver][SQL Server]Invalid object name 'MonsterKillCount'.
[20:58:36] EXEC IGC_Monster_KillCount_Save 'Kiborg', 771
[20:58:36] SQLSTATE: 42S02, Diagnosis: [Microsoft][ODBC SQL Server Driver][SQL Server]Invalid object name 'MonsterKillCount'.
[20:58:36] EXEC IGC_Monster_KillCount_Save 'Insane', 772
[20:58:36] SQLSTATE: 42S02, Diagnosis: [Microsoft][ODBC SQL Server Driver][SQL Server]Invalid object name 'MonsterKillCount'.
[20:58:36] EXEC IGC_Monster_KillCount_Save 'xXxXx', 786
[20:58:36] SQLSTATE: 42S02, Diagnosis: [Microsoft][ODBC SQL Server Driver][SQL Server]Invalid object name 'MonsterKillCount'.
[20:58:36] EXEC IGC_Monster_KillCount_Save 'VNZzGLzZVN', 786
[20:58:36] SQLSTATE: 42S02, Diagnosis: [Microsoft][ODBC SQL Server Driver][SQL Server]Invalid object name 'MonsterKillCount'.
[20:58:36] EXEC IGC_Monster_KillCount_Save 'HaMyXinh', 786
[20:58:36] SQLSTATE: 42S02, Diagnosis: [Microsoft][ODBC SQL Server Driver][SQL Server]Invalid object name 'MonsterKillCount'.
[20:58:36] EXEC IGC_Monster_KillCount_Save 'luka', 787
[20:58:36] SQLSTATE: 42S02, Diagnosis: [Microsoft][ODBC SQL Server Driver][SQL Server]Invalid object name 'MonsterKillCount'.
[20:58:36] EXEC IGC_Monster_KillCount_Save 'luka', 787
[20:58:36] SQLSTATE: 42S02, Diagnosis: [Microsoft][ODBC SQL Server Driver][SQL Server]Invalid object name 'MonsterKillCount'.
[20:58:36] EXEC IGC_Monster_KillCount_Save 'GL06', 893
[20:58:36] SQLSTATE: 42S02, Diagnosis: [Microsoft][ODBC SQL Server Driver][SQL Server]Invalid object name 'MonsterKillCount'.
[20:58:37] EXEC IGC_Monster_KillCount_Save 'refuseAE', 454
[20:58:37] SQLSTATE: 42S02, Diagnosis: [Microsoft][ODBC SQL Server Driver][SQL Server]Invalid object name 'MonsterKillCount'.
[20:58:37] EXEC IGC_Monster_KillCount_Save 'isk7', 20
[20:58:37] SQLSTATE: 42S02, Diagnosis: [Microsoft][ODBC SQL Server Driver][SQL Server]Invalid object name 'MonsterKillCount'.
[20:58:37] EXEC IGC_Monster_KillCount_Save 'Lancer', 35
[20:58:37] SQLSTATE: 42S02, Diagnosis: [Microsoft][ODBC SQL Server Driver][SQL Server]Invalid object name 'MonsterKillCount'.
[20:58:37] EXEC IGC_Monster_KillCount_Save 'RatLaVaiL', 40
[20:58:37] SQLSTATE: 42S02, Diagnosis: [Microsoft][ODBC SQL Server Driver][SQL Server]Invalid object name 'MonsterKillCount'.
[20:58:37] EXEC IGC_Monster_KillCount_Save '2MeThienHa', 358
[20:58:37] SQLSTATE: 42S02, Diagnosis: [Microsoft][ODBC SQL Server Driver][SQL Server]Invalid object name 'MonsterKillCount'.
[20:58:37] EXEC IGC_Monster_KillCount_Save '2MeThienHa', 358
[20:58:37] SQLSTATE: 42S02, Diagnosis: [Microsoft][ODBC SQL Server Driver][SQL Server]Invalid object name 'MonsterKillCount'.
[20:58:37] EXEC IGC_Monster_KillCount_Save '2MeThienHa', 358
[20:58:37] SQLSTATE: 42S02, Diagnosis: [Microsoft][ODBC SQL Server Driver][SQL Server]Invalid object name 'MonsterKillCount'.
[20:58:37] EXEC IGC_Monster_KillCount_Save '2MeThienHa', 358
[20:58:37] SQLSTATE: 42S02, Diagnosis: [Microsoft][ODBC SQL Server Driver][SQL Server]Invalid object name 'MonsterKillCount'.
[20:58:37] EXEC IGC_Monster_KillCount_Save '4Mage', 484
[20:58:37] SQLSTATE: 42S02, Diagnosis: [Microsoft][ODBC SQL Server Driver][SQL Server]Invalid object name 'MonsterKillCount'.
[20:58:37] EXEC IGC_Monster_KillCount_Save 'H1deaki', 569
[20:58:37] SQLSTATE: 42S02, Diagnosis: [Microsoft][ODBC SQL Server Driver][SQL Server]Invalid object name 'MonsterKillCount'.
[20:58:37] EXEC IGC_Monster_KillCount_Save 'ArthurMD', 589
[20:58:37] SQLSTATE: 42S02, Diagnosis: [Microsoft][ODBC SQL Server Driver][SQL Server]Invalid object name 'MonsterKillCount'.
[20:58:37] EXEC IGC_Monster_KillCount_Save 'AstroX', 732
[20:58:37] SQLSTATE: 42S02, Diagnosis: [Microsoft][ODBC SQL Server Driver][SQL Server]Invalid object name 'MonsterKillCount'.
[20:58:37] EXEC IGC_Monster_KillCount_Save 'AutoBuff', 786
[20:58:37] SQLSTATE: 42S02, Diagnosis: [Microsoft][ODBC SQL Server Driver][SQL Server]Invalid object name 'MonsterKillCount'.
[20:58:37] EXEC IGC_Monster_KillCount_Save 'iskerka', 787
[20:58:37] SQLSTATE: 42S02, Diagnosis: [Microsoft][ODBC SQL Server Driver][SQL Server]Invalid object name 'MonsterKillCount'.
[20:58:37] EXEC IGC_Monster_KillCount_Save 'Kundun', 789
[20:58:37] SQLSTATE: 42S02, Diagnosis: [Microsoft][ODBC SQL Server Driver][SQL Server]Invalid object name 'MonsterKillCount'.
[20:58:37] SELECT Name FROM IGC_FavouriteWarpData WHERE Name = 'MissMD'
[20:58:37] UPDATE IGC_FavouriteWarpData SET WarpIndex_1 = -1, WarpMapNum_1 = -1, WarpIndex_2 = -1, WarpMapNum_2 = -1, WarpIndex_3 = -1, WarpMapNum_3 = -1, WarpIndex_4 = -1, WarpMapNum_4 = -1, WarpIndex_5 = -1, WarpMapNum_5 = -1 WHERE Name = 'MissMD'
[20:58:37] EXEC IGC_Monster_KillCount_Save 'Ruub', 358
[20:58:37] SQLSTATE: 42S02, Diagnosis: [Microsoft][ODBC SQL Server Driver][SQL Server]Invalid object name 'MonsterKillCount'.
[20:58:37] EXEC IGC_Monster_KillCount_Save 'ikacko', 487
[20:58:37] SQLSTATE: 42S02, Diagnosis: [Microsoft][ODBC SQL Server Driver][SQL Server]Invalid object name 'MonsterKillCount'.
[20:58:37] EXEC IGC_Monster_KillCount_Save 'TDLove3', 569
[20:58:37] SQLSTATE: 42S02, Diagnosis: [Microsoft][ODBC SQL Server Driver][SQL Server]Invalid object name 'MonsterKillCount'.
[20:58:37] EXEC IGC_Monster_KillCount_Save 'DTLove9', 573
[20:58:37] SQLSTATE: 42S02, Diagnosis: [Microsoft][ODBC SQL Server Driver][SQL Server]Invalid object name 'MonsterKillCount'.
[20:58:37] EXEC IGC_Monster_KillCount_Save 'Mrdka', 743
[20:58:37] SQLSTATE: 42S02, Diagnosis: [Microsoft][ODBC SQL Server Driver][SQL Server]Invalid object name 'MonsterKillCount'.
[20:58:37] EXEC IGC_Monster_KillCount_Save 'TARRASQUE', 767
[20:58:37] SQLSTATE: 42S02, Diagnosis: [Microsoft][ODBC SQL Server Driver][SQL Server]Invalid object name 'MonsterKillCount'.
[20:58:37] EXEC IGC_Monster_KillCount_Save 'zZElfHitZz', 770
[20:58:37] SQLSTATE: 42S02, Diagnosis: [Microsoft][ODBC SQL Server Driver][SQL Server]Invalid object name 'MonsterKillCount'.
[20:58:37] EXEC IGC_Monster_KillCount_Save 'Lysandra', 787
[20:58:37] SQLSTATE: 42S02, Diagnosis: [Microsoft][ODBC SQL Server Driver][SQL Server]Invalid object name 'MonsterKillCount'.
[20:58:37] EXEC IGC_GetPartyMatchingListJoinAble 894, 100, 0, 1, 6
[20:58:37] EXEC IGC_GetPartyMatchingListJoinAbleTotalCount 894, 100,0
[20:58:37] EXEC IGC_Monster_KillCount_Save 'ARJHOTV', 569
[20:58:37] SQLSTATE: 42S02, Diagnosis: [Microsoft][ODBC SQL Server Driver][SQL Server]Invalid object name 'MonsterKillCount'.
[20:58:37] EXEC IGC_Monster_KillCount_Save 'RatLaVaiL', 40
[20:58:37] SQLSTATE: 42S02, Diagnosis: [Microsoft][ODBC SQL Server Driver][SQL Server]Invalid object name 'MonsterKillCount'.
[20:58:37] EXEC IGC_Monster_KillCount_Save 'RatLaVaiL', 40
[20:58:37] SQLSTATE: 42S02, Diagnosis: [Microsoft][ODBC SQL Server Driver][SQL Server]Invalid object name 'MonsterKillCount'.
[20:58:37] EXEC IGC_Monster_KillCount_Save '2MeThienHa', 358
[20:58:37] SQLSTATE: 42S02, Diagnosis: [Microsoft][ODBC SQL Server Driver][SQL Server]Invalid object name 'MonsterKillCount'.
[20:58:37] EXEC IGC_Monster_KillCount_Save 'Ruud', 358
[20:58:37] SQLSTATE: 42S02, Diagnosis: [Microsoft][ODBC SQL Server Driver][SQL Server]Invalid object name 'MonsterKillCount'.
[20:58:37] EXEC IGC_Monster_KillCount_Save '3WindSoul', 445
[20:58:37] SQLSTATE: 42S02, Diagnosis: [Microsoft][ODBC SQL Server Driver][SQL Server]Invalid object name 'MonsterKillCount'.
[20:58:37] EXEC IGC_Monster_KillCount_Save 'isker', 449
[20:58:37] SQLSTATE: 42S02, Diagnosis: [Microsoft][ODBC SQL Server Driver][SQL Server]Invalid object name 'MonsterKillCount'.
[20:58:37] EXEC IGC_Monster_KillCount_Save '100GL', 486
[20:58:37] SQLSTATE: 42S02, Diagnosis: [Microsoft][ODBC SQL Server Driver][SQL Server]Invalid object name 'MonsterKillCount'.
[20:58:37] EXEC IGC_Monster_KillCount_Save '100GL', 486
[20:58:37] SQLSTATE: 42S02, Diagnosis: [Microsoft][ODBC SQL Server Driver][SQL Server]Invalid object name 'MonsterKillCount'.
[20:58:37] EXEC IGC_Monster_KillCount_Save 'Zlato4ka', 609
[20:58:37] SQLSTATE: 42S02, Diagnosis: [Microsoft][ODBC SQL Server Driver][SQL Server]Invalid object name 'MonsterKillCount'.
[20:58:37] EXEC IGC_Monster_KillCount_Save 'Barracuda', 714
[20:58:37] SQLSTATE: 42S02, Diagnosis: [Microsoft][ODBC SQL Server Driver][SQL Server]Invalid object name 'MonsterKillCount'.
[20:58:37] EXEC IGC_Monster_KillCount_Save 'The6', 730
[20:58:37] SQLSTATE: 42S02, Diagnosis: [Microsoft][ODBC SQL Server Driver][SQL Server]Invalid object name 'MonsterKillCount'.
[20:58:37] EXEC IGC_Monster_KillCount_Save 'ThayDayLy', 770
[20:58:37] SQLSTATE: 42S02, Diagnosis: [Microsoft][ODBC SQL Server Driver][SQL Server]Invalid object name 'MonsterKillCount'.
[20:58:37] EXEC IGC_Monster_KillCount_Save '5MAGUS', 770
[20:58:37] SQLSTATE: 42S02, Diagnosis: [Microsoft][ODBC SQL Server Driver][SQL Server]Invalid object name 'MonsterKillCount'.
[20:58:37] EXEC IGC_Monster_KillCount_Save 'AEshka', 771
[20:58:37] SQLSTATE: 42S02, Diagnosis: [Microsoft][ODBC SQL Server Driver][SQL Server]Invalid object name 'MonsterKillCount'.
[20:58:37] EXEC IGC_Monster_KillCount_Save 'ThayMocLop', 786
[20:58:37] SQLSTATE: 42S02, Diagnosis: [Microsoft][ODBC SQL Server Driver][SQL Server]Invalid object name 'MonsterKillCount'.
[20:58:37] EXEC IGC_Monster_KillCount_Save 'refuseMG', 311
[20:58:37] SQLSTATE: 42S02, Diagnosis: [Microsoft][ODBC SQL Server Driver][SQL Server]Invalid object name 'MonsterKillCount'.
[20:58:37] UPDATE Character SET cLevel=400, mLevel=400, Class=114,LevelUpPoint=0, mlPoint=57, Experience=3833069110, mlExperience=0, mlNextExp=19024359459, Strength=600, Dexterity=2323, Vitality=25, Energy=24, Money=192634186, Life=4996.000000, MaxLife=1774.000000, Mana=3256.000000, MaxMana=839.000000, MapNumber=80, MapPosX=172, MapPosY=150, MapDir=0, PkCount=0, PkLevel=3, PkTime=0, Leadership=0, ChatLimitTime=0, RESETS = 0, Married = 0, MarryName = '', WinDuels=0, LoseDuels=0, BlockChatTime=0, PenaltyMask=0, Ruud=15, OpenHuntingLog=112, StatGP=0, StatCoin=0, i4thSkillPoint=0, AddStrength=0, AddDexterity=0, AddVitality=0, AddEnergy=0, FruitAddPoint=0, FruitDecPoint=0, GrandResets=0, MonStat=0, Age=0, CJL=0, SIC=0, WingCoreType=255, WingCoreLevel=255, GiantMountType=0, GiantMountWear=0, AddLeadership=0 WHERE Name = 'DTLove10'
[20:58:37] UPDATE T_Event_Inventory SET Inventory=? WHERE Name = 'DTLove10'
[20:58:37] UPDATE Character SET Inventory=? WHERE Name='DTLove10'
[20:58:37] EXEC IGC_EvolutionMonsterInfoSave 'tuduan10', 'DTLove10', -1, 0, 0, -1, 0, 0, -1, 0, 0, -1, 0, 0, -1, 0, 0, 0
[20:58:37] UPDATE Character SET MagicList=? WHERE Name='DTLove10'
[20:58:37] EXEC IGC_SetSaveRestoreInventory 'tuduan10', 'DTLove10', ?
[20:58:37] UPDATE Character SET Quest=? WHERE Name='DTLove10'
[20:58:37] EXEC IGC_ClassQuest_MonsterKillSave 'DTLove10', -1, -1, 0, -1, 0, -1, 0, -1, 0, -1, 0
[20:58:38] UPDATE IGC_Muun_Inventory SET Items=? WHERE Name='DTLove10'
[20:58:38] EXEC IGC_EventMapEnterCount_Set 'DTLove10', 0, 0, 0, 0, 0, 0, 0
[20:58:38] EXEC IGC_MuunConditionInfoSetSave 'DTLove10', 0, 255, 0
[20:58:38] EXEC IGC_HuntingRecordInfoSave 'tuduan10', 'DTLove10', 80, 2024, 12, 27, 800, 19936, 368734559, 9302458, 0, 6651, 0, 7, 33258, 3090, 766, 399, 0, 0
[20:58:38] EXEC IGC_MuunConditionInfoSetSave 'DTLove10', 1, 255, 0
[20:58:38] EXEC IGC_HuntingRecordInfoUserOpenSave 'tuduan10', 'DTLove10', 1
[20:58:38] EXEC IGC_MuunConditionInfoSetSave 'DTLove10', 2, 255, 0
[20:58:38] DELETE FROM IGC_BlockChat WHERE Name = 'DTLove10'
[20:58:38] EXEC IGC_ResetInfoSave 1178, 0
[20:58:38] SELECT * FROM AccountCharacter WHERE Id='duantu11'
[20:58:38] UPDATE AccountCharacter SET GameID1='HolySheet' WHERE Id='duantu11'
[20:58:38] UPDATE AccountCharacter SET GameID2='rwrwefdf' WHERE Id='duantu11'
[20:58:38] SELECT character_id FROM IGC_SeasonPass WHERE character_id = 1178
[20:58:38] UPDATE IGC_SeasonPass SET pass_id = 1, pass_type = 0, pass_level = 2, pass_experience = 524, complete_mission = 6, today_exp = 181, mu_pass_reward = 0, gold_pass_reward = 0, premium_pass_reward = 0, last_login = 1735322317 WHERE character_id = 1178
[20:58:38] SELECT character_id FROM IGC_SeasonPassTicket WHERE character_id = 1178
[20:58:38] UPDATE IGC_SeasonPassTicket SET ticket_count = 0, special_point = 0 WHERE character_id = 1178
[20:58:38] DELETE FROM IGC_SeasonPassMission WHERE character_id = 1178
[20:58:38] INSERT INTO IGC_SeasonPassMission (character_id, mission_index, mission_type, current_step, current_amount) VALUES (1178, 0, 0, 10, 2160)
[20:58:38] INSERT INTO IGC_SeasonPassMission (character_id, mission_index, mission_type, current_step, current_amount) VALUES (1178, 1, 1, 7, 1700)
[20:58:38] INSERT INTO IGC_SeasonPassMission (character_id, mission_index, mission_type, current_step, current_amount) VALUES (1178, 2, 2, 5, 34475)
[20:58:38] INSERT INTO IGC_SeasonPassMission (character_id, mission_index, mission_type, current_step, current_amount) VALUES (1178, 3, 3, 2, 1)
[20:58:38] INSERT INTO IGC_SeasonPassMission (character_id, mission_index, mission_type, current_step, current_amount) VALUES (1178, 4, 4, 3, 6)
[20:58:38] INSERT INTO IGC_SeasonPassMission (character_id, mission_index, mission_type, current_step, current_amount) VALUES (1178, 7, 7, 1, 5)
[20:58:38] INSERT INTO IGC_SeasonPassMission (character_id, mission_index, mission_type, current_step, current_amount) VALUES (1178, 24, 24, 1, 1)
[20:58:38] UPDATE IGC_HuntPoint SET HuntPoint=2500,Monsters=0,Buffs='|0=12.5||1=12.5||2=12.5||3=12.5||4=12.5||5=12.5||6=12.5||7=12.5|',Inactive=0,Quest='|0=0.0||1=0.0||2=0.0||3=0.0||4=0.0||5=0.0||6=0.0||7=0.0|', WeekMonsters=0 WHERE Name = 'DTLove10'
[20:58:38] UPDATE IGC_HuntPoint SET QuestState=? where Name='DTLove10'
[20:58:38] EXEC IGC_Monster_KillCount_Save 'TDLove3', 569
[20:58:38] SQLSTATE: 42S02, Diagnosis: [Microsoft][ODBC SQL Server Driver][SQL Server]Invalid object name 'MonsterKillCount'.
[20:58:38] EXEC IGC_Monster_KillCount_Save 'refuseAE', 454
[20:58:38] SQLSTATE: 42S02, Diagnosis: [Microsoft][ODBC SQL Server Driver][SQL Server]Invalid object name 'MonsterKillCount'.
[20:58:38] EXEC IGC_Monster_KillCount_Save 'Mace', 456
[20:58:38] SQLSTATE: 42S02, Diagnosis: [Microsoft][ODBC SQL Server Driver][SQL Server]Invalid object name 'MonsterKillCount'.
[20:58:38] EXEC IGC_Monster_KillCount_Save '8HAPPIER', 45
[20:58:38] SQLSTATE: 42S02, Diagnosis: [Microsoft][ODBC SQL Server Driver][SQL Server]Invalid object name 'MonsterKillCount'.
[20:58:38] EXEC IGC_Monster_KillCount_Save 'refuseDL', 69
[20:58:38] SQLSTATE: 42S02, Diagnosis: [Microsoft][ODBC SQL Server Driver][SQL Server]Invalid object name 'MonsterKillCount'.
[20:58:38] EXEC IGC_Monster_KillCount_Save '05IK', 484
[20:58:38] SQLSTATE: 42S02, Diagnosis: [Microsoft][ODBC SQL Server Driver][SQL Server]Invalid object name 'MonsterKillCount'.
[20:58:38] EXEC IGC_Monster_KillCount_Save '05IK', 484
[20:58:38] SQLSTATE: 42S02, Diagnosis: [Microsoft][ODBC SQL Server Driver][SQL Server]Invalid object name 'MonsterKillCount'.
[20:58:38] EXEC IGC_Monster_KillCount_Save '05IK', 484
[20:58:38] SQLSTATE: 42S02, Diagnosis: [Microsoft][ODBC SQL Server Driver][SQL Server]Invalid object name 'MonsterKillCount'.
[20:58:38] EXEC IGC_Monster_KillCount_Save '05IK', 484
[20:58:38] SQLSTATE: 42S02, Diagnosis: [Microsoft][ODBC SQL Server Driver][SQL Server]Invalid object name 'MonsterKillCount'.
[20:58:38] EXEC IGC_Monster_KillCount_Save '05IK', 484
[20:58:38] SQLSTATE: 42S02, Diagnosis: [Microsoft][ODBC SQL Server Driver][SQL Server]Invalid object name 'MonsterKillCount'.
[20:58:38] EXEC IGC_Monster_KillCount_Save '4Mage', 484
[20:58:38] SQLSTATE: 42S02, Diagnosis: [Microsoft][ODBC SQL Server Driver][SQL Server]Invalid object name 'MonsterKillCount'.
[20:58:38] EXEC IGC_Monster_KillCount_Save 'The6', 730
[20:58:38] SQLSTATE: 42S02, Diagnosis: [Microsoft][ODBC SQL Server Driver][SQL Server]Invalid object name 'MonsterKillCount'.
[20:58:38] EXEC IGC_Monster_KillCount_Save 'The6', 730
[20:58:38] SQLSTATE: 42S02, Diagnosis: [Microsoft][ODBC SQL Server Driver][SQL Server]Invalid object name 'MonsterKillCount'.
[20:58:38] EXEC IGC_Monster_KillCount_Save 'ThayDayLy', 770
[20:58:38] SQLSTATE: 42S02, Diagnosis: [Microsoft][ODBC SQL Server Driver][SQL Server]Invalid object name 'MonsterKillCount'.
[20:58:38] EXEC IGC_Monster_KillCount_Save 'Buff666', 768
[20:58:38] SQLSTATE: 42S02, Diagnosis: [Microsoft][ODBC SQL Server Driver][SQL Server]Invalid object name 'MonsterKillCount'.
[20:58:38] EXEC IGC_Monster_KillCount_Save 'Elvis', 789
[20:58:38] SQLSTATE: 42S02, Diagnosis: [Microsoft][ODBC SQL Server Driver][SQL Server]Invalid object name 'MonsterKillCount'.
[20:58:38] EXEC IGC_Monster_KillCount_Save 'G123', 789
[20:58:38] SQLSTATE: 42S02, Diagnosis: [Microsoft][ODBC SQL Server Driver][SQL Server]Invalid object name 'MonsterKillCount'.
[20:58:38] EXEC IGC_Monster_KillCount_Save 'refuseLem', 310
[20:58:38] SQLSTATE: 42S02, Diagnosis: [Microsoft][ODBC SQL Server Driver][SQL Server]Invalid object name 'MonsterKillCount'.
[20:58:38] EXEC IGC_Monster_KillCount_Save 'DTLove10', 569
[20:58:38] SQLSTATE: 42S02, Diagnosis: [Microsoft][ODBC SQL Server Driver][SQL Server]Invalid object name 'MonsterKillCount'.
[20:58:38] EXEC IGC_Monster_KillCount_Save 'TDLove3', 569
[20:58:38] SQLSTATE: 42S02, Diagnosis: [Microsoft][ODBC SQL Server Driver][SQL Server]Invalid object name 'MonsterKillCount'.
[20:58:38] EXEC IGC_Monster_KillCount_Save 'TDLove3', 569
[20:58:38] SQLSTATE: 42S02, Diagnosis: [Microsoft][ODBC SQL Server Driver][SQL Server]Invalid object name 'MonsterKillCount'.
[20:58:38] EXEC IGC_Monster_KillCount_Save 'TDLove3', 569
[20:58:38] SQLSTATE: 42S02, Diagnosis: [Microsoft][ODBC SQL Server Driver][SQL Server]Invalid object name 'MonsterKillCount'.
[20:58:38] EXEC IGC_Monster_KillCount_Save 'Mrdka', 743
[20:58:38] SQLSTATE: 42S02, Diagnosis: [Microsoft][ODBC SQL Server Driver][SQL Server]Invalid object name 'MonsterKillCount'.
[20:58:38] EXEC IGC_Monster_KillCount_Save 'SacreD', 772
[20:58:38] SQLSTATE: 42S02, Diagnosis: [Microsoft][ODBC SQL Server Driver][SQL Server]Invalid object name 'MonsterKillCount'.
[20:58:38] EXEC IGC_Monster_KillCount_Save 'SacreD', 772
[20:58:38] SQLSTATE: 42S02, Diagnosis: [Microsoft][ODBC SQL Server Driver][SQL Server]Invalid object name 'MonsterKillCount'.
[20:58:38] EXEC IGC_Monster_KillCount_Save 'SacreD', 772
[20:58:38] SQLSTATE: 42S02, Diagnosis: [Microsoft][ODBC SQL Server Driver][SQL Server]Invalid object name 'MonsterKillCount'.
[20:58:38] SELECT * FROM AccountCharacter WHERE Id = 'duantu11'
[20:58:38] SELECT WarehouseExpansion FROM AccountCharacter WHERE Id = 'duantu11'
[20:58:38] SELECT id, cLevel, mLevel, Class, LevelUpPoint, mlPoint, Experience, mlExperience, mlNextExp, Strength, Dexterity, Vitality, Energy, Money, Life, MaxLife, Mana, MaxMana, MapNumber, MapPosX, MapPosY, MapDir, PkCount, PkLevel, PkTime, CtlCode, Leadership, ChatLimitTime, RESETS, Married, MarryName, InventoryExpansion, WinDuels, LoseDuels, BlockChatTime, PenaltyMask, Ruud, OpenHuntingLog, StatCoin, StatGP, i4thSkillPoint, AddStrength, AddDexterity, AddVitality, AddEnergy, FruitAddPoint, FruitDecPoint, GrandResets, MonStat, PCR, LVLB, Age, CJL, SIC, WingCoreType, WingCoreLevel, GiantMountType, GiantMountWear, AddLeadership FROM Character WHERE Name = 'HolySheet' AND AccountID = 'duantu11'
[20:58:38] SELECT Inventory from Character where Name='HolySheet'
[20:58:38] SELECT MagicList from Character where Name='HolySheet'
[20:58:38] SELECT Quest from Character where Name='HolySheet'
[20:58:38] SELECT AuthorityMask, DATEDIFF(DAY, GETDATE(), Expiry) AS ExpirationTime FROM T_GMSystem WHERE Name='HolySheet'
[20:58:38] UPDATE AccountCharacter SET GameIDC='HolySheet' WHERE Id='duantu11'
[20:58:38] EXEC IGC_StatsSystemLoad 'HolySheet'
[20:58:38] SELECT * FROM OptionData WHERE Name='HolySheet'
[20:58:38] SELECT SkillKey from OptionData where Name='HolySheet'
[20:58:38] SELECT * FROM IGC_Muun_Inventory WHERE Name= 'HolySheet'
[20:58:38] SELECT WCoin, GoblinPoint FROM T_InGameShop_Point WHERE AccountID = 'duantu11'
[20:58:38] SELECT GUID, MemoTotal FROM T_FriendMain where Name = 'HolySheet'
[20:58:38] SELECT Items from IGC_Muun_Inventory WHERE Name= 'HolySheet'
[20:58:38] SELECT FriendGuid, FriendName, Del FROM T_FriendList where GUID = 1151
[20:58:38] EXEC IGC_PartyMatchingInfoLoad 'HolySheet'
[20:58:38] SELECT FriendName FROM T_WaitFriend where GUID=1151
[20:58:38] EXEC IGC_GetGuildMatchingAcceptNRejectInfo 'HolySheet'
[20:58:38] EXEC IGC_MuunPeriodSelect 'HolySheet'
[20:58:38] EXEC IGC_SetSelectMuRummy 'duantu11', 'HolySheet'
[20:58:38] EXEC IGC_LoadGuideQuestInfo 1293
[20:58:38] EXEC IGC_ConnectPartyMember 'HolySheet', 'HolySheet', 8, 1735322318
[20:58:38] EXEC IGC_GensLoad 'HolySheet'
[20:58:38] SELECT MemoIndex, FriendName, wDate, Subject, bRead FROM T_FriendMail where GUID=1151
[20:58:38] EXEC IGC_MonsterSoulPurchasesSelect 'HolySheet'
[20:58:38] EXEC IGC_LoadMuQuestInfo 1293
[20:58:38] EXEC IGC_ClassQuest_MonsterKillLoad 'HolySheet'
[20:58:38] EXEC IGC_GensAbuseLoad 'HolySheet'
[20:58:38] EXEC IGC_MonsterSoulConverterSelect 'HolySheet'
[20:58:38] SELECT * FROM IGC_ArtifactInfo WHERE Name = 'HolySheet'
[20:58:38] SELECT * FROM T_Event_Inventory WHERE Name = 'HolySheet'
[20:58:38] SELECT Inventory FROM T_Event_Inventory WHERE Name = 'HolySheet'
[20:58:38] SELECT MuHelperData FROM Character WHERE AccountID = 'duantu11' AND Name = 'HolySheet'
[20:58:38] EXEC IGC_PeriodItemExpiredItemSelectEx 1004, 'HolySheet'
[20:58:38] EXEC IGC_Labyrinth_LoadUserInfo 'duantu11', 'HolySheet'
[20:58:38] SELECT MuHelperPlusData FROM Character WHERE AccountID = 'duantu11' AND Name = 'HolySheet'
[20:58:38] EXEC IGC_PeriodItemSelectEx 1004, 'HolySheet'
[20:58:38] EXEC IGC_MuunConditionInfoGetLoad 'HolySheet'
[20:58:38] SELECT old_name, new_name FROM IGC_PersonalStore_ChangeName WHERE character_id = 1293
[20:58:38] EXEC IGC_LuckyItemSelect 'HolySheet'
[20:58:38] SELECT G_Name, G_Level, G_Status FROM GuildMember WHERE Name='HolySheet'
[20:58:38] EXEC IGC_PeriodBuffSelect 'HolySheet'
[20:58:38] EXEC IGC_PentagramInfoSelect 1004, 'duantu11', 'HolySheet', 0
[20:58:38] EXEC IGC_PentagramInfoSelect 1004, 'duantu11', 'HolySheet', 1
[20:58:38] EXEC IGC_HuntingRecordInfoUserOpenLoad 'duantu11', 'HolySheet'
[20:58:38] EXEC IGC_MineSystem_Select_UPTUserInfo 'HolySheet'
[20:58:38] EXEC IGC_GremoryCaseChkLimitedCnt 'duantu11', 'HolySheet', 1
[20:58:38] EXEC IGC_GremoryCaseChkLimitedCnt 'duantu11', 'HolySheet', 2
[20:58:38] EXEC IGC_GremoryCaseChkLimitedCnt 'duantu11', 'HolySheet', 4
[20:58:38] EXEC IGC_GremoryCaseSelect 'duantu11', 'HolySheet', 1
[20:58:38] EXEC IGC_GremoryCaseSelect 'duantu11', 'HolySheet', 2
[20:58:38] EXEC IGC_GremoryCaseSelect 'duantu11', 'HolySheet', 4
[20:58:38] EXEC IGC_BattleCore_AccountUserInfoSelect 'duantu11', 'HolySheet', 0, 0
[20:58:38] EXEC IGC_GetLoadRestoreInventory 'duantu11', 'HolySheet'
[20:58:38] EXEC IGC_EventMapEnterCount_Get 'HolySheet'
[20:58:38] EXEC IGC_EvolutionMonsterInfoLoad 'duantu11', 'HolySheet'
[20:58:38] SELECT pass_id, pass_type, pass_level, pass_experience, complete_mission, today_exp, mu_pass_reward, gold_pass_reward, premium_pass_reward, last_login FROM IGC_SeasonPass WHERE character_id = 1293
[20:58:38] SELECT ticket_count, special_point FROM IGC_SeasonPassTicket WHERE character_id = 1293
[20:58:38] EXEC IGC_WingCoreInfoSelect 1004, 'duantu11', 'HolySheet', 0
[20:58:38] EXEC IGC_WingCoreInfoSelect 1004, 'duantu11', 'HolySheet', 1
[20:58:38] SELECT ItemCode, ItemSerial, ItemLevel, OptionIndex, AddOptionIndex, ItemCount, Pos FROM IGC_AbilityCardInfo WHERE Name = 'HolySheet'
[20:58:38] SELECT BlockedName FROM IGC_BlockChat WHERE Name = 'HolySheet'
[20:58:38] SELECT * FROM IGC_FavouriteWarpData WHERE Name = 'HolySheet'
[20:58:38] SELECT [Name], [HuntPoint], [Monsters], [Buffs], [Inactive], [Quest], [WeekMonsters] FROM [IGC_HuntPoint] WHERE Name = 'HolySheet'
[20:58:38] SELECT QuestState from IGC_HuntPoint where Name='HolySheet'
[20:58:38] EXEC IGC_ResetInfoLoad 1293
[20:58:38] EXEC IGC_CharacterItemDropLoad 1293
[20:58:38] EXEC IGC_GremoryCaseSelect 'duantu11', 'HolySheet', 4
[20:58:38] SELECT mission_index, mission_type, current_step, current_amount FROM IGC_SeasonPassMission WHERE character_id = 1293 ORDER BY mission_index
[20:58:38] EXEC IGC_Monster_KillCount_Save 'refuseDL', 69
[20:58:38] SQLSTATE: 42S02, Diagnosis: [Microsoft][ODBC SQL Server Driver][SQL Server]Invalid object name 'MonsterKillCount'.
[20:58:38] EXEC IGC_Monster_KillCount_Save 'TOP1FARMJW', 351
[20:58:38] SQLSTATE: 42S02, Diagnosis: [Microsoft][ODBC SQL Server Driver][SQL Server]Invalid object name 'MonsterKillCount'.
[20:58:38] EXEC IGC_Monster_KillCount_Save 'Ruud', 358
[20:58:38] SQLSTATE: 42S02, Diagnosis: [Microsoft][ODBC SQL Server Driver][SQL Server]Invalid object name 'MonsterKillCount'.
[20:58:38] EXEC IGC_Monster_KillCount_Save 'Duud', 444
[20:58:38] SQLSTATE: 42S02, Diagnosis: [Microsoft][ODBC SQL Server Driver][SQL Server]Invalid object name 'MonsterKillCount'.
[20:58:38] EXEC IGC_Monster_KillCount_Save '4Mage', 484
[20:58:38] SQLSTATE: 42S02, Diagnosis: [Microsoft][ODBC SQL Server Driver][SQL Server]Invalid object name 'MonsterKillCount'.
[20:58:38] EXEC IGC_Monster_KillCount_Save 'Summmer', 570
[20:58:38] SQLSTATE: 42S02, Diagnosis: [Microsoft][ODBC SQL Server Driver][SQL Server]Invalid object name 'MonsterKillCount'.
[20:58:38] EXEC IGC_Monster_KillCount_Save 'Tarabas', 586
[20:58:38] SQLSTATE: 42S02, Diagnosis: [Microsoft][ODBC SQL Server Driver][SQL Server]Invalid object name 'MonsterKillCount'.
[20:58:38] EXEC IGC_Monster_KillCount_Save 'MisterMD', 608
[20:58:38] SQLSTATE: 42S02, Diagnosis: [Microsoft][ODBC SQL Server Driver][SQL Server]Invalid object name 'MonsterKillCount'.
[20:58:38] EXEC IGC_Monster_KillCount_Save 'CoDaySinh', 767
[20:58:38] SQLSTATE: 42S02, Diagnosis: [Microsoft][ODBC SQL Server Driver][SQL Server]Invalid object name 'MonsterKillCount'.
[20:58:38] EXEC IGC_Monster_KillCount_Save 'Resnis', 768
[20:58:38] SQLSTATE: 42S02, Diagnosis: [Microsoft][ODBC SQL Server Driver][SQL Server]Invalid object name 'MonsterKillCount'.
[20:58:38] EXEC IGC_Monster_KillCount_Save 'Buff666', 768
[20:58:38] SQLSTATE: 42S02, Diagnosis: [Microsoft][ODBC SQL Server Driver][SQL Server]Invalid object name 'MonsterKillCount'.
[20:58:38] EXEC IGC_Monster_KillCount_Save 'Insane', 772
[20:58:38] SQLSTATE: 42S02, Diagnosis: [Microsoft][ODBC SQL Server Driver][SQL Server]Invalid object name 'MonsterKillCount'.
[20:58:38] EXEC IGC_Monster_KillCount_Save 'Insane', 772
[20:58:38] SQLSTATE: 42S02, Diagnosis: [Microsoft][ODBC SQL Server Driver][SQL Server]Invalid object name 'MonsterKillCount'.
[20:58:38] EXEC IGC_Monster_KillCount_Save 'AutoBuff', 786
[20:58:38] SQLSTATE: 42S02, Diagnosis: [Microsoft][ODBC SQL Server Driver][SQL Server]Invalid object name 'MonsterKillCount'.
[20:58:38] EXEC IGC_Monster_KillCount_Save 'lili', 787
[20:58:38] SQLSTATE: 42S02, Diagnosis: [Microsoft][ODBC SQL Server Driver][SQL Server]Invalid object name 'MonsterKillCount'.
[20:58:38] EXEC IGC_Monster_KillCount_Save 'AoVL', 455
[20:58:38] SQLSTATE: 42S02, Diagnosis: [Microsoft][ODBC SQL Server Driver][SQL Server]Invalid object name 'MonsterKillCount'.
[20:58:38] EXEC IGC_Monster_KillCount_Save 'HongAnhGL', 730
[20:58:38] SQLSTATE: 42S02, Diagnosis: [Microsoft][ODBC SQL Server Driver][SQL Server]Invalid object name 'MonsterKillCount'.
[20:58:39] EXEC IGC_Monster_KillCount_Save 'BabyFace', 768
[20:58:39] SQLSTATE: 42S02, Diagnosis: [Microsoft][ODBC SQL Server Driver][SQL Server]Invalid object name 'MonsterKillCount'.
[20:58:39] EXEC IGC_Monster_KillCount_Save 'isk6', 20
[20:58:39] SQLSTATE: 42S02, Diagnosis: [Microsoft][ODBC SQL Server Driver][SQL Server]Invalid object name 'MonsterKillCount'.
[20:58:39] EXEC IGC_Monster_KillCount_Save '9PORSCHE', 45
[20:58:39] SQLSTATE: 42S02, Diagnosis: [Microsoft][ODBC SQL Server Driver][SQL Server]Invalid object name 'MonsterKillCount'.
[20:58:39] EXEC IGC_Monster_KillCount_Save 'The6', 731
[20:58:39] SQLSTATE: 42S02, Diagnosis: [Microsoft][ODBC SQL Server Driver][SQL Server]Invalid object name 'MonsterKillCount'.
[20:58:39] EXEC IGC_Monster_KillCount_Save 'Kavalski', 771
[20:58:39] SQLSTATE: 42S02, Diagnosis: [Microsoft][ODBC SQL Server Driver][SQL Server]Invalid object name 'MonsterKillCount'.
[20:58:39] EXEC IGC_Monster_KillCount_Save 'AAAA', 772
[20:58:39] SQLSTATE: 42S02, Diagnosis: [Microsoft][ODBC SQL Server Driver][SQL Server]Invalid object name 'MonsterKillCount'.
[20:58:39] EXEC IGC_Monster_KillCount_Save 'iskerka', 787
[20:58:39] SQLSTATE: 42S02, Diagnosis: [Microsoft][ODBC SQL Server Driver][SQL Server]Invalid object name 'MonsterKillCount'.
[20:58:39] EXEC IGC_Monster_KillCount_Save 'refuseLem', 310
[20:58:39] SQLSTATE: 42S02, Diagnosis: [Microsoft][ODBC SQL Server Driver][SQL Server]Invalid object name 'MonsterKillCount'.
[20:58:39] EXEC IGC_Monster_KillCount_Save 'HongAnhSL', 70
[20:58:39] SQLSTATE: 42S02, Diagnosis: [Microsoft][ODBC SQL Server Driver][SQL Server]Invalid object name 'MonsterKillCount'.
[20:58:39] EXEC IGC_Monster_KillCount_Save 'Ruub', 358
[20:58:39] SQLSTATE: 42S02, Diagnosis: [Microsoft][ODBC SQL Server Driver][SQL Server]Invalid object name 'MonsterKillCount'.
[20:58:39] EXEC IGC_Monster_KillCount_Save 'DTLove9', 573
[20:58:39] SQLSTATE: 42S02, Diagnosis: [Microsoft][ODBC SQL Server Driver][SQL Server]Invalid object name 'MonsterKillCount'.
[20:58:39] EXEC IGC_Monster_KillCount_Save 'DarkIK', 770
[20:58:39] SQLSTATE: 42S02, Diagnosis: [Microsoft][ODBC SQL Server Driver][SQL Server]Invalid object name 'MonsterKillCount'.
[20:58:39] EXEC IGC_Monster_KillCount_Save 'Resnais', 768
[20:58:39] SQLSTATE: 42S02, Diagnosis: [Microsoft][ODBC SQL Server Driver][SQL Server]Invalid object name 'MonsterKillCount'.
[20:58:39] EXEC IGC_Monster_KillCount_Save '7event', 20
[20:58:39] SQLSTATE: 42S02, Diagnosis: [Microsoft][ODBC SQL Server Driver][SQL Server]Invalid object name 'MonsterKillCount'.
[20:58:39] EXEC IGC_Monster_KillCount_Save 'Duud', 444
[20:58:39] SQLSTATE: 42S02, Diagnosis: [Microsoft][ODBC SQL Server Driver][SQL Server]Invalid object name 'MonsterKillCount'.
[20:58:39] EXEC IGC_Monster_KillCount_Save 'Hocok', 446
[20:58:39] SQLSTATE: 42S02, Diagnosis: [Microsoft][ODBC SQL Server Driver][SQL Server]Invalid object name 'MonsterKillCount'.
[20:58:39] EXEC IGC_Monster_KillCount_Save 'Hocok', 446
[20:58:39] SQLSTATE: 42S02, Diagnosis: [Microsoft][ODBC SQL Server Driver][SQL Server]Invalid object name 'MonsterKillCount'.
[20:58:39] EXEC IGC_Monster_KillCount_Save 'The7', 732
[20:58:39] SQLSTATE: 42S02, Diagnosis: [Microsoft][ODBC SQL Server Driver][SQL Server]Invalid object name 'MonsterKillCount'.
[20:58:39] EXEC IGC_Monster_KillCount_Save 'The6', 736
[20:58:39] SQLSTATE: 42S02, Diagnosis: [Microsoft][ODBC SQL Server Driver][SQL Server]Invalid object name 'MonsterKillCount'.
[20:58:39] EXEC IGC_Monster_KillCount_Save 'CoDaySinh', 767
[20:58:39] SQLSTATE: 42S02, Diagnosis: [Microsoft][ODBC SQL Server Driver][SQL Server]Invalid object name 'MonsterKillCount'.
[20:58:39] EXEC IGC_Monster_KillCount_Save 'DTLove9', 569
[20:58:39] SQLSTATE: 42S02, Diagnosis: [Microsoft][ODBC SQL Server Driver][SQL Server]Invalid object name 'MonsterKillCount'.
[20:58:40] EXEC IGC_Monster_KillCount_Save 'DarkIK', 770
[20:58:40] SQLSTATE: 42S02, Diagnosis: [Microsoft][ODBC SQL Server Driver][SQL Server]Invalid object name 'MonsterKillCount'.
[20:58:40] EXEC IGC_Monster_KillCount_Save 'DarkIK', 770
[20:58:40] SQLSTATE: 42S02, Diagnosis: [Microsoft][ODBC SQL Server Driver][SQL Server]Invalid object name 'MonsterKillCount'.
[20:58:40] EXEC IGC_Monster_KillCount_Save 'isk7', 20
[20:58:40] SQLSTATE: 42S02, Diagnosis: [Microsoft][ODBC SQL Server Driver][SQL Server]Invalid object name 'MonsterKillCount'.
[20:58:40] EXEC IGC_Monster_KillCount_Save '8HAPPIER', 45
[20:58:40] SQLSTATE: 42S02, Diagnosis: [Microsoft][ODBC SQL Server Driver][SQL Server]Invalid object name 'MonsterKillCount'.
[20:58:40] EXEC IGC_Monster_KillCount_Save '9PORSCHE', 45
[20:58:40] SQLSTATE: 42S02, Diagnosis: [Microsoft][ODBC SQL Server Driver][SQL Server]Invalid object name 'MonsterKillCount'.
[20:58:40] EXEC IGC_Monster_KillCount_Save '9PORSCHE', 45
[20:58:40] SQLSTATE: 42S02, Diagnosis: [Microsoft][ODBC SQL Server Driver][SQL Server]Invalid object name 'MonsterKillCount'.
[20:58:40] EXEC IGC_Monster_KillCount_Save 'TOP1FARMJW', 351
[20:58:40] SQLSTATE: 42S02, Diagnosis: [Microsoft][ODBC SQL Server Driver][SQL Server]Invalid object name 'MonsterKillCount'.
[20:58:40] EXEC IGC_Monster_KillCount_Save '3WindSoul', 445
[20:58:40] SQLSTATE: 42S02, Diagnosis: [Microsoft][ODBC SQL Server Driver][SQL Server]Invalid object name 'MonsterKillCount'.
[20:58:40] EXEC IGC_Monster_KillCount_Save 'isker', 449
[20:58:40] SQLSTATE: 42S02, Diagnosis: [Microsoft][ODBC SQL Server Driver][SQL Server]Invalid object name 'MonsterKillCount'.
[20:58:40] EXEC IGC_Monster_KillCount_Save '4Mage', 484
[20:58:40] SQLSTATE: 42S02, Diagnosis: [Microsoft][ODBC SQL Server Driver][SQL Server]Invalid object name 'MonsterKillCount'.
[20:58:40] EXEC IGC_Monster_KillCount_Save '3KunDun', 484
[20:58:40] SQLSTATE: 42S02, Diagnosis: [Microsoft][ODBC SQL Server Driver][SQL Server]Invalid object name 'MonsterKillCount'.
[20:58:40] EXEC IGC_Monster_KillCount_Save 'CS114', 768
[20:58:40] SQLSTATE: 42S02, Diagnosis: [Microsoft][ODBC SQL Server Driver][SQL Server]Invalid object name 'MonsterKillCount'.
[20:58:40] EXEC IGC_Monster_KillCount_Save 'iskunnd', 787
[20:58:40] SQLSTATE: 42S02, Diagnosis: [Microsoft][ODBC SQL Server Driver][SQL Server]Invalid object name 'MonsterKillCount'.
[20:58:40] SELECT Name FROM IGC_FavouriteWarpData WHERE Name = 'DeMoH'
[20:58:40] UPDATE IGC_FavouriteWarpData SET WarpIndex_1 = -1, WarpMapNum_1 = -1, WarpIndex_2 = -1, WarpMapNum_2 = -1, WarpIndex_3 = -1, WarpMapNum_3 = -1, WarpIndex_4 = -1, WarpMapNum_4 = -1, WarpIndex_5 = -1, WarpMapNum_5 = -1 WHERE Name = 'DeMoH'
[20:58:40] EXEC IGC_Monster_KillCount_Save 'HongAnhSL', 70
[20:58:40] SQLSTATE: 42S02, Diagnosis: [Microsoft][ODBC SQL Server Driver][SQL Server]Invalid object name 'MonsterKillCount'.
[20:58:40] EXEC IGC_Monster_KillCount_Save 'AoVL', 455
[20:58:40] SQLSTATE: 42S02, Diagnosis: [Microsoft][ODBC SQL Server Driver][SQL Server]Invalid object name 'MonsterKillCount'.
[20:58:40] EXEC IGC_Monster_KillCount_Save 'ikacko', 487
[20:58:40] SQLSTATE: 42S02, Diagnosis: [Microsoft][ODBC SQL Server Driver][SQL Server]Invalid object name 'MonsterKillCount'.
[20:58:40] EXEC IGC_Monster_KillCount_Save 'uckyBcTBo', 767
[20:58:40] SQLSTATE: 42S02, Diagnosis: [Microsoft][ODBC SQL Server Driver][SQL Server]Invalid object name 'MonsterKillCount'.
[20:58:40] EXEC IGC_Monster_KillCount_Save 'zZElfHitZz', 770
[20:58:40] SQLSTATE: 42S02, Diagnosis: [Microsoft][ODBC SQL Server Driver][SQL Server]Invalid object name 'MonsterKillCount'.
[20:58:40] EXEC IGC_Monster_KillCount_Save 'qwer', 787
[20:58:40] SQLSTATE: 42S02, Diagnosis: [Microsoft][ODBC SQL Server Driver][SQL Server]Invalid object name 'MonsterKillCount'.
[20:58:40] EXEC IGC_Monster_KillCount_Save 'Elvis', 789
[20:58:40] SQLSTATE: 42S02, Diagnosis: [Microsoft][ODBC SQL Server Driver][SQL Server]Invalid object name 'MonsterKillCount'.
[20:58:40] EXEC IGC_Monster_KillCount_Save 'smbuff', 810
[20:58:40] SQLSTATE: 42S02, Diagnosis: [Microsoft][ODBC SQL Server Driver][SQL Server]Invalid object name 'MonsterKillCount'.
[20:58:40] EXEC IGC_Monster_KillCount_Save 'refuseMG', 311
[20:58:40] SQLSTATE: 42S02, Diagnosis: [Microsoft][ODBC SQL Server Driver][SQL Server]Invalid object name 'MonsterKillCount'.
[20:58:40] EXEC IGC_Monster_KillCount_Save 'TDLove1', 571
[20:58:41] SQLSTATE: 42S02, Diagnosis: [Microsoft][ODBC SQL Server Driver][SQL Server]Invalid object name 'MonsterKillCount'.
[20:58:41] EXEC IGC_Monster_KillCount_Save 'TDLove1', 571
[20:58:41] SQLSTATE: 42S02, Diagnosis: [Microsoft][ODBC SQL Server Driver][SQL Server]Invalid object name 'MonsterKillCount'.
[20:58:41] EXEC IGC_Monster_KillCount_Save 'TDLove1', 571
[20:58:41] SQLSTATE: 42S02, Diagnosis: [Microsoft][ODBC SQL Server Driver][SQL Server]Invalid object name 'MonsterKillCount'.
[20:58:41] EXEC IGC_Monster_KillCount_Save 'Mrdka', 743
[20:58:41] SQLSTATE: 42S02, Diagnosis: [Microsoft][ODBC SQL Server Driver][SQL Server]Invalid object name 'MonsterKillCount'.
[20:58:41] EXEC IGC_Monster_KillCount_Save 'refuseAE', 454
[20:58:41] SQLSTATE: 42S02, Diagnosis: [Microsoft][ODBC SQL Server Driver][SQL Server]Invalid object name 'MonsterKillCount'.
[20:58:41] EXEC IGC_Monster_KillCount_Save 'Mace', 456
[20:58:41] SQLSTATE: 42S02, Diagnosis: [Microsoft][ODBC SQL Server Driver][SQL Server]Invalid object name 'MonsterKillCount'.
[20:58:41] EXEC IGC_Monster_KillCount_Save 'isk7', 20
[20:58:41] SQLSTATE: 42S02, Diagnosis: [Microsoft][ODBC SQL Server Driver][SQL Server]Invalid object name 'MonsterKillCount'.
[20:58:41] EXEC IGC_Monster_KillCount_Save 'isk6', 20
[20:58:41] SQLSTATE: 42S02, Diagnosis: [Microsoft][ODBC SQL Server Driver][SQL Server]Invalid object name 'MonsterKillCount'.
[20:58:41] EXEC IGC_Monster_KillCount_Save '9PORSCHE', 45
[20:58:41] SQLSTATE: 42S02, Diagnosis: [Microsoft][ODBC SQL Server Driver][SQL Server]Invalid object name 'MonsterKillCount'.
[20:58:41] EXEC IGC_Monster_KillCount_Save 'bbbbb', 353
[20:58:41] SQLSTATE: 42S02, Diagnosis: [Microsoft][ODBC SQL Server Driver][SQL Server]Invalid object name 'MonsterKillCount'.
[20:58:41] EXEC IGC_Monster_KillCount_Save 'H1deaki', 569
[20:58:41] SQLSTATE: 42S02, Diagnosis: [Microsoft][ODBC SQL Server Driver][SQL Server]Invalid object name 'MonsterKillCount'.
[20:58:41] EXEC IGC_Monster_KillCount_Save 'pigiVN', 730
[20:58:41] SQLSTATE: 42S02, Diagnosis: [Microsoft][ODBC SQL Server Driver][SQL Server]Invalid object name 'MonsterKillCount'.
[20:58:41] EXEC IGC_Monster_KillCount_Save 'CS116', 768
[20:58:41] SQLSTATE: 42S02, Diagnosis: [Microsoft][ODBC SQL Server Driver][SQL Server]Invalid object name 'MonsterKillCount'.
[20:58:41] EXEC IGC_Monster_KillCount_Save 'cs113', 768
[20:58:41] SQLSTATE: 42S02, Diagnosis: [Microsoft][ODBC SQL Server Driver][SQL Server]Invalid object name 'MonsterKillCount'.
[20:58:41] EXEC IGC_Monster_KillCount_Save 'Insane', 772
[20:58:41] SQLSTATE: 42S02, Diagnosis: [Microsoft][ODBC SQL Server Driver][SQL Server]Invalid object name 'MonsterKillCount'.
[20:58:41] EXEC IGC_Monster_KillCount_Save 'AoVL', 455
[20:58:41] SQLSTATE: 42S02, Diagnosis: [Microsoft][ODBC SQL Server Driver][SQL Server]Invalid object name 'MonsterKillCount'.
[20:58:41] EXEC IGC_Monster_KillCount_Save 'TDLove1', 571
[20:58:41] SQLSTATE: 42S02, Diagnosis: [Microsoft][ODBC SQL Server Driver][SQL Server]Invalid object name 'MonsterKillCount'.
[20:58:41] EXEC IGC_Monster_KillCount_Save 'TDLove1', 571
[20:58:41] SQLSTATE: 42S02, Diagnosis: [Microsoft][ODBC SQL Server Driver][SQL Server]Invalid object name 'MonsterKillCount'.
[20:58:41] EXEC IGC_Monster_KillCount_Save 'Ulquiora', 575
[20:58:41] SQLSTATE: 42S02, Diagnosis: [Microsoft][ODBC SQL Server Driver][SQL Server]Invalid object name 'MonsterKillCount'.
[20:58:41] EXEC IGC_Monster_KillCount_Save 'Ulquiora', 575
[20:58:41] SQLSTATE: 42S02, Diagnosis: [Microsoft][ODBC SQL Server Driver][SQL Server]Invalid object name 'MonsterKillCount'.
[20:58:41] EXEC IGC_Monster_KillCount_Save 'Ulquiora', 575
[20:58:41] SQLSTATE: 42S02, Diagnosis: [Microsoft][ODBC SQL Server Driver][SQL Server]Invalid object name 'MonsterKillCount'.
[20:58:41] EXEC IGC_Monster_KillCount_Save 'MaczBuffer', 767
[20:58:41] SQLSTATE: 42S02, Diagnosis: [Microsoft][ODBC SQL Server Driver][SQL Server]Invalid object name 'MonsterKillCount'.
[20:58:41] SELECT Name FROM OptionData WHERE Name='siri'
[20:58:41] UPDATE OptionData SET GameOption=29, Qkey=255, Wkey=255, Ekey=255, ChatWindow=0, Rkey=0, QWERLevel=658184, EnableChangeMode=0, PlayGuideLv=400, PlayGuideCK=0 WHERE Name='siri'
[20:58:41] UPDATE OptionData SET SkillKey=? where Name='siri'
[20:58:41] EXEC IGC_Monster_KillCount_Save 'Saken', 772
[20:58:41] SQLSTATE: 42S02, Diagnosis: [Microsoft][ODBC SQL Server Driver][SQL Server]Invalid object name 'MonsterKillCount'.
[20:58:41] EXEC IGC_Monster_KillCount_Save 'ArthurMD', 589
[20:58:41] SQLSTATE: 42S02, Diagnosis: [Microsoft][ODBC SQL Server Driver][SQL Server]Invalid object name 'MonsterKillCount'.
[20:58:41] EXEC IGC_Monster_KillCount_Save 'Zlato4ka', 609
[20:58:41] SQLSTATE: 42S02, Diagnosis: [Microsoft][ODBC SQL Server Driver][SQL Server]Invalid object name 'MonsterKillCount'.
[20:58:41] EXEC IGC_Monster_KillCount_Save 'BHuMaHuE', 670
[20:58:41] SQLSTATE: 42S02, Diagnosis: [Microsoft][ODBC SQL Server Driver][SQL Server]Invalid object name 'MonsterKillCount'.
[20:58:41] EXEC IGC_Monster_KillCount_Save 'Barracuda', 714
[20:58:41] SQLSTATE: 42S02, Diagnosis: [Microsoft][ODBC SQL Server Driver][SQL Server]Invalid object name 'MonsterKillCount'.
[20:58:41] EXEC IGC_Monster_KillCount_Save 'CoDaySinh', 767
[20:58:41] SQLSTATE: 42S02, Diagnosis: [Microsoft][ODBC SQL Server Driver][SQL Server]Invalid object name 'MonsterKillCount'.
[20:58:41] EXEC IGC_Monster_KillCount_Save '1DWBuff', 770
[20:58:41] SQLSTATE: 42S02, Diagnosis: [Microsoft][ODBC SQL Server Driver][SQL Server]Invalid object name 'MonsterKillCount'.
[20:58:41] EXEC IGC_Monster_KillCount_Save 'FunnyBunny', 771
[20:58:41] SQLSTATE: 42S02, Diagnosis: [Microsoft][ODBC SQL Server Driver][SQL Server]Invalid object name 'MonsterKillCount'.
[20:58:41] EXEC IGC_Monster_KillCount_Save 'G123', 789
[20:58:41] SQLSTATE: 42S02, Diagnosis: [Microsoft][ODBC SQL Server Driver][SQL Server]Invalid object name 'MonsterKillCount'.
[20:58:41] UPDATE Character SET cLevel=400, mLevel=493, Class=39,LevelUpPoint=158, mlPoint=67, Experience=3827268112, mlExperience=25273827840, mlNextExp=46924359459, Strength=22, Dexterity=47, Vitality=20, Energy=2200, Money=633415745, Life=4162.000000, MaxLife=1262.000000, Mana=7777.000000, MaxMana=5181.000000, MapNumber=122, MapPosX=148, MapPosY=184, MapDir=3, PkCount=0, PkLevel=3, PkTime=0, Leadership=0, ChatLimitTime=0, RESETS = 0, Married = 0, MarryName = '', WinDuels=0, LoseDuels=0, BlockChatTime=0, PenaltyMask=0, Ruud=0, OpenHuntingLog=112, StatGP=0, StatCoin=0, i4thSkillPoint=0, AddStrength=0, AddDexterity=0, AddVitality=0, AddEnergy=104, FruitAddPoint=0, FruitDecPoint=0, GrandResets=0, MonStat=0, Age=0, CJL=0, SIC=0, WingCoreType=255, WingCoreLevel=255, GiantMountType=0, GiantMountWear=0, AddLeadership=0 WHERE Name = '1StBuff'
[20:58:41] EXEC IGC_PentagramInfoUpdate 304, 'tuannxct1', '1StBuff', 0, 0, 12, 222, 19, 0, 14, 0, 15, 15, 15, 15, 15, 15, 15, 15, 15
[20:58:41] UPDATE Character SET Inventory=? WHERE Name='1StBuff'
[20:58:41] EXEC IGC_PentagramInfoUpdate 304, 'tuannxct1', '1StBuff', 0, 1, 12, 232, 19, 0, 14, 0, 15, 15, 15, 15, 15, 15, 15, 15, 15
[20:58:41] UPDATE Character SET MagicList=? WHERE Name='1StBuff'
[20:58:41] EXEC IGC_PentagramInfoUpdate 304, 'tuannxct1', '1StBuff', 0, 2, 12, 242, 19, 0, 14, 0, 15, 15, 15, 15, 15, 15, 15, 15, 15
[20:58:41] UPDATE Character SET Quest=? WHERE Name='1StBuff'
[20:58:41] EXEC IGC_PentagramInfoUpdate 304, 'tuannxct1', '1StBuff', 0, 3, 12, 252, 19, 0, 14, 0, 15, 15, 15, 15, 15, 15, 15, 15, 15
[20:58:41] EXEC IGC_ClassQuest_MonsterKillSave '1StBuff', -1, -1, 0, -1, 0, -1, 0, -1, 0, -1, 0
[20:58:41] EXEC IGC_PentagramInfoUpdate 304, 'tuannxct1', '1StBuff', 0, 4, 12, 221, 20, 0, 1, 0, 15, 15, 15, 15, 15, 15, 15, 15, 15
[20:58:41] UPDATE IGC_Muun_Inventory SET Items=? WHERE Name='1StBuff'
[20:58:41] EXEC IGC_PentagramInfoUpdate 304, 'tuannxct1', '1StBuff', 0, 5, 12, 231, 19, 0, 1, 0, 15, 15, 15, 15, 15, 15, 15, 15, 15
[20:58:41] EXEC IGC_MuunConditionInfoSetSave '1StBuff', 0, 255, 0
[20:58:41] UPDATE T_Event_Inventory SET Inventory=? WHERE Name = '1StBuff'
[20:58:41] EXEC IGC_MuunConditionInfoSetSave '1StBuff', 1, 255, 0
[20:58:41] EXEC IGC_EvolutionMonsterInfoSave 'tuannxct1', '1StBuff', -1, 0, 0, -1, 0, 0, -1, 0, 0, -1, 0, 0, -1, 0, 0, 0
[20:58:41] EXEC IGC_MuunConditionInfoSetSave '1StBuff', 2, 255, 0
[20:58:41] EXEC IGC_SetSaveRestoreInventory 'tuannxct1', '1StBuff', ?
[20:58:41] UPDATE Character SET cLevel=116, mLevel=0, Class=0,LevelUpPoint=575, mlPoint=0, Experience=16744800, mlExperience=0, mlNextExp=35507050, Strength=18, Dexterity=18, Vitality=15, Energy=30, Money=740891, Life=175.000000, MaxLife=175.000000, Mana=290.000000, MaxMana=290.000000, MapNumber=0, MapPosX=133, MapPosY=124, MapDir=5, PkCount=0, PkLevel=3, PkTime=0, Leadership=0, ChatLimitTime=0, RESETS = 0, Married = 0, MarryName = '', WinDuels=0, LoseDuels=0, BlockChatTime=0, PenaltyMask=0, Ruud=0, OpenHuntingLog=112, StatGP=0, StatCoin=0, i4thSkillPoint=0, AddStrength=0, AddDexterity=0, AddVitality=0, AddEnergy=0, FruitAddPoint=0, FruitDecPoint=0, GrandResets=0, MonStat=0, Age=0, CJL=0, SIC=0, WingCoreType=255, WingCoreLevel=255, GiantMountType=0, GiantMountWear=0, AddLeadership=0 WHERE Name = 'SoulMaster'
[20:58:41] EXEC IGC_EventMapEnterCount_Set '1StBuff', 0, 0, 0, 0, 0, 0, 0
[20:58:41] UPDATE Character SET Inventory=? WHERE Name='SoulMaster'
[20:58:41] EXEC IGC_HuntingRecordInfoSave 'tuannxct1', '1StBuff', 122, 2024, 12, 27, 893, 61227, 23299, 296, 6624776, 0, 62795783781, 2, 150, 21, 296, 296, 0, 52302
[20:58:41] UPDATE Character SET MagicList=? WHERE Name='SoulMaster'
[20:58:41] EXEC IGC_HuntingRecordInfoUserOpenSave 'tuannxct1', '1StBuff', 1
[20:58:41] UPDATE Character SET Quest=? WHERE Name='SoulMaster'
[20:58:41] DELETE FROM IGC_BlockChat WHERE Name = '1StBuff'
[20:58:41] EXEC IGC_ClassQuest_MonsterKillSave 'SoulMaster', -1, -1, 0, -1, 0, -1, 0, -1, 0, -1, 0
[20:58:41] EXEC IGC_ResetInfoSave 255, 0
[20:58:41] UPDATE IGC_Muun_Inventory SET Items=? WHERE Name='SoulMaster'
[20:58:41] SELECT character_id FROM IGC_SeasonPass WHERE character_id = 255
[20:58:41] UPDATE IGC_SeasonPass SET pass_id = 1, pass_type = 0, pass_level = 4, pass_experience = 1111, complete_mission = 7, today_exp = 138, mu_pass_reward = 0, gold_pass_reward = 0, premium_pass_reward = 0, last_login = 1735322321 WHERE character_id = 255
[20:58:41] EXEC IGC_MuunConditionInfoSetSave 'SoulMaster', 0, 255, 0
[20:58:41] SELECT character_id FROM IGC_SeasonPassTicket WHERE character_id = 255
[20:58:41] UPDATE IGC_SeasonPassTicket SET ticket_count = 0, special_point = 0 WHERE character_id = 255
[20:58:41] EXEC IGC_MuunConditionInfoSetSave 'SoulMaster', 1, 255, 0
[20:58:41] DELETE FROM IGC_SeasonPassMission WHERE character_id = 255
[20:58:41] EXEC IGC_MuunConditionInfoSetSave 'SoulMaster', 2, 255, 0
[20:58:41] INSERT INTO IGC_SeasonPassMission (character_id, mission_index, mission_type, current_step, current_amount) VALUES (255, 0, 0, 10, 2160)
[20:58:41] INSERT INTO IGC_SeasonPassMission (character_id, mission_index, mission_type, current_step, current_amount) VALUES (255, 2, 2, 5, 34470)
[20:58:41] INSERT INTO IGC_SeasonPassMission (character_id, mission_index, mission_type, current_step, current_amount) VALUES (255, 3, 3, 3, 15)
[20:58:41] INSERT INTO IGC_SeasonPassMission (character_id, mission_index, mission_type, current_step, current_amount) VALUES (255, 4, 4, 3, 6)
[20:58:41] INSERT INTO IGC_SeasonPassMission (character_id, mission_index, mission_type, current_step, current_amount) VALUES (255, 7, 7, 1, 5)
[20:58:41] INSERT INTO IGC_SeasonPassMission (character_id, mission_index, mission_type, current_step, current_amount) VALUES (255, 11, 11, 1, 1)
[20:58:41] INSERT INTO IGC_SeasonPassMission (character_id, mission_index, mission_type, current_step, current_amount) VALUES (255, 24, 24, 1, 1)
[20:58:41] UPDATE IGC_HuntPoint SET HuntPoint=2500,Monsters=0,Buffs='|0=12.5||1=12.5||2=12.5||3=12.5||4=12.5||5=12.5||6=12.5||7=12.5|',Inactive=0,Quest='|0=0.0||1=0.0||2=0.0||3=0.0||4=0.0||5=0.0||6=0.0||7=0.0|', WeekMonsters=0 WHERE Name = '1StBuff'
[20:58:41] UPDATE IGC_HuntPoint SET QuestState=? where Name='1StBuff'
[20:58:41] UPDATE T_Event_Inventory SET Inventory=? WHERE Name = 'SoulMaster'
[20:58:41] EXEC IGC_EvolutionMonsterInfoSave 'css116', 'SoulMaster', -1, 0, 0, -1, 0, 0, -1, 0, 0, -1, 0, 0, -1, 0, 0, 0
[20:58:41] EXEC IGC_SetSaveRestoreInventory 'css116', 'SoulMaster', ?
[20:58:41] EXEC IGC_EventMapEnterCount_Set 'SoulMaster', 0, 0, 0, 0, 0, 0, 0
[20:58:41] EXEC IGC_HuntingRecordInfoUserOpenSave 'css116', 'SoulMaster', 1
[20:58:41] DELETE FROM IGC_BlockChat WHERE Name = 'SoulMaster'
[20:58:41] EXEC IGC_ResetInfoSave 432, 0
[20:58:41] SELECT character_id FROM IGC_SeasonPass WHERE character_id = 432
[20:58:41] UPDATE IGC_SeasonPass SET pass_id = 1, pass_type = 0, pass_level = 1, pass_experience = 185, complete_mission = 0, today_exp = 0, mu_pass_reward = 0, gold_pass_reward = 0, premium_pass_reward = 0, last_login = 1735322321 WHERE character_id = 432
[20:58:41] SELECT character_id FROM IGC_SeasonPassTicket WHERE character_id = 432
[20:58:41] UPDATE IGC_SeasonPassTicket SET ticket_count = 0, special_point = 0 WHERE character_id = 432
[20:58:41] DELETE FROM IGC_SeasonPassMission WHERE character_id = 432
[20:58:41] UPDATE IGC_HuntPoint SET HuntPoint=2500,Monsters=0,Buffs='|0=12.5||1=12.5||2=12.5||3=12.5||4=12.5||5=12.5||6=12.5||7=12.5|',Inactive=0,Quest='|0=0.0||1=0.0||2=0.0||3=0.0||4=0.0||5=0.0||6=0.0||7=0.0|', WeekMonsters=0 WHERE Name = 'SoulMaster'
[20:58:41] UPDATE IGC_HuntPoint SET QuestState=? where Name='SoulMaster'
[20:58:41] SELECT Name FROM IGC_FavouriteWarpData WHERE Name = 'siri'
[20:58:41] UPDATE IGC_FavouriteWarpData SET WarpIndex_1 = -1, WarpMapNum_1 = -1, WarpIndex_2 = -1, WarpMapNum_2 = -1, WarpIndex_3 = -1, WarpMapNum_3 = -1, WarpIndex_4 = -1, WarpMapNum_4 = -1, WarpIndex_5 = -1, WarpMapNum_5 = -1 WHERE Name = 'siri'
[20:58:41] EXEC IGC_Monster_KillCount_Save 'refuseMG', 311
[20:58:41] SQLSTATE: 42S02, Diagnosis: [Microsoft][ODBC SQL Server Driver][SQL Server]Invalid object name 'MonsterKillCount'.
[20:58:42] EXEC IGC_Monster_KillCount_Save '7event', 20
[20:58:42] SQLSTATE: 42S02, Diagnosis: [Microsoft][ODBC SQL Server Driver][SQL Server]Invalid object name 'MonsterKillCount'.
[20:58:42] EXEC IGC_Monster_KillCount_Save 'isk7', 20
[20:58:42] SQLSTATE: 42S02, Diagnosis: [Microsoft][ODBC SQL Server Driver][SQL Server]Invalid object name 'MonsterKillCount'.
[20:58:42] EXEC IGC_Monster_KillCount_Save 'Lancer', 35
[20:58:42] SQLSTATE: 42S02, Diagnosis: [Microsoft][ODBC SQL Server Driver][SQL Server]Invalid object name 'MonsterKillCount'.
[20:58:42] EXEC IGC_Monster_KillCount_Save 'refuseDL', 69
[20:58:42] SQLSTATE: 42S02, Diagnosis: [Microsoft][ODBC SQL Server Driver][SQL Server]Invalid object name 'MonsterKillCount'.
[20:58:42] EXEC IGC_Monster_KillCount_Save 'isk5', 447
[20:58:42] SQLSTATE: 42S02, Diagnosis: [Microsoft][ODBC SQL Server Driver][SQL Server]Invalid object name 'MonsterKillCount'.
[20:58:42] EXEC IGC_Monster_KillCount_Save 'isk5', 447
[20:58:42] SQLSTATE: 42S02, Diagnosis: [Microsoft][ODBC SQL Server Driver][SQL Server]Invalid object name 'MonsterKillCount'.
[20:58:42] EXEC IGC_Monster_KillCount_Save 'isk5', 447
[20:58:42] SQLSTATE: 42S02, Diagnosis: [Microsoft][ODBC SQL Server Driver][SQL Server]Invalid object name 'MonsterKillCount'.
[20:58:42] EXEC IGC_Monster_KillCount_Save 'isk5', 447
[20:58:42] SQLSTATE: 42S02, Diagnosis: [Microsoft][ODBC SQL Server Driver][SQL Server]Invalid object name 'MonsterKillCount'.
[20:58:42] EXEC IGC_Monster_KillCount_Save 'isk5', 447
[20:58:42] SQLSTATE: 42S02, Diagnosis: [Microsoft][ODBC SQL Server Driver][SQL Server]Invalid object name 'MonsterKillCount'.
[20:58:42] EXEC IGC_Monster_KillCount_Save 'isker', 449
[20:58:42] SQLSTATE: 42S02, Diagnosis: [Microsoft][ODBC SQL Server Driver][SQL Server]Invalid object name 'MonsterKillCount'.
[20:58:42] EXEC IGC_Monster_KillCount_Save 'BlackWidow', 713
[20:58:42] SQLSTATE: 42S02, Diagnosis: [Microsoft][ODBC SQL Server Driver][SQL Server]Invalid object name 'MonsterKillCount'.
[20:58:42] EXEC IGC_Monster_KillCount_Save 'Ladyzinha', 770
[20:58:42] SQLSTATE: 42S02, Diagnosis: [Microsoft][ODBC SQL Server Driver][SQL Server]Invalid object name 'MonsterKillCount'.
[20:58:42] EXEC IGC_Monster_KillCount_Save 'VNZzGLzZVN', 786
[20:58:42] SQLSTATE: 42S02, Diagnosis: [Microsoft][ODBC SQL Server Driver][SQL Server]Invalid object name 'MonsterKillCount'.
[20:58:42] EXEC IGC_Monster_KillCount_Save 'iskerka', 787
[20:58:42] SQLSTATE: 42S02, Diagnosis: [Microsoft][ODBC SQL Server Driver][SQL Server]Invalid object name 'MonsterKillCount'.
[20:58:42] EXEC IGC_Monster_KillCount_Save 'iskerka', 787
[20:58:42] SQLSTATE: 42S02, Diagnosis: [Microsoft][ODBC SQL Server Driver][SQL Server]Invalid object name 'MonsterKillCount'.
[20:58:42] EXEC IGC_Monster_KillCount_Save 'Kundun', 789
[20:58:42] SQLSTATE: 42S02, Diagnosis: [Microsoft][ODBC SQL Server Driver][SQL Server]Invalid object name 'MonsterKillCount'.
[20:58:42] EXEC IGC_Monster_KillCount_Save 'refuseLem', 310
[20:58:42] SQLSTATE: 42S02, Diagnosis: [Microsoft][ODBC SQL Server Driver][SQL Server]Invalid object name 'MonsterKillCount'.
[20:58:42] EXEC IGC_Monster_KillCount_Save 'DTLove10', 569
[20:58:42] SQLSTATE: 42S02, Diagnosis: [Microsoft][ODBC SQL Server Driver][SQL Server]Invalid object name 'MonsterKillCount'.
[20:58:42] EXEC IGC_Monster_KillCount_Save 'DTLove10', 569
[20:58:42] SQLSTATE: 42S02, Diagnosis: [Microsoft][ODBC SQL Server Driver][SQL Server]Invalid object name 'MonsterKillCount'.
[20:58:42] EXEC IGC_Monster_KillCount_Save 'DTLove10', 569
[20:58:42] SQLSTATE: 42S02, Diagnosis: [Microsoft][ODBC SQL Server Driver][SQL Server]Invalid object name 'MonsterKillCount'.
[20:58:42] EXEC IGC_Monster_KillCount_Save 'uckyBcTBo', 767
[20:58:42] SQLSTATE: 42S02, Diagnosis: [Microsoft][ODBC SQL Server Driver][SQL Server]Invalid object name 'MonsterKillCount'.
[20:58:42] EXEC IGC_Monster_KillCount_Save 'metaIica', 767
[20:58:42] SQLSTATE: 42S02, Diagnosis: [Microsoft][ODBC SQL Server Driver][SQL Server]Invalid object name 'MonsterKillCount'.
[20:58:42] EXEC IGC_Monster_KillCount_Save 'ARJHOTV', 569
[20:58:42] SQLSTATE: 42S02, Diagnosis: [Microsoft][ODBC SQL Server Driver][SQL Server]Invalid object name 'MonsterKillCount'.
[20:58:42] EXEC IGC_Monster_KillCount_Save 'Resnais', 768
[20:58:42] SQLSTATE: 42S02, Diagnosis: [Microsoft][ODBC SQL Server Driver][SQL Server]Invalid object name 'MonsterKillCount'.
[20:58:42] EXEC IGC_Monster_KillCount_Save 'Saken', 772
[20:58:42] SQLSTATE: 42S02, Diagnosis: [Microsoft][ODBC SQL Server Driver][SQL Server]Invalid object name 'MonsterKillCount'.
[20:58:42] EXEC IGC_Monster_KillCount_Save 'Saken', 772
[20:58:42] SQLSTATE: 42S02, Diagnosis: [Microsoft][ODBC SQL Server Driver][SQL Server]Invalid object name 'MonsterKillCount'.
[20:58:42] EXEC IGC_Monster_KillCount_Save 'bbbbb', 353
[20:58:42] SQLSTATE: 42S02, Diagnosis: [Microsoft][ODBC SQL Server Driver][SQL Server]Invalid object name 'MonsterKillCount'.
[20:58:42] EXEC IGC_Monster_KillCount_Save 'Hocok', 446
[20:58:42] SQLSTATE: 42S02, Diagnosis: [Microsoft][ODBC SQL Server Driver][SQL Server]Invalid object name 'MonsterKillCount'.
[20:58:42] EXEC IGC_Monster_KillCount_Save 'Hocok', 446
[20:58:42] SQLSTATE: 42S02, Diagnosis: [Microsoft][ODBC SQL Server Driver][SQL Server]Invalid object name 'MonsterKillCount'.
[20:58:42] EXEC IGC_Monster_KillCount_Save '06SL', 480
[20:58:42] SQLSTATE: 42S02, Diagnosis: [Microsoft][ODBC SQL Server Driver][SQL Server]Invalid object name 'MonsterKillCount'.
[20:58:42] EXEC IGC_Monster_KillCount_Save 'BHuMaHuE', 670
[20:58:42] SQLSTATE: 42S02, Diagnosis: [Microsoft][ODBC SQL Server Driver][SQL Server]Invalid object name 'MonsterKillCount'.
[20:58:42] EXEC IGC_Monster_KillCount_Save 'BHuMaHuE', 670
[20:58:42] SQLSTATE: 42S02, Diagnosis: [Microsoft][ODBC SQL Server Driver][SQL Server]Invalid object name 'MonsterKillCount'.
[20:58:42] EXEC IGC_Monster_KillCount_Save 'Barawar', 714
[20:58:42] SQLSTATE: 42S02, Diagnosis: [Microsoft][ODBC SQL Server Driver][SQL Server]Invalid object name 'MonsterKillCount'.
[20:58:42] EXEC IGC_Monster_KillCount_Save 'The5', 730
[20:58:42] SQLSTATE: 42S02, Diagnosis: [Microsoft][ODBC SQL Server Driver][SQL Server]Invalid object name 'MonsterKillCount'.
[20:58:42] EXEC IGC_Monster_KillCount_Save 'AstroX', 731
[20:58:42] SQLSTATE: 42S02, Diagnosis: [Microsoft][ODBC SQL Server Driver][SQL Server]Invalid object name 'MonsterKillCount'.
[20:58:42] EXEC IGC_Monster_KillCount_Save 'pigiVN', 731
[20:58:42] SQLSTATE: 42S02, Diagnosis: [Microsoft][ODBC SQL Server Driver][SQL Server]Invalid object name 'MonsterKillCount'.
[20:58:42] EXEC IGC_Monster_KillCount_Save 'The6', 737
[20:58:42] SQLSTATE: 42S02, Diagnosis: [Microsoft][ODBC SQL Server Driver][SQL Server]Invalid object name 'MonsterKillCount'.
[20:58:42] EXEC IGC_Monster_KillCount_Save 'Resnis', 768
[20:58:42] SQLSTATE: 42S02, Diagnosis: [Microsoft][ODBC SQL Server Driver][SQL Server]Invalid object name 'MonsterKillCount'.
[20:58:42] EXEC IGC_Monster_KillCount_Save 'Candy', 786
[20:58:42] SQLSTATE: 42S02, Diagnosis: [Microsoft][ODBC SQL Server Driver][SQL Server]Invalid object name 'MonsterKillCount'.
[20:58:42] EXEC IGC_Monster_KillCount_Save 'HaMyXinh', 786
[20:58:42] SQLSTATE: 42S02, Diagnosis: [Microsoft][ODBC SQL Server Driver][SQL Server]Invalid object name 'MonsterKillCount'.
[20:58:42] EXEC IGC_Monster_KillCount_Save 'Ruub', 358
[20:58:42] SQLSTATE: 42S02, Diagnosis: [Microsoft][ODBC SQL Server Driver][SQL Server]Invalid object name 'MonsterKillCount'.
[20:58:42] EXEC IGC_Monster_KillCount_Save 'TDLove4', 569
[20:58:42] SQLSTATE: 42S02, Diagnosis: [Microsoft][ODBC SQL Server Driver][SQL Server]Invalid object name 'MonsterKillCount'.
[20:58:42] EXEC IGC_Monster_KillCount_Save 'TDLove4', 569
[20:58:42] SQLSTATE: 42S02, Diagnosis: [Microsoft][ODBC SQL Server Driver][SQL Server]Invalid object name 'MonsterKillCount'.
[20:58:42] EXEC IGC_Monster_KillCount_Save 'TDLove4', 569
[20:58:42] SQLSTATE: 42S02, Diagnosis: [Microsoft][ODBC SQL Server Driver][SQL Server]Invalid object name 'MonsterKillCount'.
[20:58:42] EXEC IGC_Monster_KillCount_Save 'TDLove4', 569
[20:58:42] SQLSTATE: 42S02, Diagnosis: [Microsoft][ODBC SQL Server Driver][SQL Server]Invalid object name 'MonsterKillCount'.
[20:58:42] EXEC IGC_Monster_KillCount_Save 'TDLove4', 569
[20:58:42] SQLSTATE: 42S02, Diagnosis: [Microsoft][ODBC SQL Server Driver][SQL Server]Invalid object name 'MonsterKillCount'.
[20:58:42] EXEC IGC_Monster_KillCount_Save 'Mrdka', 743
[20:58:42] SQLSTATE: 42S02, Diagnosis: [Microsoft][ODBC SQL Server Driver][SQL Server]Invalid object name 'MonsterKillCount'.
[20:58:43] EXEC IGC_Monster_KillCount_Save 'Resnais', 768
[20:58:43] SQLSTATE: 42S02, Diagnosis: [Microsoft][ODBC SQL Server Driver][SQL Server]Invalid object name 'MonsterKillCount'.
[20:58:43] EXEC IGC_Monster_KillCount_Save 'isk6', 20
[20:58:43] SQLSTATE: 42S02, Diagnosis: [Microsoft][ODBC SQL Server Driver][SQL Server]Invalid object name 'MonsterKillCount'.
[20:58:43] EXEC IGC_Monster_KillCount_Save 'Duud', 444
[20:58:43] SQLSTATE: 42S02, Diagnosis: [Microsoft][ODBC SQL Server Driver][SQL Server]Invalid object name 'MonsterKillCount'.
[20:58:43] EXEC IGC_Monster_KillCount_Save 'The7', 731
[20:58:43] SQLSTATE: 42S02, Diagnosis: [Microsoft][ODBC SQL Server Driver][SQL Server]Invalid object name 'MonsterKillCount'.
[20:58:43] EXEC IGC_Monster_KillCount_Save 'The5', 731
[20:58:43] SQLSTATE: 42S02, Diagnosis: [Microsoft][ODBC SQL Server Driver][SQL Server]Invalid object name 'MonsterKillCount'.
[20:58:43] EXEC IGC_Monster_KillCount_Save 'CS114', 768
[20:58:43] SQLSTATE: 42S02, Diagnosis: [Microsoft][ODBC SQL Server Driver][SQL Server]Invalid object name 'MonsterKillCount'.
[20:58:43] EXEC IGC_Monster_KillCount_Save 'Kiborg', 771
[20:58:43] SQLSTATE: 42S02, Diagnosis: [Microsoft][ODBC SQL Server Driver][SQL Server]Invalid object name 'MonsterKillCount'.
[20:58:43] EXEC IGC_Monster_KillCount_Save 'GL03', 893
[20:58:43] SQLSTATE: 42S02, Diagnosis: [Microsoft][ODBC SQL Server Driver][SQL Server]Invalid object name 'MonsterKillCount'.
[20:58:43] EXEC IGC_Monster_KillCount_Save 'AoVL', 455
[20:58:43] SQLSTATE: 42S02, Diagnosis: [Microsoft][ODBC SQL Server Driver][SQL Server]Invalid object name 'MonsterKillCount'.
[20:58:43] EXEC IGC_Monster_KillCount_Save 'Ulquiora', 575
[20:58:43] SQLSTATE: 42S02, Diagnosis: [Microsoft][ODBC SQL Server Driver][SQL Server]Invalid object name 'MonsterKillCount'.
[20:58:43] EXEC IGC_Monster_KillCount_Save 'zZElfHitZz', 770
[20:58:43] SQLSTATE: 42S02, Diagnosis: [Microsoft][ODBC SQL Server Driver][SQL Server]Invalid object name 'MonsterKillCount'.
[20:58:43] EXEC IGC_Monster_KillCount_Save 'zZElfHitZz', 770
[20:58:43] SQLSTATE: 42S02, Diagnosis: [Microsoft][ODBC SQL Server Driver][SQL Server]Invalid object name 'MonsterKillCount'.
[20:58:43] EXEC IGC_Monster_KillCount_Save 'zZElfHitZz', 770
[20:58:43] SQLSTATE: 42S02, Diagnosis: [Microsoft][ODBC SQL Server Driver][SQL Server]Invalid object name 'MonsterKillCount'.
[20:58:43] EXEC IGC_Monster_KillCount_Save 'Alesis', 772
[20:58:43] SQLSTATE: 42S02, Diagnosis: [Microsoft][ODBC SQL Server Driver][SQL Server]Invalid object name 'MonsterKillCount'.
[20:58:43] EXEC IGC_Monster_KillCount_Save 'isk6', 20
[20:58:43] SQLSTATE: 42S02, Diagnosis: [Microsoft][ODBC SQL Server Driver][SQL Server]Invalid object name 'MonsterKillCount'.
[20:58:43] EXEC IGC_Monster_KillCount_Save 'TOP1FARMJW', 351
[20:58:43] SQLSTATE: 42S02, Diagnosis: [Microsoft][ODBC SQL Server Driver][SQL Server]Invalid object name 'MonsterKillCount'.
[20:58:43] EXEC IGC_RealmItemDropUpdate 14, 1991
[20:58:43] EXEC IGC_Monster_KillCount_Save 'Duud', 444
[20:58:43] SQLSTATE: 42S02, Diagnosis: [Microsoft][ODBC SQL Server Driver][SQL Server]Invalid object name 'MonsterKillCount'.
[20:58:43] EXEC IGC_Monster_KillCount_Save 'Zlato4ka', 609
[20:58:43] SQLSTATE: 42S02, Diagnosis: [Microsoft][ODBC SQL Server Driver][SQL Server]Invalid object name 'MonsterKillCount'.
[20:58:43] EXEC IGC_Monster_KillCount_Save 'AstroX', 730
[20:58:43] SQLSTATE: 42S02, Diagnosis: [Microsoft][ODBC SQL Server Driver][SQL Server]Invalid object name 'MonsterKillCount'.
[20:58:43] EXEC IGC_Monster_KillCount_Save 'The7', 730
[20:58:43] SQLSTATE: 42S02, Diagnosis: [Microsoft][ODBC SQL Server Driver][SQL Server]Invalid object name 'MonsterKillCount'.
[20:58:43] EXEC IGC_Monster_KillCount_Save 'The7', 730
[20:58:43] SQLSTATE: 42S02, Diagnosis: [Microsoft][ODBC SQL Server Driver][SQL Server]Invalid object name 'MonsterKillCount'.
[20:58:43] EXEC IGC_Monster_KillCount_Save 'GL01', 770
[20:58:43] SQLSTATE: 42S02, Diagnosis: [Microsoft][ODBC SQL Server Driver][SQL Server]Invalid object name 'MonsterKillCount'.
[20:58:43] EXEC IGC_Monster_KillCount_Save 'GL01', 770
[20:58:43] SQLSTATE: 42S02, Diagnosis: [Microsoft][ODBC SQL Server Driver][SQL Server]Invalid object name 'MonsterKillCount'.
[20:58:43] EXEC IGC_Monster_KillCount_Save 'CS116', 768
[20:58:43] SQLSTATE: 42S02, Diagnosis: [Microsoft][ODBC SQL Server Driver][SQL Server]Invalid object name 'MonsterKillCount'.
[20:58:43] EXEC IGC_Monster_KillCount_Save 'Kavalski', 771
[20:58:43] SQLSTATE: 42S02, Diagnosis: [Microsoft][ODBC SQL Server Driver][SQL Server]Invalid object name 'MonsterKillCount'.
[20:58:43] EXEC IGC_Monster_KillCount_Save 'D123', 789
[20:58:43] SQLSTATE: 42S02, Diagnosis: [Microsoft][ODBC SQL Server Driver][SQL Server]Invalid object name 'MonsterKillCount'.
[20:58:43] EXEC IGC_Monster_KillCount_Save 'Ruub', 358
[20:58:43] SQLSTATE: 42S02, Diagnosis: [Microsoft][ODBC SQL Server Driver][SQL Server]Invalid object name 'MonsterKillCount'.
[20:58:44] EXEC IGC_Monster_KillCount_Save 'Mace', 456
[20:58:44] SQLSTATE: 42S02, Diagnosis: [Microsoft][ODBC SQL Server Driver][SQL Server]Invalid object name 'MonsterKillCount'.
[20:58:44] EXEC IGC_Monster_KillCount_Save '7event', 20
[20:58:44] SQLSTATE: 42S02, Diagnosis: [Microsoft][ODBC SQL Server Driver][SQL Server]Invalid object name 'MonsterKillCount'.
[20:58:44] EXEC IGC_Monster_KillCount_Save '8HAPPIER', 45
[20:58:44] SQLSTATE: 42S02, Diagnosis: [Microsoft][ODBC SQL Server Driver][SQL Server]Invalid object name 'MonsterKillCount'.
[20:58:44] EXEC IGC_Monster_KillCount_Save 'aaaaaaaaaa', 443
[20:58:44] SQLSTATE: 42S02, Diagnosis: [Microsoft][ODBC SQL Server Driver][SQL Server]Invalid object name 'MonsterKillCount'.
[20:58:44] EXEC IGC_Monster_KillCount_Save 'aaaaaaaaaa', 443
[20:58:44] SQLSTATE: 42S02, Diagnosis: [Microsoft][ODBC SQL Server Driver][SQL Server]Invalid object name 'MonsterKillCount'.
[20:58:44] EXEC IGC_Monster_KillCount_Save '101IK', 484
[20:58:44] SQLSTATE: 42S02, Diagnosis: [Microsoft][ODBC SQL Server Driver][SQL Server]Invalid object name 'MonsterKillCount'.
[20:58:44] EXEC IGC_Monster_KillCount_Save '100GL', 486
[20:58:44] SQLSTATE: 42S02, Diagnosis: [Microsoft][ODBC SQL Server Driver][SQL Server]Invalid object name 'MonsterKillCount'.
[20:58:44] EXEC IGC_Monster_KillCount_Save 'Tarabas', 586
[20:58:44] SQLSTATE: 42S02, Diagnosis: [Microsoft][ODBC SQL Server Driver][SQL Server]Invalid object name 'MonsterKillCount'.
[20:58:44] EXEC IGC_Monster_KillCount_Save 'BlackWidow', 713
[20:58:44] SQLSTATE: 42S02, Diagnosis: [Microsoft][ODBC SQL Server Driver][SQL Server]Invalid object name 'MonsterKillCount'.
[20:58:44] EXEC IGC_Monster_KillCount_Save 'BlackWidow', 713
[20:58:44] SQLSTATE: 42S02, Diagnosis: [Microsoft][ODBC SQL Server Driver][SQL Server]Invalid object name 'MonsterKillCount'.
[20:58:44] EXEC IGC_Monster_KillCount_Save 'BlackWidow', 713
[20:58:44] SQLSTATE: 42S02, Diagnosis: [Microsoft][ODBC SQL Server Driver][SQL Server]Invalid object name 'MonsterKillCount'.
[20:58:44] EXEC IGC_Monster_KillCount_Save 'BlackWidow', 713
[20:58:44] SQLSTATE: 42S02, Diagnosis: [Microsoft][ODBC SQL Server Driver][SQL Server]Invalid object name 'MonsterKillCount'.
[20:58:44] EXEC IGC_Monster_KillCount_Save 'Barawar', 714
[20:58:44] SQLSTATE: 42S02, Diagnosis: [Microsoft][ODBC SQL Server Driver][SQL Server]Invalid object name 'MonsterKillCount'.
[20:58:44] EXEC IGC_Monster_KillCount_Save 'The7', 730
[20:58:44] SQLSTATE: 42S02, Diagnosis: [Microsoft][ODBC SQL Server Driver][SQL Server]Invalid object name 'MonsterKillCount'.
[20:58:44] EXEC IGC_Monster_KillCount_Save 'The5', 730
[20:58:44] SQLSTATE: 42S02, Diagnosis: [Microsoft][ODBC SQL Server Driver][SQL Server]Invalid object name 'MonsterKillCount'.
[20:58:44] EXEC IGC_Monster_KillCount_Save 'The5', 730
[20:58:44] SQLSTATE: 42S02, Diagnosis: [Microsoft][ODBC SQL Server Driver][SQL Server]Invalid object name 'MonsterKillCount'.
[20:58:44] EXEC IGC_Monster_KillCount_Save 'ThayDayLy', 770
[20:58:44] SQLSTATE: 42S02, Diagnosis: [Microsoft][ODBC SQL Server Driver][SQL Server]Invalid object name 'MonsterKillCount'.
[20:58:44] EXEC IGC_Monster_KillCount_Save 'Sm87', 768
[20:58:44] SQLSTATE: 42S02, Diagnosis: [Microsoft][ODBC SQL Server Driver][SQL Server]Invalid object name 'MonsterKillCount'.
[20:58:44] EXEC IGC_Monster_KillCount_Save 'Buff666', 768
[20:58:44] SQLSTATE: 42S02, Diagnosis: [Microsoft][ODBC SQL Server Driver][SQL Server]Invalid object name 'MonsterKillCount'.
[20:58:44] EXEC IGC_Monster_KillCount_Save 'AutoBuff', 786
[20:58:44] SQLSTATE: 42S02, Diagnosis: [Microsoft][ODBC SQL Server Driver][SQL Server]Invalid object name 'MonsterKillCount'.
[20:58:44] EXEC IGC_Monster_KillCount_Save 'ThayMocLop', 786
[20:58:44] SQLSTATE: 42S02, Diagnosis: [Microsoft][ODBC SQL Server Driver][SQL Server]Invalid object name 'MonsterKillCount'.
[20:58:44] EXEC IGC_Monster_KillCount_Save 'GL03', 893
[20:58:44] SQLSTATE: 42S02, Diagnosis: [Microsoft][ODBC SQL Server Driver][SQL Server]Invalid object name 'MonsterKillCount'.
[20:58:44] EXEC IGC_Monster_KillCount_Save 'AoVL', 455
[20:58:44] SQLSTATE: 42S02, Diagnosis: [Microsoft][ODBC SQL Server Driver][SQL Server]Invalid object name 'MonsterKillCount'.
[20:58:44] EXEC IGC_Monster_KillCount_Save 'Scythe', 575
[20:58:44] SQLSTATE: 42S02, Diagnosis: [Microsoft][ODBC SQL Server Driver][SQL Server]Invalid object name 'MonsterKillCount'.
[20:58:44] EXEC IGC_Monster_KillCount_Save 'RatLaVLon', 767
[20:58:44] SQLSTATE: 42S02, Diagnosis: [Microsoft][ODBC SQL Server Driver][SQL Server]Invalid object name 'MonsterKillCount'.
[20:58:44] EXEC IGC_Monster_KillCount_Save 'RatLaVLon', 767
[20:58:44] SQLSTATE: 42S02, Diagnosis: [Microsoft][ODBC SQL Server Driver][SQL Server]Invalid object name 'MonsterKillCount'.
[20:58:44] EXEC IGC_Monster_KillCount_Save 'RatLaVLon', 767
[20:58:44] SQLSTATE: 42S02, Diagnosis: [Microsoft][ODBC SQL Server Driver][SQL Server]Invalid object name 'MonsterKillCount'.
[20:58:44] EXEC IGC_Monster_KillCount_Save 'RatLaVLon', 767
[20:58:44] SQLSTATE: 42S02, Diagnosis: [Microsoft][ODBC SQL Server Driver][SQL Server]Invalid object name 'MonsterKillCount'.
[20:58:44] EXEC IGC_Monster_KillCount_Save 'BabyFace', 768
[20:58:44] SQLSTATE: 42S02, Diagnosis: [Microsoft][ODBC SQL Server Driver][SQL Server]Invalid object name 'MonsterKillCount'.
[20:58:44] EXEC IGC_Monster_KillCount_Save 'Canalha', 39
[20:58:44] SQLSTATE: 42S02, Diagnosis: [Microsoft][ODBC SQL Server Driver][SQL Server]Invalid object name 'MonsterKillCount'.
[20:58:44] EXEC IGC_Monster_KillCount_Save 'refuseDL', 69
[20:58:44] SQLSTATE: 42S02, Diagnosis: [Microsoft][ODBC SQL Server Driver][SQL Server]Invalid object name 'MonsterKillCount'.
[20:58:44] EXEC IGC_Monster_KillCount_Save '3WindSoul', 445
[20:58:44] SQLSTATE: 42S02, Diagnosis: [Microsoft][ODBC SQL Server Driver][SQL Server]Invalid object name 'MonsterKillCount'.
[20:58:44] EXEC IGC_Monster_KillCount_Save 'ArthurMD', 589
[20:58:44] SQLSTATE: 42S02, Diagnosis: [Microsoft][ODBC SQL Server Driver][SQL Server]Invalid object name 'MonsterKillCount'.
[20:58:44] EXEC IGC_Monster_KillCount_Save 'BHuMaHuE', 670
[20:58:44] SQLSTATE: 42S02, Diagnosis: [Microsoft][ODBC SQL Server Driver][SQL Server]Invalid object name 'MonsterKillCount'.
[20:58:44] EXEC IGC_Monster_KillCount_Save 'AstroX', 730
[20:58:44] SQLSTATE: 42S02, Diagnosis: [Microsoft][ODBC SQL Server Driver][SQL Server]Invalid object name 'MonsterKillCount'.
[20:58:44] EXEC IGC_Monster_KillCount_Save 'The5', 732
[20:58:44] SQLSTATE: 42S02, Diagnosis: [Microsoft][ODBC SQL Server Driver][SQL Server]Invalid object name 'MonsterKillCount'.
[20:58:44] EXEC IGC_Monster_KillCount_Save 'GL01', 770
[20:58:44] SQLSTATE: 42S02, Diagnosis: [Microsoft][ODBC SQL Server Driver][SQL Server]Invalid object name 'MonsterKillCount'.
[20:58:44] EXEC IGC_Monster_KillCount_Save 'GL01', 770
[20:58:44] SQLSTATE: 42S02, Diagnosis: [Microsoft][ODBC SQL Server Driver][SQL Server]Invalid object name 'MonsterKillCount'.
[20:58:44] EXEC IGC_Monster_KillCount_Save 'GL01', 770
[20:58:44] SQLSTATE: 42S02, Diagnosis: [Microsoft][ODBC SQL Server Driver][SQL Server]Invalid object name 'MonsterKillCount'.
[20:58:44] EXEC IGC_Monster_KillCount_Save 'AutoBuff', 786
[20:58:44] SQLSTATE: 42S02, Diagnosis: [Microsoft][ODBC SQL Server Driver][SQL Server]Invalid object name 'MonsterKillCount'.
[20:58:44] EXEC IGC_Monster_KillCount_Save 'G123', 789
[20:58:44] SQLSTATE: 42S02, Diagnosis: [Microsoft][ODBC SQL Server Driver][SQL Server]Invalid object name 'MonsterKillCount'.
[20:58:44] EXEC IGC_Monster_KillCount_Save 'DTLove9', 573
[20:58:44] SQLSTATE: 42S02, Diagnosis: [Microsoft][ODBC SQL Server Driver][SQL Server]Invalid object name 'MonsterKillCount'.
[20:58:44] EXEC IGC_Monster_KillCount_Save 'RatLaVLon', 767
[20:58:44] SQLSTATE: 42S02, Diagnosis: [Microsoft][ODBC SQL Server Driver][SQL Server]Invalid object name 'MonsterKillCount'.
[20:58:44] EXEC IGC_Monster_KillCount_Save 'RatLaVLon', 767
[20:58:44] SQLSTATE: 42S02, Diagnosis: [Microsoft][ODBC SQL Server Driver][SQL Server]Invalid object name 'MonsterKillCount'.
[20:58:44] EXEC IGC_Monster_KillCount_Save 'RatLaVLon', 767
[20:58:44] SQLSTATE: 42S02, Diagnosis: [Microsoft][ODBC SQL Server Driver][SQL Server]Invalid object name 'MonsterKillCount'.
[20:58:45] EXEC IGC_Monster_KillCount_Save 'refuseAE', 454
[20:58:45] SQLSTATE: 42S02, Diagnosis: [Microsoft][ODBC SQL Server Driver][SQL Server]Invalid object name 'MonsterKillCount'.
[20:58:45] EXEC IGC_Monster_KillCount_Save 'Mace', 456
[20:58:45] SQLSTATE: 42S02, Diagnosis: [Microsoft][ODBC SQL Server Driver][SQL Server]Invalid object name 'MonsterKillCount'.
[20:58:45] EXEC IGC_Monster_KillCount_Save '7event', 20
[20:58:45] SQLSTATE: 42S02, Diagnosis: [Microsoft][ODBC SQL Server Driver][SQL Server]Invalid object name 'MonsterKillCount'.
[20:58:45] EXEC IGC_Monster_KillCount_Save '8HAPPIER', 45
[20:58:45] SQLSTATE: 42S02, Diagnosis: [Microsoft][ODBC SQL Server Driver][SQL Server]Invalid object name 'MonsterKillCount'.
[20:58:45] EXEC IGC_Monster_KillCount_Save 'isker', 449
[20:58:45] SQLSTATE: 42S02, Diagnosis: [Microsoft][ODBC SQL Server Driver][SQL Server]Invalid object name 'MonsterKillCount'.
[20:58:45] EXEC IGC_Monster_KillCount_Save '101IK', 484
[20:58:45] SQLSTATE: 42S02, Diagnosis: [Microsoft][ODBC SQL Server Driver][SQL Server]Invalid object name 'MonsterKillCount'.
[20:58:45] EXEC IGC_Monster_KillCount_Save '101IK', 484
[20:58:45] SQLSTATE: 42S02, Diagnosis: [Microsoft][ODBC SQL Server Driver][SQL Server]Invalid object name 'MonsterKillCount'.
[20:58:45] EXEC IGC_Monster_KillCount_Save 'ThayDayLy', 770
[20:58:45] SQLSTATE: 42S02, Diagnosis: [Microsoft][ODBC SQL Server Driver][SQL Server]Invalid object name 'MonsterKillCount'.
[20:58:45] EXEC IGC_Monster_KillCount_Save 'cs113', 768
[20:58:45] SQLSTATE: 42S02, Diagnosis: [Microsoft][ODBC SQL Server Driver][SQL Server]Invalid object name 'MonsterKillCount'.
[20:58:45] EXEC IGC_Monster_KillCount_Save 'MeFace', 771
[20:58:45] SQLSTATE: 42S02, Diagnosis: [Microsoft][ODBC SQL Server Driver][SQL Server]Invalid object name 'MonsterKillCount'.
[20:58:45] EXEC IGC_Monster_KillCount_Save 'VNZzGLzZVN', 786
[20:58:45] SQLSTATE: 42S02, Diagnosis: [Microsoft][ODBC SQL Server Driver][SQL Server]Invalid object name 'MonsterKillCount'.
[20:58:45] EXEC IGC_Monster_KillCount_Save 'VNZzGLzZVN', 786
[20:58:45] SQLSTATE: 42S02, Diagnosis: [Microsoft][ODBC SQL Server Driver][SQL Server]Invalid object name 'MonsterKillCount'.
[20:58:45] EXEC IGC_Monster_KillCount_Save 'Elvis', 789
[20:58:45] SQLSTATE: 42S02, Diagnosis: [Microsoft][ODBC SQL Server Driver][SQL Server]Invalid object name 'MonsterKillCount'.
[20:58:45] EXEC IGC_Monster_KillCount_Save 'GL03', 893
[20:58:45] SQLSTATE: 42S02, Diagnosis: [Microsoft][ODBC SQL Server Driver][SQL Server]Invalid object name 'MonsterKillCount'.
[20:58:45] SELECT Name FROM OptionData WHERE Name='Deva'
[20:58:45] UPDATE OptionData SET GameOption=29, Qkey=39, Wkey=255, Ekey=255, ChatWindow=0, Rkey=18, QWERLevel=658184, EnableChangeMode=0, PlayGuideLv=400, PlayGuideCK=0 WHERE Name='Deva'
[20:58:45] EXEC IGC_DisconnectPartyMember 'Deva', 'Deva', 1735322325
[20:58:45] SELECT Serial FROM IGC_HarmonyItemData WHERE Serial=2231480
[20:58:45] UPDATE IGC_HarmonyItemData SET Opt1=2, Opt1value=30, Opt2=4, Opt2value=179, Opt3=6, Opt3value=7 WHERE Serial=2231480
[20:58:45] EXEC IGC_SaveMuQuestInfo 262, 90, 1, 0, 1734970056
[20:58:45] UPDATE OptionData SET SkillKey=? where Name='Deva'
[20:58:45] EXEC IGC_PentagramInfoUpdate 402, 'devagm', 'Deva', 0, 0, 12, 222, 19, 0, 14, 0, 15, 15, 15, 15, 15, 15, 15, 15, 15
[20:58:45] UPDATE Character SET cLevel=400, mLevel=480, Class=151,LevelUpPoint=0, mlPoint=0, Experience=3822584592, mlExperience=2188222460, mlNextExp=43024359459, Strength=400, Dexterity=1993, Vitality=25, Energy=30, Money=224152104, Life=3564634112.000000, MaxLife=1232.000000, Mana=2410.000000, MaxMana=1643.000000, MapNumber=135, MapPosX=128, MapPosY=20, MapDir=7, PkCount=0, PkLevel=3, PkTime=0, Leadership=0, ChatLimitTime=0, RESETS = 0, Married = 0, MarryName = '', WinDuels=0, LoseDuels=0, BlockChatTime=0, PenaltyMask=0, Ruud=11786, OpenHuntingLog=132, StatGP=0, StatCoin=0, i4thSkillPoint=2, AddStrength=0, AddDexterity=0, AddVitality=0, AddEnergy=0, FruitAddPoint=0, FruitDecPoint=0, GrandResets=0, MonStat=0, Age=0, CJL=0, SIC=0, WingCoreType=255, WingCoreLevel=255, GiantMountType=0, GiantMountWear=0, AddLeadership=0 WHERE Name = 'Deva'
[20:58:45] EXEC IGC_PentagramInfoUpdate 402, 'devagm', 'Deva', 0, 1, 12, 232, 19, 0, 14, 0, 15, 15, 15, 15, 15, 15, 15, 15, 15
[20:58:45] EXEC IGC_DeleteWaitPartyMatchingList 'Deva'
[20:58:45] EXEC IGC_GensSave 'Deva', 10, 0
[20:58:45] UPDATE Character SET Inventory=? WHERE Name='Deva'
[20:58:45] EXEC IGC_PentagramInfoUpdate 402, 'devagm', 'Deva', 0, 2, 12, 242, 19, 0, 14, 0, 15, 15, 15, 15, 15, 15, 15, 15, 15
[20:58:45] DELETE FROM IGC_GensAbuse WHERE Name = 'Deva'
[20:58:45] UPDATE Character SET MagicList=? WHERE Name='Deva'
[20:58:45] EXEC IGC_PentagramInfoUpdate 402, 'devagm', 'Deva', 0, 3, 12, 252, 19, 0, 14, 0, 15, 15, 15, 15, 15, 15, 15, 15, 15
[20:58:45] UPDATE Character SET Quest=? WHERE Name='Deva'
[20:58:45] EXEC IGC_ClassQuest_MonsterKillSave 'Deva', -1, -1, 0, -1, 0, -1, 0, -1, 0, -1, 0
[20:58:45] UPDATE T_Event_Inventory SET Inventory=? WHERE Name = 'Deva'
[20:58:45] UPDATE IGC_Muun_Inventory SET Items=? WHERE Name='Deva'
[20:58:45] EXEC IGC_EvolutionMonsterInfoSave 'devagm', 'Deva', -1, 0, 0, -1, 0, 0, -1, 0, 0, -1, 0, 0, -1, 0, 0, 0
[20:58:45] EXEC IGC_MuunConditionInfoSetSave 'Deva', 0, 255, 0
[20:58:45] EXEC IGC_SetSaveRestoreInventory 'devagm', 'Deva', ?
[20:58:45] EXEC IGC_MuunConditionInfoSetSave 'Deva', 1, 255, 0
[20:58:45] EXEC IGC_EventMapEnterCount_Set 'Deva', 2, 2, 0, 0, 0, 0, 0
[20:58:45] EXEC IGC_MuunConditionInfoSetSave 'Deva', 2, 255, 0
[20:58:45] EXEC IGC_HuntingRecordInfoUserOpenSave 'devagm', 'Deva', 1
[20:58:45] EXEC IGC_ArtifactUpdate 'Deva', 64, 3014431, 0, 2, 10, 7, 255, 0, 255, 0, 0, 0
[20:58:45] DELETE FROM IGC_BlockChat WHERE Name = 'Deva'
[20:58:45] EXEC IGC_ResetInfoSave 262, 0
[20:58:45] SELECT character_id FROM IGC_SeasonPass WHERE character_id = 262
[20:58:45] UPDATE IGC_SeasonPass SET pass_id = 1, pass_type = 0, pass_level = 7, pass_experience = 1971, complete_mission = 8, today_exp = 163, mu_pass_reward = 7, gold_pass_reward = 0, premium_pass_reward = 0, last_login = 1735322325 WHERE character_id = 262
[20:58:45] SELECT character_id FROM IGC_SeasonPassTicket WHERE character_id = 262
[20:58:45] UPDATE IGC_SeasonPassTicket SET ticket_count = 0, special_point = 0 WHERE character_id = 262
[20:58:45] DELETE FROM IGC_SeasonPassMission WHERE character_id = 262
[20:58:45] INSERT INTO IGC_SeasonPassMission (character_id, mission_index, mission_type, current_step, current_amount) VALUES (262, 0, 0, 10, 2160)
[20:58:45] INSERT INTO IGC_SeasonPassMission (character_id, mission_index, mission_type, current_step, current_amount) VALUES (262, 1, 1, 1, 1646)
[20:58:45] INSERT INTO IGC_SeasonPassMission (character_id, mission_index, mission_type, current_step, current_amount) VALUES (262, 2, 2, 5, 34476)
[20:58:45] INSERT INTO IGC_SeasonPassMission (character_id, mission_index, mission_type, current_step, current_amount) VALUES (262, 3, 3, 3, 15)
[20:58:45] INSERT INTO IGC_SeasonPassMission (character_id, mission_index, mission_type, current_step, current_amount) VALUES (262, 4, 4, 3, 6)
[20:58:45] INSERT INTO IGC_SeasonPassMission (character_id, mission_index, mission_type, current_step, current_amount) VALUES (262, 7, 7, 0, 4)
[20:58:45] INSERT INTO IGC_SeasonPassMission (character_id, mission_index, mission_type, current_step, current_amount) VALUES (262, 11, 11, 1, 1)
[20:58:45] INSERT INTO IGC_SeasonPassMission (character_id, mission_index, mission_type, current_step, current_amount) VALUES (262, 16, 16, 1, 1)
[20:58:45] INSERT INTO IGC_SeasonPassMission (character_id, mission_index, mission_type, current_step, current_amount) VALUES (262, 17, 17, 1, 1)
[20:58:45] INSERT INTO IGC_SeasonPassMission (character_id, mission_index, mission_type, current_step, current_amount) VALUES (262, 24, 24, 1, 1)
[20:58:45] UPDATE IGC_HuntPoint SET HuntPoint=-1,Monsters=-1,Buffs='|0=12.5||1=12.5||2=12.5||3=12.5||4=12.5||5=12.5||6=12.5||7=12.5|',Inactive=-1,Quest='|0=0.0||1=0.0||2=0.0||3=0.0||4=0.0||5=0.0||6=0.0||7=0.0|', WeekMonsters=-1 WHERE Name = 'Deva'
[20:58:45] UPDATE IGC_HuntPoint SET QuestState=? where Name='Deva'
[20:58:45] EXEC IGC_Monster_KillCount_Save 'refuseLem', 310
[20:58:45] SQLSTATE: 42S02, Diagnosis: [Microsoft][ODBC SQL Server Driver][SQL Server]Invalid object name 'MonsterKillCount'.
[20:58:45] EXEC IGC_Monster_KillCount_Save 'refuseMG', 311
[20:58:45] SQLSTATE: 42S02, Diagnosis: [Microsoft][ODBC SQL Server Driver][SQL Server]Invalid object name 'MonsterKillCount'.
[20:58:45] EXEC IGC_Monster_KillCount_Save 'DTLove8', 574
[20:58:45] SQLSTATE: 42S02, Diagnosis: [Microsoft][ODBC SQL Server Driver][SQL Server]Invalid object name 'MonsterKillCount'.
[20:58:45] EXEC IGC_Monster_KillCount_Save 'DTLove8', 574
[20:58:45] SQLSTATE: 42S02, Diagnosis: [Microsoft][ODBC SQL Server Driver][SQL Server]Invalid object name 'MonsterKillCount'.
[20:58:45] EXEC IGC_Monster_KillCount_Save 'DTLove8', 574
[20:58:45] SQLSTATE: 42S02, Diagnosis: [Microsoft][ODBC SQL Server Driver][SQL Server]Invalid object name 'MonsterKillCount'.
[20:58:45] EXEC IGC_Monster_KillCount_Save 'Ulquiora', 575
[20:58:45] SQLSTATE: 42S02, Diagnosis: [Microsoft][ODBC SQL Server Driver][SQL Server]Invalid object name 'MonsterKillCount'.
[20:58:45] EXEC IGC_Monster_KillCount_Save 'Mrdka', 743
[20:58:45] SQLSTATE: 42S02, Diagnosis: [Microsoft][ODBC SQL Server Driver][SQL Server]Invalid object name 'MonsterKillCount'.
[20:58:45] EXEC IGC_Monster_KillCount_Save 'uckyBcTBo', 767
[20:58:45] SQLSTATE: 42S02, Diagnosis: [Microsoft][ODBC SQL Server Driver][SQL Server]Invalid object name 'MonsterKillCount'.
[20:58:45] EXEC IGC_Monster_KillCount_Save 'ARJHOTV', 569
[20:58:45] SQLSTATE: 42S02, Diagnosis: [Microsoft][ODBC SQL Server Driver][SQL Server]Invalid object name 'MonsterKillCount'.
[20:58:45] EXEC IGC_Monster_KillCount_Save 'Canalha', 39
[20:58:45] SQLSTATE: 42S02, Diagnosis: [Microsoft][ODBC SQL Server Driver][SQL Server]Invalid object name 'MonsterKillCount'.
[20:58:45] EXEC IGC_Monster_KillCount_Save 'aaaaaaaaaa', 443
[20:58:45] SQLSTATE: 42S02, Diagnosis: [Microsoft][ODBC SQL Server Driver][SQL Server]Invalid object name 'MonsterKillCount'.
[20:58:45] EXEC IGC_Monster_KillCount_Save 'aaaaaaaaaa', 443
[20:58:45] SQLSTATE: 42S02, Diagnosis: [Microsoft][ODBC SQL Server Driver][SQL Server]Invalid object name 'MonsterKillCount'.
[20:58:45] EXEC IGC_Monster_KillCount_Save 'aaaaaaaaaa', 443
[20:58:45] SQLSTATE: 42S02, Diagnosis: [Microsoft][ODBC SQL Server Driver][SQL Server]Invalid object name 'MonsterKillCount'.
[20:58:45] EXEC IGC_Monster_KillCount_Save '3WindSoul', 445
[20:58:45] SQLSTATE: 42S02, Diagnosis: [Microsoft][ODBC SQL Server Driver][SQL Server]Invalid object name 'MonsterKillCount'.
[20:58:45] EXEC IGC_Monster_KillCount_Save '06SL', 480
[20:58:45] SQLSTATE: 42S02, Diagnosis: [Microsoft][ODBC SQL Server Driver][SQL Server]Invalid object name 'MonsterKillCount'.
[20:58:45] EXEC IGC_Monster_KillCount_Save '06SL', 480
[20:58:45] SQLSTATE: 42S02, Diagnosis: [Microsoft][ODBC SQL Server Driver][SQL Server]Invalid object name 'MonsterKillCount'.
[20:58:45] EXEC IGC_Monster_KillCount_Save '06SL', 480
[20:58:45] SQLSTATE: 42S02, Diagnosis: [Microsoft][ODBC SQL Server Driver][SQL Server]Invalid object name 'MonsterKillCount'.
[20:58:45] EXEC IGC_Monster_KillCount_Save '06SL', 480
[20:58:45] SQLSTATE: 42S02, Diagnosis: [Microsoft][ODBC SQL Server Driver][SQL Server]Invalid object name 'MonsterKillCount'.
[20:58:45] EXEC IGC_Monster_KillCount_Save 'MisterMD', 608
[20:58:45] SQLSTATE: 42S02, Diagnosis: [Microsoft][ODBC SQL Server Driver][SQL Server]Invalid object name 'MonsterKillCount'.
[20:58:45] EXEC IGC_Monster_KillCount_Save 'Basaev', 670
[20:58:45] SQLSTATE: 42S02, Diagnosis: [Microsoft][ODBC SQL Server Driver][SQL Server]Invalid object name 'MonsterKillCount'.
[20:58:45] EXEC IGC_Monster_KillCount_Save 'SL07', 893
[20:58:45] SQLSTATE: 42S02, Diagnosis: [Microsoft][ODBC SQL Server Driver][SQL Server]Invalid object name 'MonsterKillCount'.
[20:58:45] EXEC IGC_Monster_KillCount_Save 'DTLove9', 573
[20:58:45] SQLSTATE: 42S02, Diagnosis: [Microsoft][ODBC SQL Server Driver][SQL Server]Invalid object name 'MonsterKillCount'.
[20:58:45] EXEC IGC_Monster_KillCount_Save 'DTLove8', 574
[20:58:45] SQLSTATE: 42S02, Diagnosis: [Microsoft][ODBC SQL Server Driver][SQL Server]Invalid object name 'MonsterKillCount'.
[20:58:45] EXEC IGC_Monster_KillCount_Save 'DTLove8', 574
[20:58:45] SQLSTATE: 42S02, Diagnosis: [Microsoft][ODBC SQL Server Driver][SQL Server]Invalid object name 'MonsterKillCount'.
[20:58:45] SELECT Name FROM OptionData WHERE Name='2cha'
[20:58:46] EXEC IGC_DeleteWaitPartyMatchingList '2cha'
[20:58:46] UPDATE OptionData SET GameOption=29, Qkey=39, Wkey=39, Ekey=8, ChatWindow=0, Rkey=6, QWERLevel=658184, EnableChangeMode=0, PlayGuideLv=400, PlayGuideCK=0 WHERE Name='2cha'
[20:58:46] UPDATE T_Event_Inventory SET Inventory=? WHERE Name = '2cha'
[20:58:46] EXEC IGC_GensSave '2cha', 39, 14
[20:58:46] UPDATE OptionData SET SkillKey=? where Name='2cha'
[20:58:46] DELETE FROM IGC_GensAbuse WHERE Name = '2cha'
[20:58:46] EXEC IGC_EvolutionMonsterInfoSave 'stiffler', '2cha', -1, 0, 0, -1, 0, 0, -1, 0, 0, -1, 0, 0, -1, 0, 0, 0
[20:58:46] UPDATE Character SET cLevel=400, mLevel=494, Class=39,LevelUpPoint=0, mlPoint=0, Experience=3830221364, mlExperience=26612586720, mlNextExp=47224359459, Strength=250, Dexterity=2047, Vitality=50, Energy=100, Money=89096358, Life=515375104.000000, MaxLife=1193.000000, Mana=3564.000000, MaxMana=1497.000000, MapNumber=135, MapPosX=128, MapPosY=26, MapDir=4, PkCount=0, PkLevel=3, PkTime=0, Leadership=0, ChatLimitTime=0, RESETS = 0, Married = 0, MarryName = '', WinDuels=0, LoseDuels=0, BlockChatTime=0, PenaltyMask=0, Ruud=96528, OpenHuntingLog=52, StatGP=0, StatCoin=0, i4thSkillPoint=2, AddStrength=0, AddDexterity=0, AddVitality=0, AddEnergy=0, FruitAddPoint=0, FruitDecPoint=0, GrandResets=0, MonStat=0, Age=0, CJL=0, SIC=0, WingCoreType=255, WingCoreLevel=255, GiantMountType=0, GiantMountWear=0, AddLeadership=0 WHERE Name = '2cha'
[20:58:46] EXEC IGC_SetSaveRestoreInventory 'stiffler', '2cha', ?
[20:58:46] UPDATE Character SET Inventory=? WHERE Name='2cha'
[20:58:46] EXEC IGC_EventMapEnterCount_Set '2cha', 1, 0, 0, 0, 0, 0, 0
[20:58:46] UPDATE Character SET MagicList=? WHERE Name='2cha'
[20:58:46] EXEC IGC_HuntingRecordInfoUserOpenSave 'stiffler', '2cha', 1
[20:58:46] UPDATE Character SET Quest=? WHERE Name='2cha'
[20:58:46] DELETE FROM IGC_BlockChat WHERE Name = '2cha'
[20:58:46] EXEC IGC_ClassQuest_MonsterKillSave '2cha', -1, -1, 0, -1, 0, -1, 0, -1, 0, -1, 0
[20:58:46] EXEC IGC_ResetInfoSave 372, 0
[20:58:46] UPDATE IGC_Muun_Inventory SET Items=? WHERE Name='2cha'
[20:58:46] SELECT character_id FROM IGC_SeasonPass WHERE character_id = 372
[20:58:46] UPDATE IGC_SeasonPass SET pass_id = 1, pass_type = 0, pass_level = 12, pass_experience = 3470, complete_mission = 9, today_exp = 183, mu_pass_reward = 12, gold_pass_reward = 0, premium_pass_reward = 0, last_login = 1735322326 WHERE character_id = 372
[20:58:46] EXEC IGC_MuunConditionInfoSetSave '2cha', 0, 255, 0
[20:58:46] SELECT character_id FROM IGC_SeasonPassTicket WHERE character_id = 372
[20:58:46] UPDATE IGC_SeasonPassTicket SET ticket_count = 0, special_point = 0 WHERE character_id = 372
[20:58:46] EXEC IGC_MuunConditionInfoSetSave '2cha', 1, 255, 0
[20:58:46] DELETE FROM IGC_SeasonPassMission WHERE character_id = 372
[20:58:46] EXEC IGC_MuunConditionInfoSetSave '2cha', 2, 255, 0
[20:58:46] INSERT INTO IGC_SeasonPassMission (character_id, mission_index, mission_type, current_step, current_amount) VALUES (372, 0, 0, 10, 2160)
[20:58:46] INSERT INTO IGC_SeasonPassMission (character_id, mission_index, mission_type, current_step, current_amount) VALUES (372, 1, 1, 7, 1700)
[20:58:46] INSERT INTO IGC_SeasonPassMission (character_id, mission_index, mission_type, current_step, current_amount) VALUES (372, 2, 2, 5, 34468)
[20:58:46] INSERT INTO IGC_SeasonPassMission (character_id, mission_index, mission_type, current_step, current_amount) VALUES (372, 3, 3, 3, 15)
[20:58:46] INSERT INTO IGC_SeasonPassMission (character_id, mission_index, mission_type, current_step, current_amount) VALUES (372, 4, 4, 3, 6)
[20:58:46] INSERT INTO IGC_SeasonPassMission (character_id, mission_index, mission_type, current_step, current_amount) VALUES (372, 7, 7, 1, 5)
[20:58:46] INSERT INTO IGC_SeasonPassMission (character_id, mission_index, mission_type, current_step, current_amount) VALUES (372, 11, 11, 1, 1)
[20:58:46] INSERT INTO IGC_SeasonPassMission (character_id, mission_index, mission_type, current_step, current_amount) VALUES (372, 17, 17, 1, 1)
[20:58:46] INSERT INTO IGC_SeasonPassMission (character_id, mission_index, mission_type, current_step, current_amount) VALUES (372, 24, 24, 1, 1)
[20:58:46] UPDATE IGC_HuntPoint SET HuntPoint=-1,Monsters=-1,Buffs='|0=12.5||1=12.5||2=12.5||3=12.5||4=12.5||5=12.5||6=12.5||7=12.5|',Inactive=-1,Quest='|0=0.0||1=0.0||2=0.0||3=0.0||4=0.0||5=0.0||6=0.0||7=0.0|', WeekMonsters=-1 WHERE Name = '2cha'
[20:58:46] UPDATE IGC_HuntPoint SET QuestState=? where Name='2cha'
[20:58:46] EXEC IGC_Monster_KillCount_Save 'Lancer', 35
[20:58:46] SQLSTATE: 42S02, Diagnosis: [Microsoft][ODBC SQL Server Driver][SQL Server]Invalid object name 'MonsterKillCount'.
[20:58:46] EXEC IGC_Monster_KillCount_Save '9PORSCHE', 45
[20:58:46] SQLSTATE: 42S02, Diagnosis: [Microsoft][ODBC SQL Server Driver][SQL Server]Invalid object name 'MonsterKillCount'.
[20:58:46] EXEC IGC_Monster_KillCount_Save 'isker', 449
[20:58:46] SQLSTATE: 42S02, Diagnosis: [Microsoft][ODBC SQL Server Driver][SQL Server]Invalid object name 'MonsterKillCount'.
[20:58:46] EXEC IGC_Monster_KillCount_Save 'Impossible', 449
[20:58:46] SQLSTATE: 42S02, Diagnosis: [Microsoft][ODBC SQL Server Driver][SQL Server]Invalid object name 'MonsterKillCount'.
[20:58:46] EXEC IGC_Monster_KillCount_Save 'RatLaVL', 575
[20:58:46] SQLSTATE: 42S02, Diagnosis: [Microsoft][ODBC SQL Server Driver][SQL Server]Invalid object name 'MonsterKillCount'.
[20:58:46] EXEC IGC_Monster_KillCount_Save 'RatLaVL', 575
[20:58:46] SQLSTATE: 42S02, Diagnosis: [Microsoft][ODBC SQL Server Driver][SQL Server]Invalid object name 'MonsterKillCount'.
[20:58:46] EXEC IGC_Monster_KillCount_Save 'RatLaVL', 575
[20:58:46] SQLSTATE: 42S02, Diagnosis: [Microsoft][ODBC SQL Server Driver][SQL Server]Invalid object name 'MonsterKillCount'.
[20:58:46] EXEC IGC_Monster_KillCount_Save 'RatLaVL', 575
[20:58:46] SQLSTATE: 42S02, Diagnosis: [Microsoft][ODBC SQL Server Driver][SQL Server]Invalid object name 'MonsterKillCount'.
[20:58:46] EXEC IGC_Monster_KillCount_Save 'RatLaVL', 575
[20:58:46] SQLSTATE: 42S02, Diagnosis: [Microsoft][ODBC SQL Server Driver][SQL Server]Invalid object name 'MonsterKillCount'.
[20:58:46] EXEC IGC_Monster_KillCount_Save 'RatLaVL', 575
[20:58:46] SQLSTATE: 42S02, Diagnosis: [Microsoft][ODBC SQL Server Driver][SQL Server]Invalid object name 'MonsterKillCount'.
[20:58:46] EXEC IGC_Monster_KillCount_Save 'AstroX', 730
[20:58:46] SQLSTATE: 42S02, Diagnosis: [Microsoft][ODBC SQL Server Driver][SQL Server]Invalid object name 'MonsterKillCount'.
[20:58:46] EXEC IGC_Monster_KillCount_Save 'CoDaySinh', 767
[20:58:46] SQLSTATE: 42S02, Diagnosis: [Microsoft][ODBC SQL Server Driver][SQL Server]Invalid object name 'MonsterKillCount'.
[20:58:46] EXEC IGC_Monster_KillCount_Save 'DTLove9', 573
[20:58:46] SQLSTATE: 42S02, Diagnosis: [Microsoft][ODBC SQL Server Driver][SQL Server]Invalid object name 'MonsterKillCount'.
[20:58:46] EXEC IGC_Monster_KillCount_Save 'zZElfHitZz', 770
[20:58:46] SQLSTATE: 42S02, Diagnosis: [Microsoft][ODBC SQL Server Driver][SQL Server]Invalid object name 'MonsterKillCount'.
[20:58:46] EXEC IGC_Monster_KillCount_Save 'ARJHOTV', 569
[20:58:46] SQLSTATE: 42S02, Diagnosis: [Microsoft][ODBC SQL Server Driver][SQL Server]Invalid object name 'MonsterKillCount'.
[20:58:46] EXEC IGC_Monster_KillCount_Save 'Canalha', 39
[20:58:46] SQLSTATE: 42S02, Diagnosis: [Microsoft][ODBC SQL Server Driver][SQL Server]Invalid object name 'MonsterKillCount'.
[20:58:46] EXEC IGC_Monster_KillCount_Save 'Canalha', 39
[20:58:46] SQLSTATE: 42S02, Diagnosis: [Microsoft][ODBC SQL Server Driver][SQL Server]Invalid object name 'MonsterKillCount'.
[20:58:46] EXEC IGC_Monster_KillCount_Save 'TOP1FARMJW', 351
[20:58:46] SQLSTATE: 42S02, Diagnosis: [Microsoft][ODBC SQL Server Driver][SQL Server]Invalid object name 'MonsterKillCount'.
[20:58:46] EXEC IGC_Monster_KillCount_Save 'bbbbb', 353
[20:58:46] SQLSTATE: 42S02, Diagnosis: [Microsoft][ODBC SQL Server Driver][SQL Server]Invalid object name 'MonsterKillCount'.
[20:58:46] EXEC IGC_Monster_KillCount_Save 'Ruud', 358
[20:58:46] SQLSTATE: 42S02, Diagnosis: [Microsoft][ODBC SQL Server Driver][SQL Server]Invalid object name 'MonsterKillCount'.
[20:58:46] EXEC IGC_Monster_KillCount_Save 'Ruud', 358
[20:58:46] SQLSTATE: 42S02, Diagnosis: [Microsoft][ODBC SQL Server Driver][SQL Server]Invalid object name 'MonsterKillCount'.
[20:58:46] EXEC IGC_Monster_KillCount_Save 'Hocok', 446
[20:58:46] SQLSTATE: 42S02, Diagnosis: [Microsoft][ODBC SQL Server Driver][SQL Server]Invalid object name 'MonsterKillCount'.
[20:58:46] EXEC IGC_Monster_KillCount_Save '100GL', 486
[20:58:46] SQLSTATE: 42S02, Diagnosis: [Microsoft][ODBC SQL Server Driver][SQL Server]Invalid object name 'MonsterKillCount'.
[20:58:46] EXEC IGC_Monster_KillCount_Save 'RatLaVL', 575
[20:58:46] SQLSTATE: 42S02, Diagnosis: [Microsoft][ODBC SQL Server Driver][SQL Server]Invalid object name 'MonsterKillCount'.
[20:58:46] EXEC IGC_Monster_KillCount_Save 'Tarabas', 586
[20:58:46] SQLSTATE: 42S02, Diagnosis: [Microsoft][ODBC SQL Server Driver][SQL Server]Invalid object name 'MonsterKillCount'.
[20:58:46] EXEC IGC_Monster_KillCount_Save 'MisterMD', 608
[20:58:46] SQLSTATE: 42S02, Diagnosis: [Microsoft][ODBC SQL Server Driver][SQL Server]Invalid object name 'MonsterKillCount'.
[20:58:46] EXEC IGC_Monster_KillCount_Save 'CoDaySinh', 767
[20:58:46] SQLSTATE: 42S02, Diagnosis: [Microsoft][ODBC SQL Server Driver][SQL Server]Invalid object name 'MonsterKillCount'.
[20:58:46] EXEC IGC_Monster_KillCount_Save 'CoDaySinh', 767
[20:58:46] SQLSTATE: 42S02, Diagnosis: [Microsoft][ODBC SQL Server Driver][SQL Server]Invalid object name 'MonsterKillCount'.
[20:58:46] EXEC IGC_Monster_KillCount_Save 'CoDaySinh', 767
[20:58:46] SQLSTATE: 42S02, Diagnosis: [Microsoft][ODBC SQL Server Driver][SQL Server]Invalid object name 'MonsterKillCount'.
[20:58:46] EXEC IGC_Monster_KillCount_Save 'GL01', 770
[20:58:46] SQLSTATE: 42S02, Diagnosis: [Microsoft][ODBC SQL Server Driver][SQL Server]Invalid object name 'MonsterKillCount'.
[20:58:46] EXEC IGC_Monster_KillCount_Save 'Lenhen', 771
[20:58:46] SQLSTATE: 42S02, Diagnosis: [Microsoft][ODBC SQL Server Driver][SQL Server]Invalid object name 'MonsterKillCount'.
[20:58:46] EXEC IGC_Monster_KillCount_Save 'KimChuaXau', 786
[20:58:46] SQLSTATE: 42S02, Diagnosis: [Microsoft][ODBC SQL Server Driver][SQL Server]Invalid object name 'MonsterKillCount'.
[20:58:46] EXEC IGC_Monster_KillCount_Save 'iskerka', 787
[20:58:46] SQLSTATE: 42S02, Diagnosis: [Microsoft][ODBC SQL Server Driver][SQL Server]Invalid object name 'MonsterKillCount'.
[20:58:46] SELECT Name FROM IGC_FavouriteWarpData WHERE Name = 'DeMoH'
[20:58:46] UPDATE IGC_FavouriteWarpData SET WarpIndex_1 = -1, WarpMapNum_1 = -1, WarpIndex_2 = -1, WarpMapNum_2 = -1, WarpIndex_3 = -1, WarpMapNum_3 = -1, WarpIndex_4 = -1, WarpMapNum_4 = -1, WarpIndex_5 = -1, WarpMapNum_5 = -1 WHERE Name = 'DeMoH'
[20:58:46] EXEC IGC_Monster_KillCount_Save 'Ruub', 358
[20:58:47] SQLSTATE: 42S02, Diagnosis: [Microsoft][ODBC SQL Server Driver][SQL Server]Invalid object name 'MonsterKillCount'.
[20:58:47] EXEC IGC_Monster_KillCount_Save 'Mrdka', 743
[20:58:47] SQLSTATE: 42S02, Diagnosis: [Microsoft][ODBC SQL Server Driver][SQL Server]Invalid object name 'MonsterKillCount'.
[20:58:47] EXEC IGC_Monster_KillCount_Save 'Lancer', 35
[20:58:47] SQLSTATE: 42S02, Diagnosis: [Microsoft][ODBC SQL Server Driver][SQL Server]Invalid object name 'MonsterKillCount'.
[20:58:47] EXEC IGC_Monster_KillCount_Save 'Lancer', 35
[20:58:47] SQLSTATE: 42S02, Diagnosis: [Microsoft][ODBC SQL Server Driver][SQL Server]Invalid object name 'MonsterKillCount'.
[20:58:47] EXEC IGC_Monster_KillCount_Save 'RatLaVaiL', 40
[20:58:47] SQLSTATE: 42S02, Diagnosis: [Microsoft][ODBC SQL Server Driver][SQL Server]Invalid object name 'MonsterKillCount'.
[20:58:47] EXEC IGC_Monster_KillCount_Save 'RatLaVaiL', 40
[20:58:47] SQLSTATE: 42S02, Diagnosis: [Microsoft][ODBC SQL Server Driver][SQL Server]Invalid object name 'MonsterKillCount'.
[20:58:47] EXEC IGC_Monster_KillCount_Save 'RatLaVaiL', 40
[20:58:47] SQLSTATE: 42S02, Diagnosis: [Microsoft][ODBC SQL Server Driver][SQL Server]Invalid object name 'MonsterKillCount'.
[20:58:47] EXEC IGC_Monster_KillCount_Save 'Duud', 444
[20:58:47] SQLSTATE: 42S02, Diagnosis: [Microsoft][ODBC SQL Server Driver][SQL Server]Invalid object name 'MonsterKillCount'.
[20:58:47] EXEC IGC_Monster_KillCount_Save 'Ladyzinha', 770
[20:58:47] SQLSTATE: 42S02, Diagnosis: [Microsoft][ODBC SQL Server Driver][SQL Server]Invalid object name 'MonsterKillCount'.
[20:58:47] EXEC IGC_Monster_KillCount_Save 'Ladyzinha', 770
[20:58:47] SQLSTATE: 42S02, Diagnosis: [Microsoft][ODBC SQL Server Driver][SQL Server]Invalid object name 'MonsterKillCount'.
[20:58:47] EXEC IGC_Monster_KillCount_Save 'CS115', 768
[20:58:47] SQLSTATE: 42S02, Diagnosis: [Microsoft][ODBC SQL Server Driver][SQL Server]Invalid object name 'MonsterKillCount'.
[20:58:47] EXEC IGC_Monster_KillCount_Save 'FunnyBunny', 771
[20:58:47] SQLSTATE: 42S02, Diagnosis: [Microsoft][ODBC SQL Server Driver][SQL Server]Invalid object name 'MonsterKillCount'.
[20:58:47] EXEC IGC_Monster_KillCount_Save 'AEshka', 771
[20:58:47] SQLSTATE: 42S02, Diagnosis: [Microsoft][ODBC SQL Server Driver][SQL Server]Invalid object name 'MonsterKillCount'.
[20:58:47] EXEC IGC_Monster_KillCount_Save 'Candy', 786
[20:58:47] SQLSTATE: 42S02, Diagnosis: [Microsoft][ODBC SQL Server Driver][SQL Server]Invalid object name 'MonsterKillCount'.
[20:58:47] EXEC IGC_Monster_KillCount_Save 'Kundun', 789
[20:58:47] SQLSTATE: 42S02, Diagnosis: [Microsoft][ODBC SQL Server Driver][SQL Server]Invalid object name 'MonsterKillCount'.
[20:58:47] EXEC IGC_Monster_KillCount_Save 'HongAnhSL', 70
[20:58:47] SQLSTATE: 42S02, Diagnosis: [Microsoft][ODBC SQL Server Driver][SQL Server]Invalid object name 'MonsterKillCount'.
[20:58:47] EXEC IGC_Monster_KillCount_Save 'HongAnhSL', 70
[20:58:47] SQLSTATE: 42S02, Diagnosis: [Microsoft][ODBC SQL Server Driver][SQL Server]Invalid object name 'MonsterKillCount'.
[20:58:47] EXEC IGC_Monster_KillCount_Save 'ikacko', 487
[20:58:47] SQLSTATE: 42S02, Diagnosis: [Microsoft][ODBC SQL Server Driver][SQL Server]Invalid object name 'MonsterKillCount'.
[20:58:47] EXEC IGC_Monster_KillCount_Save 'DTLove10', 569
[20:58:47] SQLSTATE: 42S02, Diagnosis: [Microsoft][ODBC SQL Server Driver][SQL Server]Invalid object name 'MonsterKillCount'.
[20:58:47] EXEC IGC_Monster_KillCount_Save 'uckyBcTBo', 767
[20:58:47] SQLSTATE: 42S02, Diagnosis: [Microsoft][ODBC SQL Server Driver][SQL Server]Invalid object name 'MonsterKillCount'.
[20:58:47] EXEC IGC_Monster_KillCount_Save 'DarkIK', 770
[20:58:47] SQLSTATE: 42S02, Diagnosis: [Microsoft][ODBC SQL Server Driver][SQL Server]Invalid object name 'MonsterKillCount'.
[20:58:47] EXEC IGC_Monster_KillCount_Save 'DarkIK', 770
[20:58:47] SQLSTATE: 42S02, Diagnosis: [Microsoft][ODBC SQL Server Driver][SQL Server]Invalid object name 'MonsterKillCount'.
[20:58:47] EXEC IGC_Monster_KillCount_Save 'Canalha', 39
[20:58:47] SQLSTATE: 42S02, Diagnosis: [Microsoft][ODBC SQL Server Driver][SQL Server]Invalid object name 'MonsterKillCount'.
[20:58:47] EXEC IGC_Monster_KillCount_Save 'TOP1FARMJW', 351
[20:58:47] SQLSTATE: 42S02, Diagnosis: [Microsoft][ODBC SQL Server Driver][SQL Server]Invalid object name 'MonsterKillCount'.
[20:58:47] EXEC IGC_Monster_KillCount_Save '3WindSoul', 445
[20:58:47] SQLSTATE: 42S02, Diagnosis: [Microsoft][ODBC SQL Server Driver][SQL Server]Invalid object name 'MonsterKillCount'.
[20:58:47] EXEC IGC_Monster_KillCount_Save 'MisterMD', 608
[20:58:47] SQLSTATE: 42S02, Diagnosis: [Microsoft][ODBC SQL Server Driver][SQL Server]Invalid object name 'MonsterKillCount'.
[20:58:47] EXEC IGC_Monster_KillCount_Save 'Zlato4ka', 609
[20:58:47] SQLSTATE: 42S02, Diagnosis: [Microsoft][ODBC SQL Server Driver][SQL Server]Invalid object name 'MonsterKillCount'.
[20:58:47] EXEC IGC_Monster_KillCount_Save 'MeFace', 771
[20:58:47] SQLSTATE: 42S02, Diagnosis: [Microsoft][ODBC SQL Server Driver][SQL Server]Invalid object name 'MonsterKillCount'.
[20:58:47] EXEC IGC_Monster_KillCount_Save 'AAAA', 772
[20:58:47] SQLSTATE: 42S02, Diagnosis: [Microsoft][ODBC SQL Server Driver][SQL Server]Invalid object name 'MonsterKillCount'.
[20:58:47] EXEC IGC_Monster_KillCount_Save 'Insane', 772
[20:58:47] SQLSTATE: 42S02, Diagnosis: [Microsoft][ODBC SQL Server Driver][SQL Server]Invalid object name 'MonsterKillCount'.
[20:58:47] EXEC IGC_Monster_KillCount_Save 'G123', 789
[20:58:47] SQLSTATE: 42S02, Diagnosis: [Microsoft][ODBC SQL Server Driver][SQL Server]Invalid object name 'MonsterKillCount'.
[20:58:47] EXEC IGC_Monster_KillCount_Save 'G123', 789
[20:58:47] SQLSTATE: 42S02, Diagnosis: [Microsoft][ODBC SQL Server Driver][SQL Server]Invalid object name 'MonsterKillCount'.
[20:58:47] EXEC IGC_DisconnectPartyMember 'qwer', 'siri', 1735322327
[20:58:47] EXEC IGC_SaveGuideQuestInfo 327, 26, 0, 1, 0
[20:58:47] UPDATE Character SET cLevel=400, mLevel=547, Class=151,LevelUpPoint=25, mlPoint=12, Experience=3823797122, mlExperience=14084335920, mlNextExp=63124359459, Strength=499, Dexterity=1899, Vitality=15, Energy=10, Money=45383460, Life=2671771648.000000, MaxLife=1265.000000, Mana=4252.000000, MaxMana=1712.000000, MapNumber=122, MapPosX=127, MapPosY=113, MapDir=3, PkCount=0, PkLevel=3, PkTime=0, Leadership=0, ChatLimitTime=0, RESETS = 0, Married = 0, MarryName = '', WinDuels=0, LoseDuels=0, BlockChatTime=0, PenaltyMask=0, Ruud=13007, OpenHuntingLog=52, StatGP=0, StatCoin=0, i4thSkillPoint=2, AddStrength=0, AddDexterity=0, AddVitality=0, AddEnergy=0, FruitAddPoint=0, FruitDecPoint=0, GrandResets=0, MonStat=0, Age=0, CJL=0, SIC=0, WingCoreType=255, WingCoreLevel=255, GiantMountType=0, GiantMountWear=0, AddLeadership=0 WHERE Name = 'siri'
[20:58:47] UPDATE T_Event_Inventory SET Inventory=? WHERE Name = 'siri'
[20:58:47] UPDATE Character SET Inventory=? WHERE Name='siri'
[20:58:47] EXEC IGC_EvolutionMonsterInfoSave 'qwww', 'siri', -1, 0, 0, -1, 0, 0, -1, 0, 0, -1, 0, 0, -1, 0, 0, 0
[20:58:47] EXEC IGC_DeleteWaitPartyMatchingList 'siri'
[20:58:47] UPDATE Character SET MagicList=? WHERE Name='siri'
[20:58:47] EXEC IGC_SetSaveRestoreInventory 'qwww', 'siri', ?
[20:58:47] UPDATE Character SET Quest=? WHERE Name='siri'
[20:58:47] EXEC IGC_EventMapEnterCount_Set 'siri', 0, 0, 0, 0, 0, 0, 0
[20:58:47] EXEC IGC_ClassQuest_MonsterKillSave 'siri', -1, -1, 0, -1, 0, -1, 0, -1, 0, -1, 0
[20:58:47] EXEC IGC_HuntingRecordInfoUserOpenSave 'qwww', 'siri', 1
[20:58:47] UPDATE IGC_Muun_Inventory SET Items=? WHERE Name='siri'
[20:58:47] DELETE FROM IGC_BlockChat WHERE Name = 'siri'
[20:58:47] EXEC IGC_MuunConditionInfoSetSave 'siri', 0, 255, 0
[20:58:47] EXEC IGC_MuunConditionInfoSetSave 'siri', 1, 255, 0
[20:58:47] SELECT character_id FROM IGC_SeasonPass WHERE character_id = 327
[20:58:47] UPDATE IGC_SeasonPass SET pass_id = 1, pass_type = 0, pass_level = 4, pass_experience = 1138, complete_mission = 7, today_exp = 143, mu_pass_reward = 3, gold_pass_reward = 0, premium_pass_reward = 0, last_login = 1735322327 WHERE character_id = 327
[20:58:47] EXEC IGC_MuunConditionInfoSetSave 'siri', 2, 255, 0
[20:58:47] SELECT character_id FROM IGC_SeasonPassTicket WHERE character_id = 327
[20:58:47] UPDATE IGC_SeasonPassTicket SET ticket_count = 0, special_point = 0 WHERE character_id = 327
[20:58:47] DELETE FROM IGC_SeasonPassMission WHERE character_id = 327
[20:58:47] INSERT INTO IGC_SeasonPassMission (character_id, mission_index, mission_type, current_step, current_amount) VALUES (327, 0, 0, 10, 2160)
[20:58:47] INSERT INTO IGC_SeasonPassMission (character_id, mission_index, mission_type, current_step, current_amount) VALUES (327, 1, 1, 1, 1197)
[20:58:47] INSERT INTO IGC_SeasonPassMission (character_id, mission_index, mission_type, current_step, current_amount) VALUES (327, 2, 2, 5, 34480)
[20:58:47] INSERT INTO IGC_SeasonPassMission (character_id, mission_index, mission_type, current_step, current_amount) VALUES (327, 3, 3, 3, 15)
[20:58:47] INSERT INTO IGC_SeasonPassMission (character_id, mission_index, mission_type, current_step, current_amount) VALUES (327, 4, 4, 3, 6)
[20:58:47] INSERT INTO IGC_SeasonPassMission (character_id, mission_index, mission_type, current_step, current_amount) VALUES (327, 7, 7, 1, 5)
[20:58:47] INSERT INTO IGC_SeasonPassMission (character_id, mission_index, mission_type, current_step, current_amount) VALUES (327, 11, 11, 1, 1)
[20:58:47] INSERT INTO IGC_SeasonPassMission (character_id, mission_index, mission_type, current_step, current_amount) VALUES (327, 24, 24, 1, 1)
[20:58:47] UPDATE IGC_HuntPoint SET HuntPoint=-1,Monsters=-1,Buffs='|0=12.5||1=12.5||2=12.5||3=12.5||4=12.5||5=12.5||6=12.5||7=12.5|',Inactive=-1,Quest='|0=0.0||1=0.0||2=0.0||3=0.0||4=0.0||5=0.0||6=0.0||7=0.0|', WeekMonsters=-1 WHERE Name = 'siri'
[20:58:47] UPDATE IGC_HuntPoint SET QuestState=? where Name='siri'
[20:58:47] EXEC IGC_Monster_KillCount_Save 'HongAnhSL', 70
[20:58:47] SQLSTATE: 42S02, Diagnosis: [Microsoft][ODBC SQL Server Driver][SQL Server]Invalid object name 'MonsterKillCount'.
[20:58:48] EXEC IGC_Monster_KillCount_Save 'TDLove', 573
[20:58:48] SQLSTATE: 42S02, Diagnosis: [Microsoft][ODBC SQL Server Driver][SQL Server]Invalid object name 'MonsterKillCount'.
[20:58:48] EXEC IGC_Monster_KillCount_Save 'TDLove', 573
[20:58:48] SQLSTATE: 42S02, Diagnosis: [Microsoft][ODBC SQL Server Driver][SQL Server]Invalid object name 'MonsterKillCount'.
[20:58:48] EXEC IGC_Monster_KillCount_Save 'TDLove', 573
[20:58:48] SQLSTATE: 42S02, Diagnosis: [Microsoft][ODBC SQL Server Driver][SQL Server]Invalid object name 'MonsterKillCount'.
[20:58:48] EXEC IGC_Monster_KillCount_Save 'TDLove', 573
[20:58:48] SQLSTATE: 42S02, Diagnosis: [Microsoft][ODBC SQL Server Driver][SQL Server]Invalid object name 'MonsterKillCount'.
[20:58:48] EXEC IGC_Monster_KillCount_Save 'TDLove', 573
[20:58:48] SQLSTATE: 42S02, Diagnosis: [Microsoft][ODBC SQL Server Driver][SQL Server]Invalid object name 'MonsterKillCount'.
[20:58:48] EXEC IGC_Monster_KillCount_Save 'HongAnhGL', 730
[20:58:48] SQLSTATE: 42S02, Diagnosis: [Microsoft][ODBC SQL Server Driver][SQL Server]Invalid object name 'MonsterKillCount'.
[20:58:48] EXEC IGC_Monster_KillCount_Save 'Mrdka', 743
[20:58:48] SQLSTATE: 42S02, Diagnosis: [Microsoft][ODBC SQL Server Driver][SQL Server]Invalid object name 'MonsterKillCount'.
[20:58:48] EXEC IGC_Monster_KillCount_Save '3KunDun', 484
[20:58:48] SQLSTATE: 42S02, Diagnosis: [Microsoft][ODBC SQL Server Driver][SQL Server]Invalid object name 'MonsterKillCount'.
[20:58:48] EXEC IGC_Monster_KillCount_Save 'pigiVN', 730
[20:58:48] SQLSTATE: 42S02, Diagnosis: [Microsoft][ODBC SQL Server Driver][SQL Server]Invalid object name 'MonsterKillCount'.
[20:58:48] EXEC IGC_Monster_KillCount_Save 'Insane', 772
[20:58:48] SQLSTATE: 42S02, Diagnosis: [Microsoft][ODBC SQL Server Driver][SQL Server]Invalid object name 'MonsterKillCount'.
[20:58:48] EXEC IGC_Monster_KillCount_Save 'AutoBuff', 786
[20:58:48] SQLSTATE: 42S02, Diagnosis: [Microsoft][ODBC SQL Server Driver][SQL Server]Invalid object name 'MonsterKillCount'.
[20:58:48] EXEC IGC_Monster_KillCount_Save 'ThayMocLop', 786
[20:58:48] SQLSTATE: 42S02, Diagnosis: [Microsoft][ODBC SQL Server Driver][SQL Server]Invalid object name 'MonsterKillCount'.
[20:58:48] EXEC IGC_Monster_KillCount_Save 'iskerka', 787
[20:58:48] SQLSTATE: 42S02, Diagnosis: [Microsoft][ODBC SQL Server Driver][SQL Server]Invalid object name 'MonsterKillCount'.
[20:58:48] SELECT Id FROM AccountCharacter WHERE Id='qwww'
[20:58:48] SELECT * FROM AccountCharacter WHERE Id='qwww'
[20:58:48] SELECT WarehouseExpansion, MagicGladiator, DarkLord, Summoner, RageFighter, GrowLancer, RuneWizard, Slayer, GunCrusher, LightWizard, LemuriaMage, IllusionKnight, SecCode, ILC, LastCreateDate, CharacterCreateCountUsed FROM AccountCharacter WHERE Id='qwww'
[20:58:48] SELECT cLevel, mLevel, Class, CtlCode, PkLevel, SIC, WingCoreType, WingCoreLevel FROM vCharacterPreview WHERE Name = 'siri'
[20:58:48] SELECT Inventory FROM Character WHERE Name='siri'
[20:58:48] SELECT RESETS FROM Character WHERE Name='siri'
[20:58:48] SELECT G_Status FROM GuildMember WHERE Name='siri'
[20:58:48] EXEC IGC_Monster_KillCount_Save 'refuseLem', 310
[20:58:48] SQLSTATE: 42S02, Diagnosis: [Microsoft][ODBC SQL Server Driver][SQL Server]Invalid object name 'MonsterKillCount'.
[20:58:48] EXEC IGC_Monster_KillCount_Save 'HongAnhGL', 731
[20:58:48] SQLSTATE: 42S02, Diagnosis: [Microsoft][ODBC SQL Server Driver][SQL Server]Invalid object name 'MonsterKillCount'.
[20:58:48] EXEC IGC_Monster_KillCount_Save 'TARRASQUE', 767
[20:58:48] SQLSTATE: 42S02, Diagnosis: [Microsoft][ODBC SQL Server Driver][SQL Server]Invalid object name 'MonsterKillCount'.
[20:58:48] EXEC IGC_Monster_KillCount_Save 'Lysandra', 787
[20:58:48] SQLSTATE: 42S02, Diagnosis: [Microsoft][ODBC SQL Server Driver][SQL Server]Invalid object name 'MonsterKillCount'.
[20:58:48] EXEC IGC_Monster_KillCount_Save 'Winter', 787
[20:58:48] SQLSTATE: 42S02, Diagnosis: [Microsoft][ODBC SQL Server Driver][SQL Server]Invalid object name 'MonsterKillCount'.
[20:58:48] EXEC IGC_Monster_KillCount_Save 'Resnais', 768
[20:58:48] SQLSTATE: 42S02, Diagnosis: [Microsoft][ODBC SQL Server Driver][SQL Server]Invalid object name 'MonsterKillCount'.
[20:58:48] EXEC IGC_Monster_KillCount_Save '3KunDun', 484
[20:58:48] SQLSTATE: 42S02, Diagnosis: [Microsoft][ODBC SQL Server Driver][SQL Server]Invalid object name 'MonsterKillCount'.
[20:58:48] EXEC IGC_Monster_KillCount_Save 'BaLaSuBaS', 573
[20:58:48] SQLSTATE: 42S02, Diagnosis: [Microsoft][ODBC SQL Server Driver][SQL Server]Invalid object name 'MonsterKillCount'.
[20:58:48] EXEC IGC_Monster_KillCount_Save 'ArthurMD', 589
[20:58:48] SQLSTATE: 42S02, Diagnosis: [Microsoft][ODBC SQL Server Driver][SQL Server]Invalid object name 'MonsterKillCount'.
[20:58:48] EXEC IGC_Monster_KillCount_Save 'ReflektMD', 608
[20:58:48] SQLSTATE: 42S02, Diagnosis: [Microsoft][ODBC SQL Server Driver][SQL Server]Invalid object name 'MonsterKillCount'.
[20:58:48] EXEC IGC_Monster_KillCount_Save 'Barawar', 714
[20:58:48] SQLSTATE: 42S02, Diagnosis: [Microsoft][ODBC SQL Server Driver][SQL Server]Invalid object name 'MonsterKillCount'.
[20:58:48] EXEC IGC_Monster_KillCount_Save 'ThayOngNoi', 770
[20:58:48] SQLSTATE: 42S02, Diagnosis: [Microsoft][ODBC SQL Server Driver][SQL Server]Invalid object name 'MonsterKillCount'.
[20:58:48] EXEC IGC_Monster_KillCount_Save 'VNZzGLzZVN', 786
[20:58:48] SQLSTATE: 42S02, Diagnosis: [Microsoft][ODBC SQL Server Driver][SQL Server]Invalid object name 'MonsterKillCount'.
[20:58:48] EXEC IGC_Monster_KillCount_Save 'Kundun', 789
[20:58:48] SQLSTATE: 42S02, Diagnosis: [Microsoft][ODBC SQL Server Driver][SQL Server]Invalid object name 'MonsterKillCount'.
[20:58:48] EXEC IGC_Monster_KillCount_Save 'G123', 789
[20:58:48] SQLSTATE: 42S02, Diagnosis: [Microsoft][ODBC SQL Server Driver][SQL Server]Invalid object name 'MonsterKillCount'.
[20:58:48] EXEC IGC_Monster_KillCount_Save 'smbuff', 810
[20:58:48] SQLSTATE: 42S02, Diagnosis: [Microsoft][ODBC SQL Server Driver][SQL Server]Invalid object name 'MonsterKillCount'.
[20:58:49] EXEC IGC_Monster_KillCount_Save 'HongAnhGL', 730
[20:58:49] SQLSTATE: 42S02, Diagnosis: [Microsoft][ODBC SQL Server Driver][SQL Server]Invalid object name 'MonsterKillCount'.
[20:58:49] EXEC IGC_Monster_KillCount_Save 'HongAnhGL', 732
[20:58:49] SQLSTATE: 42S02, Diagnosis: [Microsoft][ODBC SQL Server Driver][SQL Server]Invalid object name 'MonsterKillCount'.
[20:58:49] EXEC IGC_Monster_KillCount_Save 'zZElfHitZz', 770
[20:58:49] SQLSTATE: 42S02, Diagnosis: [Microsoft][ODBC SQL Server Driver][SQL Server]Invalid object name 'MonsterKillCount'.
[20:58:49] EXEC IGC_Monster_KillCount_Save 'Winter', 787
[20:58:49] SQLSTATE: 42S02, Diagnosis: [Microsoft][ODBC SQL Server Driver][SQL Server]Invalid object name 'MonsterKillCount'.
[20:58:49] EXEC IGC_Monster_KillCount_Save '7event', 20
[20:58:49] SQLSTATE: 42S02, Diagnosis: [Microsoft][ODBC SQL Server Driver][SQL Server]Invalid object name 'MonsterKillCount'.
[20:58:49] EXEC IGC_Monster_KillCount_Save 'isk7', 20
[20:58:49] SQLSTATE: 42S02, Diagnosis: [Microsoft][ODBC SQL Server Driver][SQL Server]Invalid object name 'MonsterKillCount'.
[20:58:49] EXEC IGC_Monster_KillCount_Save 'isk6', 20
[20:58:49] SQLSTATE: 42S02, Diagnosis: [Microsoft][ODBC SQL Server Driver][SQL Server]Invalid object name 'MonsterKillCount'.
[20:58:49] EXEC IGC_Monster_KillCount_Save '8HAPPIER', 45
[20:58:49] SQLSTATE: 42S02, Diagnosis: [Microsoft][ODBC SQL Server Driver][SQL Server]Invalid object name 'MonsterKillCount'.
[20:58:49] EXEC IGC_Monster_KillCount_Save 'isker', 449
[20:58:49] SQLSTATE: 42S02, Diagnosis: [Microsoft][ODBC SQL Server Driver][SQL Server]Invalid object name 'MonsterKillCount'.
[20:58:49] EXEC IGC_Monster_KillCount_Save '101IK', 484
[20:58:49] SQLSTATE: 42S02, Diagnosis: [Microsoft][ODBC SQL Server Driver][SQL Server]Invalid object name 'MonsterKillCount'.
[20:58:49] EXEC IGC_Monster_KillCount_Save '101IK', 484
[20:58:49] SQLSTATE: 42S02, Diagnosis: [Microsoft][ODBC SQL Server Driver][SQL Server]Invalid object name 'MonsterKillCount'.
[20:58:49] EXEC IGC_Monster_KillCount_Save 'ArthurMD', 589
[20:58:49] SQLSTATE: 42S02, Diagnosis: [Microsoft][ODBC SQL Server Driver][SQL Server]Invalid object name 'MonsterKillCount'.
[20:58:49] EXEC IGC_Monster_KillCount_Save 'pigiVN', 730
[20:58:49] SQLSTATE: 42S02, Diagnosis: [Microsoft][ODBC SQL Server Driver][SQL Server]Invalid object name 'MonsterKillCount'.
[20:58:49] EXEC IGC_Monster_KillCount_Save 'ThayOngNoi', 770
[20:58:49] SQLSTATE: 42S02, Diagnosis: [Microsoft][ODBC SQL Server Driver][SQL Server]Invalid object name 'MonsterKillCount'.
[20:58:49] EXEC IGC_Monster_KillCount_Save 'ThayOngNoi', 770
[20:58:49] SQLSTATE: 42S02, Diagnosis: [Microsoft][ODBC SQL Server Driver][SQL Server]Invalid object name 'MonsterKillCount'.
[20:58:49] EXEC IGC_Monster_KillCount_Save 'ThayOngNoi', 770
[20:58:49] SQLSTATE: 42S02, Diagnosis: [Microsoft][ODBC SQL Server Driver][SQL Server]Invalid object name 'MonsterKillCount'.
[20:58:49] EXEC IGC_Monster_KillCount_Save 'AEshka', 771
[20:58:49] SQLSTATE: 42S02, Diagnosis: [Microsoft][ODBC SQL Server Driver][SQL Server]Invalid object name 'MonsterKillCount'.
[20:58:49] EXEC IGC_Monster_KillCount_Save 'Candy', 786
[20:58:49] SQLSTATE: 42S02, Diagnosis: [Microsoft][ODBC SQL Server Driver][SQL Server]Invalid object name 'MonsterKillCount'.
[20:58:49] EXEC IGC_Monster_KillCount_Save 'ThayMocLop', 786
[20:58:49] SQLSTATE: 42S02, Diagnosis: [Microsoft][ODBC SQL Server Driver][SQL Server]Invalid object name 'MonsterKillCount'.
[20:58:49] EXEC IGC_Monster_KillCount_Save 'iskerka', 787
[20:58:49] SQLSTATE: 42S02, Diagnosis: [Microsoft][ODBC SQL Server Driver][SQL Server]Invalid object name 'MonsterKillCount'.
[20:58:49] EXEC IGC_Monster_KillCount_Save 'Mrdka', 743
[20:58:49] SQLSTATE: 42S02, Diagnosis: [Microsoft][ODBC SQL Server Driver][SQL Server]Invalid object name 'MonsterKillCount'.
[20:58:49] EXEC IGC_Monster_KillCount_Save 'Lysandra', 787
[20:58:49] SQLSTATE: 42S02, Diagnosis: [Microsoft][ODBC SQL Server Driver][SQL Server]Invalid object name 'MonsterKillCount'.
[20:58:49] EXEC IGC_Monster_KillCount_Save 'BabyFace', 768
[20:58:49] SQLSTATE: 42S02, Diagnosis: [Microsoft][ODBC SQL Server Driver][SQL Server]Invalid object name 'MonsterKillCount'.
[20:58:49] EXEC IGC_Monster_KillCount_Save 'refuseEBK', 771
[20:58:49] SQLSTATE: 42S02, Diagnosis: [Microsoft][ODBC SQL Server Driver][SQL Server]Invalid object name 'MonsterKillCount'.
[20:58:49] EXEC IGC_Monster_KillCount_Save 'isk7', 20
[20:58:49] SQLSTATE: 42S02, Diagnosis: [Microsoft][ODBC SQL Server Driver][SQL Server]Invalid object name 'MonsterKillCount'.
[20:58:49] EXEC IGC_Monster_KillCount_Save 'Ruud', 358
[20:58:49] SQLSTATE: 42S02, Diagnosis: [Microsoft][ODBC SQL Server Driver][SQL Server]Invalid object name 'MonsterKillCount'.
[20:58:49] EXEC IGC_Monster_KillCount_Save '3KunDun', 484
[20:58:49] SQLSTATE: 42S02, Diagnosis: [Microsoft][ODBC SQL Server Driver][SQL Server]Invalid object name 'MonsterKillCount'.
[20:58:49] EXEC IGC_Monster_KillCount_Save 'H1deaki', 569
[20:58:49] SQLSTATE: 42S02, Diagnosis: [Microsoft][ODBC SQL Server Driver][SQL Server]Invalid object name 'MonsterKillCount'.
[20:58:49] EXEC IGC_Monster_KillCount_Save 'H1deaki', 569
[20:58:49] SQLSTATE: 42S02, Diagnosis: [Microsoft][ODBC SQL Server Driver][SQL Server]Invalid object name 'MonsterKillCount'.
[20:58:49] EXEC IGC_Monster_KillCount_Save 'BaLaSuBaS', 573
[20:58:49] SQLSTATE: 42S02, Diagnosis: [Microsoft][ODBC SQL Server Driver][SQL Server]Invalid object name 'MonsterKillCount'.
[20:58:49] EXEC IGC_Monster_KillCount_Save 'BaLaSuBaS', 573
[20:58:49] SQLSTATE: 42S02, Diagnosis: [Microsoft][ODBC SQL Server Driver][SQL Server]Invalid object name 'MonsterKillCount'.
[20:58:49] EXEC IGC_Monster_KillCount_Save 'Buff666', 768
[20:58:49] SQLSTATE: 42S02, Diagnosis: [Microsoft][ODBC SQL Server Driver][SQL Server]Invalid object name 'MonsterKillCount'.
[20:58:49] EXEC IGC_Monster_KillCount_Save 'smbuff', 810
[20:58:49] SQLSTATE: 42S02, Diagnosis: [Microsoft][ODBC SQL Server Driver][SQL Server]Invalid object name 'MonsterKillCount'.
[20:58:49] EXEC IGC_Monster_KillCount_Save 'GL06', 893
[20:58:49] SQLSTATE: 42S02, Diagnosis: [Microsoft][ODBC SQL Server Driver][SQL Server]Invalid object name 'MonsterKillCount'.
[20:58:49] EXEC IGC_Monster_KillCount_Save 'refuseMG', 311
[20:58:49] SQLSTATE: 42S02, Diagnosis: [Microsoft][ODBC SQL Server Driver][SQL Server]Invalid object name 'MonsterKillCount'.
[20:58:49] EXEC IGC_Monster_KillCount_Save 'ikacko', 487
[20:58:49] SQLSTATE: 42S02, Diagnosis: [Microsoft][ODBC SQL Server Driver][SQL Server]Invalid object name 'MonsterKillCount'.
[20:58:49] EXEC IGC_Monster_KillCount_Save 'TDLove2', 570
[20:58:49] SQLSTATE: 42S02, Diagnosis: [Microsoft][ODBC SQL Server Driver][SQL Server]Invalid object name 'MonsterKillCount'.
[20:58:49] EXEC IGC_Monster_KillCount_Save 'TDLove2', 570
[20:58:49] SQLSTATE: 42S02, Diagnosis: [Microsoft][ODBC SQL Server Driver][SQL Server]Invalid object name 'MonsterKillCount'.
[20:58:50] EXEC IGC_Monster_KillCount_Save 'TDLove2', 570
[20:58:50] SQLSTATE: 42S02, Diagnosis: [Microsoft][ODBC SQL Server Driver][SQL Server]Invalid object name 'MonsterKillCount'.
[20:58:50] EXEC IGC_Monster_KillCount_Save 'TDLove2', 570
[20:58:50] SQLSTATE: 42S02, Diagnosis: [Microsoft][ODBC SQL Server Driver][SQL Server]Invalid object name 'MonsterKillCount'.
[20:58:50] EXEC IGC_Monster_KillCount_Save 'TDLove2', 570
[20:58:50] SQLSTATE: 42S02, Diagnosis: [Microsoft][ODBC SQL Server Driver][SQL Server]Invalid object name 'MonsterKillCount'.
[20:58:50] EXEC IGC_Monster_KillCount_Save 'Mrdka', 743
[20:58:50] SQLSTATE: 42S02, Diagnosis: [Microsoft][ODBC SQL Server Driver][SQL Server]Invalid object name 'MonsterKillCount'.
[20:58:50] EXEC IGC_Monster_KillCount_Save 'Winter', 787
[20:58:50] SQLSTATE: 42S02, Diagnosis: [Microsoft][ODBC SQL Server Driver][SQL Server]Invalid object name 'MonsterKillCount'.
[20:58:50] EXEC IGC_Monster_KillCount_Save 'Winter', 787
[20:58:50] SQLSTATE: 42S02, Diagnosis: [Microsoft][ODBC SQL Server Driver][SQL Server]Invalid object name 'MonsterKillCount'.
[20:58:50] EXEC IGC_Monster_KillCount_Save 'refuseAE', 454
[20:58:50] SQLSTATE: 42S02, Diagnosis: [Microsoft][ODBC SQL Server Driver][SQL Server]Invalid object name 'MonsterKillCount'.
[20:58:50] EXEC IGC_Monster_KillCount_Save 'Lancer', 35
[20:58:50] SQLSTATE: 42S02, Diagnosis: [Microsoft][ODBC SQL Server Driver][SQL Server]Invalid object name 'MonsterKillCount'.
[20:58:50] EXEC IGC_Monster_KillCount_Save '9PORSCHE', 45
[20:58:50] SQLSTATE: 42S02, Diagnosis: [Microsoft][ODBC SQL Server Driver][SQL Server]Invalid object name 'MonsterKillCount'.
[20:58:50] EXEC IGC_Monster_KillCount_Save 'refuseDL', 69
[20:58:50] SQLSTATE: 42S02, Diagnosis: [Microsoft][ODBC SQL Server Driver][SQL Server]Invalid object name 'MonsterKillCount'.
[20:58:50] EXEC IGC_Monster_KillCount_Save '2MeThienHa', 358
[20:58:50] SQLSTATE: 42S02, Diagnosis: [Microsoft][ODBC SQL Server Driver][SQL Server]Invalid object name 'MonsterKillCount'.
[20:58:50] EXEC IGC_Monster_KillCount_Save '2MeThienHa', 358
[20:58:50] SQLSTATE: 42S02, Diagnosis: [Microsoft][ODBC SQL Server Driver][SQL Server]Invalid object name 'MonsterKillCount'.
[20:58:50] EXEC IGC_Monster_KillCount_Save '2MeThienHa', 358
[20:58:50] SQLSTATE: 42S02, Diagnosis: [Microsoft][ODBC SQL Server Driver][SQL Server]Invalid object name 'MonsterKillCount'.
[20:58:50] EXEC IGC_Monster_KillCount_Save '3WindSoul', 445
[20:58:50] SQLSTATE: 42S02, Diagnosis: [Microsoft][ODBC SQL Server Driver][SQL Server]Invalid object name 'MonsterKillCount'.
[20:58:50] EXEC IGC_Monster_KillCount_Save 'H1deaki', 569
[20:58:50] SQLSTATE: 42S02, Diagnosis: [Microsoft][ODBC SQL Server Driver][SQL Server]Invalid object name 'MonsterKillCount'.
[20:58:50] EXEC IGC_Monster_KillCount_Save 'Tarabas', 586
[20:58:50] SQLSTATE: 42S02, Diagnosis: [Microsoft][ODBC SQL Server Driver][SQL Server]Invalid object name 'MonsterKillCount'.
[20:58:50] EXEC IGC_Monster_KillCount_Save 'ArthurMD', 589
[20:58:50] SQLSTATE: 42S02, Diagnosis: [Microsoft][ODBC SQL Server Driver][SQL Server]Invalid object name 'MonsterKillCount'.
[20:58:50] EXEC IGC_Monster_KillCount_Save 'AutoBuff', 786
[20:58:50] SQLSTATE: 42S02, Diagnosis: [Microsoft][ODBC SQL Server Driver][SQL Server]Invalid object name 'MonsterKillCount'.
[20:58:50] EXEC IGC_Monster_KillCount_Save 'smbuff', 810
[20:58:50] SQLSTATE: 42S02, Diagnosis: [Microsoft][ODBC SQL Server Driver][SQL Server]Invalid object name 'MonsterKillCount'.
[20:58:50] EXEC IGC_Monster_KillCount_Save 'TDLove3', 569
[20:58:50] SQLSTATE: 42S02, Diagnosis: [Microsoft][ODBC SQL Server Driver][SQL Server]Invalid object name 'MonsterKillCount'.
[20:58:50] EXEC IGC_Monster_KillCount_Save 'uckyBcTBo', 767
[20:58:50] SQLSTATE: 42S02, Diagnosis: [Microsoft][ODBC SQL Server Driver][SQL Server]Invalid object name 'MonsterKillCount'.
[20:58:50] EXEC IGC_Monster_KillCount_Save 'Mace', 456
[20:58:50] SQLSTATE: 42S02, Diagnosis: [Microsoft][ODBC SQL Server Driver][SQL Server]Invalid object name 'MonsterKillCount'.
[20:58:50] EXEC IGC_Monster_KillCount_Save 'SacreD', 772
[20:58:50] SQLSTATE: 42S02, Diagnosis: [Microsoft][ODBC SQL Server Driver][SQL Server]Invalid object name 'MonsterKillCount'.
[20:58:50] EXEC IGC_Monster_KillCount_Save 'MuLord', 772
[20:58:50] SQLSTATE: 42S02, Diagnosis: [Microsoft][ODBC SQL Server Driver][SQL Server]Invalid object name 'MonsterKillCount'.
[20:58:50] EXEC IGC_Monster_KillCount_Save 'RatLaVaiL', 40
[20:58:50] SQLSTATE: 42S02, Diagnosis: [Microsoft][ODBC SQL Server Driver][SQL Server]Invalid object name 'MonsterKillCount'.
[20:58:50] EXEC IGC_Monster_KillCount_Save 'RatLaVaiL', 40
[20:58:50] SQLSTATE: 42S02, Diagnosis: [Microsoft][ODBC SQL Server Driver][SQL Server]Invalid object name 'MonsterKillCount'.
[20:58:50] EXEC IGC_Monster_KillCount_Save 'RatLaVaiL', 40
[20:58:50] SQLSTATE: 42S02, Diagnosis: [Microsoft][ODBC SQL Server Driver][SQL Server]Invalid object name 'MonsterKillCount'.
[20:58:50] EXEC IGC_Monster_KillCount_Save 'bbbbb', 353
[20:58:50] SQLSTATE: 42S02, Diagnosis: [Microsoft][ODBC SQL Server Driver][SQL Server]Invalid object name 'MonsterKillCount'.
[20:58:50] EXEC IGC_Monster_KillCount_Save 'bbbbb', 353
[20:58:50] SQLSTATE: 42S02, Diagnosis: [Microsoft][ODBC SQL Server Driver][SQL Server]Invalid object name 'MonsterKillCount'.
[20:58:50] EXEC IGC_Monster_KillCount_Save '2MeThienHa', 358
[20:58:50] SQLSTATE: 42S02, Diagnosis: [Microsoft][ODBC SQL Server Driver][SQL Server]Invalid object name 'MonsterKillCount'.
[20:58:50] EXEC IGC_Monster_KillCount_Save '2MeThienHa', 358
[20:58:50] SQLSTATE: 42S02, Diagnosis: [Microsoft][ODBC SQL Server Driver][SQL Server]Invalid object name 'MonsterKillCount'.
[20:58:50] EXEC IGC_Monster_KillCount_Save 'Ruud', 358
[20:58:50] SQLSTATE: 42S02, Diagnosis: [Microsoft][ODBC SQL Server Driver][SQL Server]Invalid object name 'MonsterKillCount'.
[20:58:50] EXEC IGC_Monster_KillCount_Save '4Mage', 484
[20:58:50] SQLSTATE: 42S02, Diagnosis: [Microsoft][ODBC SQL Server Driver][SQL Server]Invalid object name 'MonsterKillCount'.
[20:58:50] EXEC IGC_Monster_KillCount_Save '4Mage', 484
[20:58:50] SQLSTATE: 42S02, Diagnosis: [Microsoft][ODBC SQL Server Driver][SQL Server]Invalid object name 'MonsterKillCount'.
[20:58:50] EXEC IGC_Monster_KillCount_Save '3KunDun', 484
[20:58:50] SQLSTATE: 42S02, Diagnosis: [Microsoft][ODBC SQL Server Driver][SQL Server]Invalid object name 'MonsterKillCount'.
[20:58:50] EXEC IGC_Monster_KillCount_Save '100GL', 486
[20:58:50] SQLSTATE: 42S02, Diagnosis: [Microsoft][ODBC SQL Server Driver][SQL Server]Invalid object name 'MonsterKillCount'.
[20:58:50] EXEC IGC_Monster_KillCount_Save 'BaLaSuBaS', 573
[20:58:50] SQLSTATE: 42S02, Diagnosis: [Microsoft][ODBC SQL Server Driver][SQL Server]Invalid object name 'MonsterKillCount'.
[20:58:50] EXEC IGC_Monster_KillCount_Save 'SaBuSaLaB', 573
[20:58:50] SQLSTATE: 42S02, Diagnosis: [Microsoft][ODBC SQL Server Driver][SQL Server]Invalid object name 'MonsterKillCount'.
[20:58:50] EXEC IGC_Monster_KillCount_Save 'GL01', 770
[20:58:50] SQLSTATE: 42S02, Diagnosis: [Microsoft][ODBC SQL Server Driver][SQL Server]Invalid object name 'MonsterKillCount'.
[20:58:50] EXEC IGC_Monster_KillCount_Save 'AAAA', 772
[20:58:50] SQLSTATE: 42S02, Diagnosis: [Microsoft][ODBC SQL Server Driver][SQL Server]Invalid object name 'MonsterKillCount'.
[20:58:50] EXEC IGC_Monster_KillCount_Save 'AAAA', 772
[20:58:50] SQLSTATE: 42S02, Diagnosis: [Microsoft][ODBC SQL Server Driver][SQL Server]Invalid object name 'MonsterKillCount'.
[20:58:50] EXEC IGC_Monster_KillCount_Save 'AAAA', 772
[20:58:50] SQLSTATE: 42S02, Diagnosis: [Microsoft][ODBC SQL Server Driver][SQL Server]Invalid object name 'MonsterKillCount'.
[20:58:50] EXEC IGC_Monster_KillCount_Save 'KimChuaXau', 786
[20:58:50] SQLSTATE: 42S02, Diagnosis: [Microsoft][ODBC SQL Server Driver][SQL Server]Invalid object name 'MonsterKillCount'.
[20:58:50] EXEC IGC_Monster_KillCount_Save 'qwer', 787
[20:58:50] SQLSTATE: 42S02, Diagnosis: [Microsoft][ODBC SQL Server Driver][SQL Server]Invalid object name 'MonsterKillCount'.
[20:58:50] EXEC IGC_Monster_KillCount_Save 'luka', 787
[20:58:50] SQLSTATE: 42S02, Diagnosis: [Microsoft][ODBC SQL Server Driver][SQL Server]Invalid object name 'MonsterKillCount'.
[20:58:50] EXEC IGC_Monster_KillCount_Save 'Elvis', 789
[20:58:50] SQLSTATE: 42S02, Diagnosis: [Microsoft][ODBC SQL Server Driver][SQL Server]Invalid object name 'MonsterKillCount'.
[20:58:50] EXEC IGC_Monster_KillCount_Save 'D123', 789
[20:58:50] SQLSTATE: 42S02, Diagnosis: [Microsoft][ODBC SQL Server Driver][SQL Server]Invalid object name 'MonsterKillCount'.
[20:58:50] EXEC IGC_Monster_KillCount_Save 'Ruub', 358
[20:58:50] SQLSTATE: 42S02, Diagnosis: [Microsoft][ODBC SQL Server Driver][SQL Server]Invalid object name 'MonsterKillCount'.
[20:58:50] EXEC IGC_Monster_KillCount_Save 'TDLove3', 569
[20:58:50] SQLSTATE: 42S02, Diagnosis: [Microsoft][ODBC SQL Server Driver][SQL Server]Invalid object name 'MonsterKillCount'.
[20:58:50] EXEC IGC_Monster_KillCount_Save 'TDLove3', 569
[20:58:50] SQLSTATE: 42S02, Diagnosis: [Microsoft][ODBC SQL Server Driver][SQL Server]Invalid object name 'MonsterKillCount'.
[20:58:51] SELECT Name FROM IGC_FavouriteWarpData WHERE Name = 'HolySheet'
[20:58:51] UPDATE IGC_FavouriteWarpData SET WarpIndex_1 = -1, WarpMapNum_1 = -1, WarpIndex_2 = -1, WarpMapNum_2 = -1, WarpIndex_3 = -1, WarpMapNum_3 = -1, WarpIndex_4 = -1, WarpMapNum_4 = -1, WarpIndex_5 = -1, WarpMapNum_5 = -1 WHERE Name = 'HolySheet'
[20:58:51] EXEC IGC_Monster_KillCount_Save 'refuseAE', 454
[20:58:51] SQLSTATE: 42S02, Diagnosis: [Microsoft][ODBC SQL Server Driver][SQL Server]Invalid object name 'MonsterKillCount'.
[20:58:51] EXEC IGC_Monster_KillCount_Save 'SacreD', 772
[20:58:51] SQLSTATE: 42S02, Diagnosis: [Microsoft][ODBC SQL Server Driver][SQL Server]Invalid object name 'MonsterKillCount'.
[20:58:51] EXEC IGC_Monster_KillCount_Save 'RatLaVaiL', 40
[20:58:51] SQLSTATE: 42S02, Diagnosis: [Microsoft][ODBC SQL Server Driver][SQL Server]Invalid object name 'MonsterKillCount'.
[20:58:51] EXEC IGC_Monster_KillCount_Save '8HAPPIER', 45
[20:58:51] SQLSTATE: 42S02, Diagnosis: [Microsoft][ODBC SQL Server Driver][SQL Server]Invalid object name 'MonsterKillCount'.
[20:58:51] EXEC IGC_Monster_KillCount_Save '9PORSCHE', 45
[20:58:51] SQLSTATE: 42S02, Diagnosis: [Microsoft][ODBC SQL Server Driver][SQL Server]Invalid object name 'MonsterKillCount'.
[20:58:51] EXEC IGC_Monster_KillCount_Save '9PORSCHE', 45
[20:58:51] SQLSTATE: 42S02, Diagnosis: [Microsoft][ODBC SQL Server Driver][SQL Server]Invalid object name 'MonsterKillCount'.
[20:58:51] EXEC IGC_Monster_KillCount_Save 'Duud', 444
[20:58:51] SQLSTATE: 42S02, Diagnosis: [Microsoft][ODBC SQL Server Driver][SQL Server]Invalid object name 'MonsterKillCount'.
[20:58:51] EXEC IGC_Monster_KillCount_Save 'isker', 449
[20:58:51] SQLSTATE: 42S02, Diagnosis: [Microsoft][ODBC SQL Server Driver][SQL Server]Invalid object name 'MonsterKillCount'.
[20:58:51] EXEC IGC_Monster_KillCount_Save '05IK', 484
[20:58:51] SQLSTATE: 42S02, Diagnosis: [Microsoft][ODBC SQL Server Driver][SQL Server]Invalid object name 'MonsterKillCount'.
[20:58:51] EXEC IGC_Monster_KillCount_Save '05IK', 484
[20:58:51] SQLSTATE: 42S02, Diagnosis: [Microsoft][ODBC SQL Server Driver][SQL Server]Invalid object name 'MonsterKillCount'.
[20:58:51] EXEC IGC_Monster_KillCount_Save '05IK', 484
[20:58:51] SQLSTATE: 42S02, Diagnosis: [Microsoft][ODBC SQL Server Driver][SQL Server]Invalid object name 'MonsterKillCount'.
[20:58:51] EXEC IGC_Monster_KillCount_Save '05IK', 484
[20:58:51] SQLSTATE: 42S02, Diagnosis: [Microsoft][ODBC SQL Server Driver][SQL Server]Invalid object name 'MonsterKillCount'.
[20:58:51] EXEC IGC_Monster_KillCount_Save '05IK', 484
[20:58:51] SQLSTATE: 42S02, Diagnosis: [Microsoft][ODBC SQL Server Driver][SQL Server]Invalid object name 'MonsterKillCount'.
[20:58:51] EXEC IGC_Monster_KillCount_Save 'Tarabas', 586
[20:58:51] SQLSTATE: 42S02, Diagnosis: [Microsoft][ODBC SQL Server Driver][SQL Server]Invalid object name 'MonsterKillCount'.
[20:58:51] EXEC IGC_Monster_KillCount_Save 'MisterMD', 608
[20:58:51] SQLSTATE: 42S02, Diagnosis: [Microsoft][ODBC SQL Server Driver][SQL Server]Invalid object name 'MonsterKillCount'.
[20:58:51] EXEC IGC_Monster_KillCount_Save 'Zlato4ka', 609
[20:58:51] SQLSTATE: 42S02, Diagnosis: [Microsoft][ODBC SQL Server Driver][SQL Server]Invalid object name 'MonsterKillCount'.
[20:58:51] EXEC IGC_Monster_KillCount_Save 'The6', 730
[20:58:51] SQLSTATE: 42S02, Diagnosis: [Microsoft][ODBC SQL Server Driver][SQL Server]Invalid object name 'MonsterKillCount'.
[20:58:51] EXEC IGC_Monster_KillCount_Save 'The6', 730
[20:58:51] SQLSTATE: 42S02, Diagnosis: [Microsoft][ODBC SQL Server Driver][SQL Server]Invalid object name 'MonsterKillCount'.
[20:58:51] EXEC IGC_Monster_KillCount_Save 'pigiVN', 732
[20:58:51] SQLSTATE: 42S02, Diagnosis: [Microsoft][ODBC SQL Server Driver][SQL Server]Invalid object name 'MonsterKillCount'.
[20:58:51] EXEC IGC_Monster_KillCount_Save 'ThayDayLy', 770
[20:58:51] SQLSTATE: 42S02, Diagnosis: [Microsoft][ODBC SQL Server Driver][SQL Server]Invalid object name 'MonsterKillCount'.
[20:58:51] EXEC IGC_Monster_KillCount_Save 'iskerka', 787
[20:58:51] SQLSTATE: 42S02, Diagnosis: [Microsoft][ODBC SQL Server Driver][SQL Server]Invalid object name 'MonsterKillCount'.
[20:58:51] SELECT * FROM AccountCharacter WHERE Id='qwww'
[20:58:51] UPDATE AccountCharacter SET GameID1='siri' WHERE Id='qwww'
[20:58:51] EXEC IGC_Monster_KillCount_Save 'TDLove3', 569
[20:58:51] SQLSTATE: 42S02, Diagnosis: [Microsoft][ODBC SQL Server Driver][SQL Server]Invalid object name 'MonsterKillCount'.
[20:58:51] EXEC IGC_Monster_KillCount_Save 'TDLove3', 569
[20:58:51] SQLSTATE: 42S02, Diagnosis: [Microsoft][ODBC SQL Server Driver][SQL Server]Invalid object name 'MonsterKillCount'.
[20:58:51] EXEC IGC_Monster_KillCount_Save 'Ulquiora', 575
[20:58:51] SQLSTATE: 42S02, Diagnosis: [Microsoft][ODBC SQL Server Driver][SQL Server]Invalid object name 'MonsterKillCount'.
[20:58:51] EXEC IGC_Monster_KillCount_Save 'HongAnhGL', 730
[20:58:51] SQLSTATE: 42S02, Diagnosis: [Microsoft][ODBC SQL Server Driver][SQL Server]Invalid object name 'MonsterKillCount'.
[20:58:51] EXEC IGC_Monster_KillCount_Save 'uckyBcTBo', 767
[20:58:51] SQLSTATE: 42S02, Diagnosis: [Microsoft][ODBC SQL Server Driver][SQL Server]Invalid object name 'MonsterKillCount'.
[20:58:51] EXEC IGC_Monster_KillCount_Save 'MaczBuffer', 767
[20:58:51] SQLSTATE: 42S02, Diagnosis: [Microsoft][ODBC SQL Server Driver][SQL Server]Invalid object name 'MonsterKillCount'.
[20:58:51] EXEC IGC_Monster_KillCount_Save 'Lysandra', 787
[20:58:51] SQLSTATE: 42S02, Diagnosis: [Microsoft][ODBC SQL Server Driver][SQL Server]Invalid object name 'MonsterKillCount'.
[20:58:51] EXEC IGC_Monster_KillCount_Save 'Resnais', 768
[20:58:51] SQLSTATE: 42S02, Diagnosis: [Microsoft][ODBC SQL Server Driver][SQL Server]Invalid object name 'MonsterKillCount'.
[20:58:51] EXEC IGC_Monster_KillCount_Save 'Resnais', 768
[20:58:51] SQLSTATE: 42S02, Diagnosis: [Microsoft][ODBC SQL Server Driver][SQL Server]Invalid object name 'MonsterKillCount'.
[20:58:51] EXEC IGC_Monster_KillCount_Save 'refuseDL', 69
[20:58:51] SQLSTATE: 42S02, Diagnosis: [Microsoft][ODBC SQL Server Driver][SQL Server]Invalid object name 'MonsterKillCount'.
[20:58:51] EXEC IGC_Monster_KillCount_Save 'Duud', 444
[20:58:51] SQLSTATE: 42S02, Diagnosis: [Microsoft][ODBC SQL Server Driver][SQL Server]Invalid object name 'MonsterKillCount'.
[20:58:51] EXEC IGC_Monster_KillCount_Save '4Mage', 484
[20:58:51] SQLSTATE: 42S02, Diagnosis: [Microsoft][ODBC SQL Server Driver][SQL Server]Invalid object name 'MonsterKillCount'.
[20:58:51] EXEC IGC_Monster_KillCount_Save '4Mage', 484
[20:58:51] SQLSTATE: 42S02, Diagnosis: [Microsoft][ODBC SQL Server Driver][SQL Server]Invalid object name 'MonsterKillCount'.
[20:58:51] EXEC IGC_Monster_KillCount_Save '100GL', 486
[20:58:51] SQLSTATE: 42S02, Diagnosis: [Microsoft][ODBC SQL Server Driver][SQL Server]Invalid object name 'MonsterKillCount'.
[20:58:51] EXEC IGC_Monster_KillCount_Save '100GL', 486
[20:58:51] SQLSTATE: 42S02, Diagnosis: [Microsoft][ODBC SQL Server Driver][SQL Server]Invalid object name 'MonsterKillCount'.
[20:58:51] EXEC IGC_Monster_KillCount_Save 'Summmer', 570
[20:58:51] SQLSTATE: 42S02, Diagnosis: [Microsoft][ODBC SQL Server Driver][SQL Server]Invalid object name 'MonsterKillCount'.
[20:58:51] EXEC IGC_Monster_KillCount_Save 'Barracuda', 714
[20:58:51] SQLSTATE: 42S02, Diagnosis: [Microsoft][ODBC SQL Server Driver][SQL Server]Invalid object name 'MonsterKillCount'.
[20:58:51] EXEC IGC_Monster_KillCount_Save 'The6', 730
[20:58:51] SQLSTATE: 42S02, Diagnosis: [Microsoft][ODBC SQL Server Driver][SQL Server]Invalid object name 'MonsterKillCount'.
[20:58:51] EXEC IGC_Monster_KillCount_Save 'AstroX', 732
[20:58:51] SQLSTATE: 42S02, Diagnosis: [Microsoft][ODBC SQL Server Driver][SQL Server]Invalid object name 'MonsterKillCount'.
[20:58:51] EXEC IGC_Monster_KillCount_Save 'The7', 732
[20:58:51] SQLSTATE: 42S02, Diagnosis: [Microsoft][ODBC SQL Server Driver][SQL Server]Invalid object name 'MonsterKillCount'.
[20:58:51] EXEC IGC_Monster_KillCount_Save 'The6', 736
[20:58:51] SQLSTATE: 42S02, Diagnosis: [Microsoft][ODBC SQL Server Driver][SQL Server]Invalid object name 'MonsterKillCount'.
[20:58:51] EXEC IGC_Monster_KillCount_Save 'ThayDayLy', 770
[20:58:51] SQLSTATE: 42S02, Diagnosis: [Microsoft][ODBC SQL Server Driver][SQL Server]Invalid object name 'MonsterKillCount'.
[20:58:51] EXEC IGC_Monster_KillCount_Save 'FunnyBunny', 771
[20:58:51] SQLSTATE: 42S02, Diagnosis: [Microsoft][ODBC SQL Server Driver][SQL Server]Invalid object name 'MonsterKillCount'.
[20:58:51] EXEC IGC_Monster_KillCount_Save 'luka', 787
[20:58:51] SQLSTATE: 42S02, Diagnosis: [Microsoft][ODBC SQL Server Driver][SQL Server]Invalid object name 'MonsterKillCount'.
[20:58:51] EXEC IGC_Monster_KillCount_Save 'luka', 787
[20:58:51] SQLSTATE: 42S02, Diagnosis: [Microsoft][ODBC SQL Server Driver][SQL Server]Invalid object name 'MonsterKillCount'.
[20:58:51] EXEC IGC_Monster_KillCount_Save 'luka', 787
[20:58:51] SQLSTATE: 42S02, Diagnosis: [Microsoft][ODBC SQL Server Driver][SQL Server]Invalid object name 'MonsterKillCount'.
[20:58:51] EXEC IGC_Monster_KillCount_Save 'DarkIK', 770
[20:58:51] SQLSTATE: 42S02, Diagnosis: [Microsoft][ODBC SQL Server Driver][SQL Server]Invalid object name 'MonsterKillCount'.
[20:58:51] EXEC IGC_Monster_KillCount_Save 'DarkIK', 770
[20:58:51] SQLSTATE: 42S02, Diagnosis: [Microsoft][ODBC SQL Server Driver][SQL Server]Invalid object name 'MonsterKillCount'.
[20:58:52] SELECT * FROM AccountCharacter WHERE Id = 'qwww'
[20:58:52] SELECT WarehouseExpansion FROM AccountCharacter WHERE Id = 'qwww'
[20:58:52] SELECT id, cLevel, mLevel, Class, LevelUpPoint, mlPoint, Experience, mlExperience, mlNextExp, Strength, Dexterity, Vitality, Energy, Money, Life, MaxLife, Mana, MaxMana, MapNumber, MapPosX, MapPosY, MapDir, PkCount, PkLevel, PkTime, CtlCode, Leadership, ChatLimitTime, RESETS, Married, MarryName, InventoryExpansion, WinDuels, LoseDuels, BlockChatTime, PenaltyMask, Ruud, OpenHuntingLog, StatCoin, StatGP, i4thSkillPoint, AddStrength, AddDexterity, AddVitality, AddEnergy, FruitAddPoint, FruitDecPoint, GrandResets, MonStat, PCR, LVLB, Age, CJL, SIC, WingCoreType, WingCoreLevel, GiantMountType, GiantMountWear, AddLeadership FROM Character WHERE Name = 'siri' AND AccountID = 'qwww'
[20:58:52] SELECT Inventory from Character where Name='siri'
[20:58:52] SELECT MagicList from Character where Name='siri'
[20:58:52] SELECT Quest from Character where Name='siri'
[20:58:52] SELECT AuthorityMask, DATEDIFF(DAY, GETDATE(), Expiry) AS ExpirationTime FROM T_GMSystem WHERE Name='siri'
[20:58:52] UPDATE AccountCharacter SET GameIDC='siri' WHERE Id='qwww'
[20:58:52] EXEC IGC_StatsSystemLoad 'siri'
[20:58:52] SELECT * FROM OptionData WHERE Name='siri'
[20:58:52] SELECT SkillKey from OptionData where Name='siri'
[20:58:52] SELECT Opt1, Opt1value, Opt2, Opt2value, Opt3, Opt3value FROM IGC_HarmonyItemData WHERE Serial=1520531
[20:58:52] SELECT Opt1, Opt1value, Opt2, Opt2value, Opt3, Opt3value FROM IGC_HarmonyItemData WHERE Serial=1564618
[20:58:52] SELECT WCoin, GoblinPoint FROM T_InGameShop_Point WHERE AccountID = 'qwww'
[20:58:52] SELECT * FROM IGC_Muun_Inventory WHERE Name= 'siri'
[20:58:52] SELECT Items from IGC_Muun_Inventory WHERE Name= 'siri'
[20:58:52] EXEC IGC_SetSelectMuRummy 'qwww', 'siri'
[20:58:52] EXEC IGC_LoadGuideQuestInfo 327
[20:58:52] EXEC IGC_PartyMatchingInfoLoad 'siri'
[20:58:52] SELECT GUID, MemoTotal FROM T_FriendMain where Name = 'siri'
[20:58:52] SELECT FriendGuid, FriendName, Del FROM T_FriendList where GUID = 276
[20:58:52] EXEC IGC_MonsterSoulPurchasesSelect 'siri'
[20:58:52] EXEC IGC_MuunPeriodSelect 'siri'
[20:58:52] SELECT FriendName FROM T_WaitFriend where GUID=276
[20:58:52] EXEC IGC_GetGuildMatchingAcceptNRejectInfo 'siri'
[20:58:52] EXEC IGC_GensLoad 'siri'
[20:58:52] SELECT MemoIndex, FriendName, wDate, Subject, bRead FROM T_FriendMail where GUID=276
[20:58:52] EXEC IGC_ConnectPartyMember 'qwer', 'siri', 0, 1735322332
[20:58:52] EXEC IGC_MonsterSoulConverterSelect 'siri'
[20:58:52] EXEC IGC_ClassQuest_MonsterKillLoad 'siri'
[20:58:52] EXEC IGC_GensAbuseLoad 'siri'
[20:58:52] EXEC IGC_LoadMuQuestInfo 327
[20:58:52] SELECT * FROM T_Event_Inventory WHERE Name = 'siri'
[20:58:52] SELECT Inventory FROM T_Event_Inventory WHERE Name = 'siri'
[20:58:52] SELECT * FROM IGC_ArtifactInfo WHERE Name = 'siri'
[20:58:52] EXEC IGC_PeriodItemExpiredItemSelectEx 251, 'siri'
[20:58:52] EXEC IGC_PeriodItemSelectEx 251, 'siri'
[20:58:52] EXEC IGC_Labyrinth_LoadUserInfo 'qwww', 'siri'
[20:58:52] EXEC IGC_LuckyItemSelect 'siri'
[20:58:52] SELECT MuHelperData FROM Character WHERE AccountID = 'qwww' AND Name = 'siri'
[20:58:52] SELECT old_name, new_name FROM IGC_PersonalStore_ChangeName WHERE character_id = 327
[20:58:52] SELECT MuHelperPlusData FROM Character WHERE AccountID = 'qwww' AND Name = 'siri'
[20:58:52] EXEC IGC_PeriodBuffSelect 'siri'
[20:58:52] SELECT G_Name, G_Level, G_Status FROM GuildMember WHERE Name='siri'
[20:58:52] EXEC IGC_PentagramInfoSelect 251, 'qwww', 'siri', 0
[20:58:52] EXEC IGC_MuunConditionInfoGetLoad 'siri'
[20:58:52] EXEC IGC_PentagramInfoSelect 251, 'qwww', 'siri', 1
[20:58:52] EXEC IGC_HuntingRecordInfoUserOpenLoad 'qwww', 'siri'
[20:58:52] EXEC IGC_MineSystem_Select_UPTUserInfo 'siri'
[20:58:52] EXEC IGC_GremoryCaseChkLimitedCnt 'qwww', 'siri', 1
[20:58:52] EXEC IGC_GremoryCaseChkLimitedCnt 'qwww', 'siri', 2
[20:58:52] EXEC IGC_GremoryCaseChkLimitedCnt 'qwww', 'siri', 4
[20:58:52] EXEC IGC_GremoryCaseSelect 'qwww', 'siri', 1
[20:58:52] EXEC IGC_GremoryCaseSelect 'qwww', 'siri', 2
[20:58:52] EXEC IGC_GremoryCaseSelect 'qwww', 'siri', 4
[20:58:52] EXEC IGC_BattleCore_AccountUserInfoSelect 'qwww', 'siri', 0, 0
[20:58:52] EXEC IGC_GetLoadRestoreInventory 'qwww', 'siri'
[20:58:52] EXEC IGC_EventMapEnterCount_Get 'siri'
[20:58:52] EXEC IGC_EvolutionMonsterInfoLoad 'qwww', 'siri'
[20:58:52] SELECT pass_id, pass_type, pass_level, pass_experience, complete_mission, today_exp, mu_pass_reward, gold_pass_reward, premium_pass_reward, last_login FROM IGC_SeasonPass WHERE character_id = 327
[20:58:52] SELECT ticket_count, special_point FROM IGC_SeasonPassTicket WHERE character_id = 327
[20:58:52] EXEC IGC_WingCoreInfoSelect 251, 'qwww', 'siri', 0
[20:58:52] EXEC IGC_WingCoreInfoSelect 251, 'qwww', 'siri', 1
[20:58:52] SELECT ItemCode, ItemSerial, ItemLevel, OptionIndex, AddOptionIndex, ItemCount, Pos FROM IGC_AbilityCardInfo WHERE Name = 'siri'
[20:58:52] SELECT BlockedName FROM IGC_BlockChat WHERE Name = 'siri'
[20:58:52] SELECT * FROM IGC_FavouriteWarpData WHERE Name = 'siri'
[20:58:52] SELECT [Name], [HuntPoint], [Monsters], [Buffs], [Inactive], [Quest], [WeekMonsters] FROM [IGC_HuntPoint] WHERE Name = 'siri'
[20:58:52] SELECT QuestState from IGC_HuntPoint where Name='siri'
[20:58:52] EXEC IGC_ResetInfoLoad 327
[20:58:52] EXEC IGC_CharacterItemDropLoad 327
[20:58:52] EXEC IGC_GremoryCaseSelect 'qwww', 'siri', 4
[20:58:52] SELECT mission_index, mission_type, current_step, current_amount FROM IGC_SeasonPassMission WHERE character_id = 327 ORDER BY mission_index
[20:58:52] EXEC IGC_Monster_KillCount_Save 'isk6', 20
[20:58:52] SQLSTATE: 42S02, Diagnosis: [Microsoft][ODBC SQL Server Driver][SQL Server]Invalid object name 'MonsterKillCount'.
[20:58:52] EXEC IGC_Monster_KillCount_Save 'TOP1FARMJW', 351
[20:58:52] SQLSTATE: 42S02, Diagnosis: [Microsoft][ODBC SQL Server Driver][SQL Server]Invalid object name 'MonsterKillCount'.
[20:58:52] EXEC IGC_Monster_KillCount_Save '3WindSoul', 445
[20:58:52] SQLSTATE: 42S02, Diagnosis: [Microsoft][ODBC SQL Server Driver][SQL Server]Invalid object name 'MonsterKillCount'.
[20:58:52] EXEC IGC_Monster_KillCount_Save 'CS114', 768
[20:58:52] SQLSTATE: 42S02, Diagnosis: [Microsoft][ODBC SQL Server Driver][SQL Server]Invalid object name 'MonsterKillCount'.
[20:58:52] EXEC IGC_Monster_KillCount_Save 'MuTMuck', 787
[20:58:52] SQLSTATE: 42S02, Diagnosis: [Microsoft][ODBC SQL Server Driver][SQL Server]Invalid object name 'MonsterKillCount'.
[20:58:52] EXEC IGC_Monster_KillCount_Save 'refuseLem', 310
[20:58:52] SQLSTATE: 42S02, Diagnosis: [Microsoft][ODBC SQL Server Driver][SQL Server]Invalid object name 'MonsterKillCount'.
[20:58:52] EXEC IGC_Monster_KillCount_Save 'DTLove10', 569
[20:58:52] SQLSTATE: 42S02, Diagnosis: [Microsoft][ODBC SQL Server Driver][SQL Server]Invalid object name 'MonsterKillCount'.
[20:58:52] EXEC IGC_Monster_KillCount_Save 'TARRASQUE', 767
[20:58:52] SQLSTATE: 42S02, Diagnosis: [Microsoft][ODBC SQL Server Driver][SQL Server]Invalid object name 'MonsterKillCount'.
[20:58:52] EXEC IGC_Monster_KillCount_Save 'TheTank', 767
[20:58:52] SQLSTATE: 42S02, Diagnosis: [Microsoft][ODBC SQL Server Driver][SQL Server]Invalid object name 'MonsterKillCount'.
[20:58:52] EXEC IGC_Monster_KillCount_Save 'zZElfHitZz', 770
[20:58:52] SQLSTATE: 42S02, Diagnosis: [Microsoft][ODBC SQL Server Driver][SQL Server]Invalid object name 'MonsterKillCount'.
[20:58:52] EXEC IGC_Monster_KillCount_Save 'isk7', 20
[20:58:52] SQLSTATE: 42S02, Diagnosis: [Microsoft][ODBC SQL Server Driver][SQL Server]Invalid object name 'MonsterKillCount'.
[20:58:52] EXEC IGC_Monster_KillCount_Save 'isk5', 447
[20:58:52] SQLSTATE: 42S02, Diagnosis: [Microsoft][ODBC SQL Server Driver][SQL Server]Invalid object name 'MonsterKillCount'.
[20:58:52] EXEC IGC_Monster_KillCount_Save 'isk5', 447
[20:58:52] SQLSTATE: 42S02, Diagnosis: [Microsoft][ODBC SQL Server Driver][SQL Server]Invalid object name 'MonsterKillCount'.
[20:58:52] EXEC IGC_Monster_KillCount_Save 'isk5', 447
[20:58:52] SQLSTATE: 42S02, Diagnosis: [Microsoft][ODBC SQL Server Driver][SQL Server]Invalid object name 'MonsterKillCount'.
[20:58:52] EXEC IGC_Monster_KillCount_Save 'isk5', 447
[20:58:52] SQLSTATE: 42S02, Diagnosis: [Microsoft][ODBC SQL Server Driver][SQL Server]Invalid object name 'MonsterKillCount'.
[20:58:52] EXEC IGC_Monster_KillCount_Save 'isk5', 447
[20:58:52] SQLSTATE: 42S02, Diagnosis: [Microsoft][ODBC SQL Server Driver][SQL Server]Invalid object name 'MonsterKillCount'.
[20:58:52] EXEC IGC_Monster_KillCount_Save 'Tarabas', 586
[20:58:52] SQLSTATE: 42S02, Diagnosis: [Microsoft][ODBC SQL Server Driver][SQL Server]Invalid object name 'MonsterKillCount'.
[20:58:52] EXEC IGC_Monster_KillCount_Save 'CoDaySinh', 767
[20:58:52] SQLSTATE: 42S02, Diagnosis: [Microsoft][ODBC SQL Server Driver][SQL Server]Invalid object name 'MonsterKillCount'.
[20:58:52] EXEC IGC_Monster_KillCount_Save '5MAGUS', 770
[20:58:52] SQLSTATE: 42S02, Diagnosis: [Microsoft][ODBC SQL Server Driver][SQL Server]Invalid object name 'MonsterKillCount'.
[20:58:52] EXEC IGC_Monster_KillCount_Save 'MeFace', 771
[20:58:52] SQLSTATE: 42S02, Diagnosis: [Microsoft][ODBC SQL Server Driver][SQL Server]Invalid object name 'MonsterKillCount'.
[20:58:52] EXEC IGC_Monster_KillCount_Save 'xXxXx', 786
[20:58:52] SQLSTATE: 42S02, Diagnosis: [Microsoft][ODBC SQL Server Driver][SQL Server]Invalid object name 'MonsterKillCount'.
[20:58:52] EXEC IGC_Monster_KillCount_Save 'Elvis', 789
[20:58:52] SQLSTATE: 42S02, Diagnosis: [Microsoft][ODBC SQL Server Driver][SQL Server]Invalid object name 'MonsterKillCount'.
[20:58:52] EXEC IGC_Monster_KillCount_Save 'AoVL', 455
[20:58:53] SQLSTATE: 42S02, Diagnosis: [Microsoft][ODBC SQL Server Driver][SQL Server]Invalid object name 'MonsterKillCount'.
[20:58:53] EXEC IGC_Monster_KillCount_Save 'DTLove9', 573
[20:58:53] SQLSTATE: 42S02, Diagnosis: [Microsoft][ODBC SQL Server Driver][SQL Server]Invalid object name 'MonsterKillCount'.
[20:58:53] EXEC IGC_Monster_KillCount_Save 'DarkIK', 770
[20:58:53] SQLSTATE: 42S02, Diagnosis: [Microsoft][ODBC SQL Server Driver][SQL Server]Invalid object name 'MonsterKillCount'.
[20:58:53] EXEC IGC_Monster_KillCount_Save '7event', 20
[20:58:53] SQLSTATE: 42S02, Diagnosis: [Microsoft][ODBC SQL Server Driver][SQL Server]Invalid object name 'MonsterKillCount'.
[20:58:53] EXEC IGC_Monster_KillCount_Save 'refuseDL', 69
[20:58:53] SQLSTATE: 42S02, Diagnosis: [Microsoft][ODBC SQL Server Driver][SQL Server]Invalid object name 'MonsterKillCount'.
[20:58:53] EXEC IGC_Monster_KillCount_Save 'isker', 449
[20:58:53] SQLSTATE: 42S02, Diagnosis: [Microsoft][ODBC SQL Server Driver][SQL Server]Invalid object name 'MonsterKillCount'.
[20:58:53] EXEC IGC_Monster_KillCount_Save 'CS115', 768
[20:58:53] SQLSTATE: 42S02, Diagnosis: [Microsoft][ODBC SQL Server Driver][SQL Server]Invalid object name 'MonsterKillCount'.
[20:58:53] EXEC IGC_Monster_KillCount_Save 'CS114', 768
[20:58:53] SQLSTATE: 42S02, Diagnosis: [Microsoft][ODBC SQL Server Driver][SQL Server]Invalid object name 'MonsterKillCount'.
[20:58:53] EXEC IGC_Monster_KillCount_Save 'Insane', 772
[20:58:53] SQLSTATE: 42S02, Diagnosis: [Microsoft][ODBC SQL Server Driver][SQL Server]Invalid object name 'MonsterKillCount'.
[20:58:53] EXEC IGC_Monster_KillCount_Save 'AutoBuff', 786
[20:58:53] SQLSTATE: 42S02, Diagnosis: [Microsoft][ODBC SQL Server Driver][SQL Server]Invalid object name 'MonsterKillCount'.
[20:58:53] EXEC IGC_Monster_KillCount_Save 'refuseLem', 310
[20:58:53] SQLSTATE: 42S02, Diagnosis: [Microsoft][ODBC SQL Server Driver][SQL Server]Invalid object name 'MonsterKillCount'.
[20:58:53] EXEC IGC_Monster_KillCount_Save 'HongAnhSL', 70
[20:58:53] SQLSTATE: 42S02, Diagnosis: [Microsoft][ODBC SQL Server Driver][SQL Server]Invalid object name 'MonsterKillCount'.
[20:58:53] EXEC IGC_Monster_KillCount_Save 'Ruub', 358
[20:58:53] SQLSTATE: 42S02, Diagnosis: [Microsoft][ODBC SQL Server Driver][SQL Server]Invalid object name 'MonsterKillCount'.
[20:58:53] EXEC IGC_Monster_KillCount_Save 'ikacko', 487
[20:58:53] SQLSTATE: 42S02, Diagnosis: [Microsoft][ODBC SQL Server Driver][SQL Server]Invalid object name 'MonsterKillCount'.
[20:58:53] EXEC IGC_Monster_KillCount_Save 'DTLove9', 573
[20:58:53] SQLSTATE: 42S02, Diagnosis: [Microsoft][ODBC SQL Server Driver][SQL Server]Invalid object name 'MonsterKillCount'.
[20:58:53] EXEC IGC_Monster_KillCount_Save 'Mrdka', 743
[20:58:53] SQLSTATE: 42S02, Diagnosis: [Microsoft][ODBC SQL Server Driver][SQL Server]Invalid object name 'MonsterKillCount'.
[20:58:53] EXEC IGC_Monster_KillCount_Save 'Mace', 456
[20:58:53] SQLSTATE: 42S02, Diagnosis: [Microsoft][ODBC SQL Server Driver][SQL Server]Invalid object name 'MonsterKillCount'.
[20:58:53] EXEC IGC_Monster_KillCount_Save 'Saken', 772
[20:58:53] SQLSTATE: 42S02, Diagnosis: [Microsoft][ODBC SQL Server Driver][SQL Server]Invalid object name 'MonsterKillCount'.
[20:58:53] EXEC IGC_Monster_KillCount_Save 'Saken', 772
[20:58:53] SQLSTATE: 42S02, Diagnosis: [Microsoft][ODBC SQL Server Driver][SQL Server]Invalid object name 'MonsterKillCount'.
[20:58:53] EXEC IGC_Monster_KillCount_Save 'Saken', 772
[20:58:53] SQLSTATE: 42S02, Diagnosis: [Microsoft][ODBC SQL Server Driver][SQL Server]Invalid object name 'MonsterKillCount'.
[20:58:53] UPDATE Character SET cLevel=400, mLevel=475, Class=118,LevelUpPoint=0, mlPoint=0, Experience=3892250000, mlExperience=25157661600, mlNextExp=41524359459, Strength=395, Dexterity=2628, Vitality=25, Energy=24, Money=130011694, Life=5521.000000, MaxLife=2060.000000, Mana=2578.000000, MaxMana=1059.000000, MapNumber=122, MapPosX=88, MapPosY=58, MapDir=3, PkCount=0, PkLevel=3, PkTime=0, Leadership=0, ChatLimitTime=0, RESETS = 0, Married = 0, MarryName = '', WinDuels=0, LoseDuels=0, BlockChatTime=0, PenaltyMask=0, Ruud=9619, OpenHuntingLog=112, StatGP=0, StatCoin=0, i4thSkillPoint=4, AddStrength=0, AddDexterity=0, AddVitality=0, AddEnergy=0, FruitAddPoint=0, FruitDecPoint=0, GrandResets=0, MonStat=0, Age=0, CJL=0, SIC=0, WingCoreType=255, WingCoreLevel=255, GiantMountType=0, GiantMountWear=0, AddLeadership=0 WHERE Name = 'ThayMocLop'
[20:58:53] EXEC IGC_PentagramInfoUpdate 226, 'conbodien4', 'ThayMocLop', 1, 0, 12, 222, 20, 0, 14, 0, 15, 15, 15, 15, 15, 15, 15, 15, 15
[20:58:53] UPDATE Character SET Inventory=? WHERE Name='ThayMocLop'
[20:58:53] EXEC IGC_PentagramInfoUpdate 226, 'conbodien4', 'ThayMocLop', 1, 1, 12, 232, 20, 0, 14, 0, 15, 15, 15, 15, 15, 15, 15, 15, 15
[20:58:53] UPDATE Character SET MagicList=? WHERE Name='ThayMocLop'
[20:58:53] EXEC IGC_PentagramInfoUpdate 226, 'conbodien4', 'ThayMocLop', 1, 2, 12, 242, 20, 0, 14, 0, 15, 15, 15, 15, 15, 15, 15, 15, 15
[20:58:53] UPDATE Character SET Quest=? WHERE Name='ThayMocLop'
[20:58:53] EXEC IGC_PentagramInfoUpdate 226, 'conbodien4', 'ThayMocLop', 1, 3, 12, 252, 20, 0, 14, 0, 15, 15, 15, 15, 15, 15, 15, 15, 15
[20:58:53] EXEC IGC_ClassQuest_MonsterKillSave 'ThayMocLop', -1, -1, 0, -1, 0, -1, 0, -1, 0, -1, 0
[20:58:53] UPDATE T_Event_Inventory SET Inventory=? WHERE Name = 'ThayMocLop'
[20:58:53] UPDATE IGC_Muun_Inventory SET Items=? WHERE Name='ThayMocLop'
[20:58:53] EXEC IGC_EvolutionMonsterInfoSave 'conbodien4', 'ThayMocLop', -1, 0, 0, -1, 0, 0, -1, 0, 0, -1, 0, 0, -1, 0, 0, 0
[20:58:53] EXEC IGC_SetSaveRestoreInventory 'conbodien4', 'ThayMocLop', ?
[20:58:53] EXEC IGC_MuunConditionInfoSetSave 'ThayMocLop', 0, 255, 0
[20:58:53] EXEC IGC_MuunConditionInfoSetSave 'ThayMocLop', 1, 255, 0
[20:58:53] EXEC IGC_EventMapEnterCount_Set 'ThayMocLop', 0, 0, 0, 0, 0, 0, 0
[20:58:53] EXEC IGC_MuunConditionInfoSetSave 'ThayMocLop', 2, 255, 0
[20:58:53] EXEC IGC_HuntingRecordInfoSave 'conbodien4', 'ThayMocLop', 122, 2024, 12, 27, 875, 54777, 11276215736, 522063435, 0, 10985, 53381881278, 7, 33980, 4882, 823, 406, 0, 360175
[20:58:53] EXEC IGC_HuntingRecordInfoUserOpenSave 'conbodien4', 'ThayMocLop', 1
[20:58:53] DELETE FROM IGC_BlockChat WHERE Name = 'ThayMocLop'
[20:58:53] EXEC IGC_ResetInfoSave 364, 0
[20:58:53] SELECT character_id FROM IGC_SeasonPass WHERE character_id = 364
[20:58:53] UPDATE IGC_SeasonPass SET pass_id = 1, pass_type = 0, pass_level = 4, pass_experience = 996, complete_mission = 6, today_exp = 153, mu_pass_reward = 0, gold_pass_reward = 0, premium_pass_reward = 0, last_login = 1735322333 WHERE character_id = 364
[20:58:53] SELECT character_id FROM IGC_SeasonPassTicket WHERE character_id = 364
[20:58:53] UPDATE IGC_SeasonPassTicket SET ticket_count = 0, special_point = 0 WHERE character_id = 364
[20:58:53] DELETE FROM IGC_SeasonPassMission WHERE character_id = 364
[20:58:53] INSERT INTO IGC_SeasonPassMission (character_id, mission_index, mission_type, current_step, current_amount) VALUES (364, 0, 0, 10, 2160)
[20:58:53] INSERT INTO IGC_SeasonPassMission (character_id, mission_index, mission_type, current_step, current_amount) VALUES (364, 1, 1, 7, 1700)
[20:58:53] INSERT INTO IGC_SeasonPassMission (character_id, mission_index, mission_type, current_step, current_amount) VALUES (364, 2, 2, 5, 34479)
[20:58:53] INSERT INTO IGC_SeasonPassMission (character_id, mission_index, mission_type, current_step, current_amount) VALUES (364, 3, 3, 0, 7)
[20:58:53] INSERT INTO IGC_SeasonPassMission (character_id, mission_index, mission_type, current_step, current_amount) VALUES (364, 4, 4, 3, 6)
[20:58:53] INSERT INTO IGC_SeasonPassMission (character_id, mission_index, mission_type, current_step, current_amount) VALUES (364, 7, 7, 1, 5)
[20:58:53] INSERT INTO IGC_SeasonPassMission (character_id, mission_index, mission_type, current_step, current_amount) VALUES (364, 11, 11, 1, 1)
[20:58:53] UPDATE IGC_HuntPoint SET HuntPoint=2500,Monsters=0,Buffs='|0=12.5||1=12.5||2=12.5||3=12.5||4=12.5||5=12.5||6=12.5||7=12.5|',Inactive=0,Quest='|0=0.0||1=0.0||2=0.0||3=0.0||4=0.0||5=0.0||6=0.0||7=0.0|', WeekMonsters=0 WHERE Name = 'ThayMocLop'
[20:58:53] UPDATE IGC_HuntPoint SET QuestState=? where Name='ThayMocLop'
[20:58:53] EXEC IGC_Monster_KillCount_Save '4Mage', 484
[20:58:53] SQLSTATE: 42S02, Diagnosis: [Microsoft][ODBC SQL Server Driver][SQL Server]Invalid object name 'MonsterKillCount'.
[20:58:53] EXEC IGC_Monster_KillCount_Save 'CoDaySinh', 767
[20:58:53] SQLSTATE: 42S02, Diagnosis: [Microsoft][ODBC SQL Server Driver][SQL Server]Invalid object name 'MonsterKillCount'.
[20:58:53] EXEC IGC_Monster_KillCount_Save 'Sm87', 768
[20:58:53] SQLSTATE: 42S02, Diagnosis: [Microsoft][ODBC SQL Server Driver][SQL Server]Invalid object name 'MonsterKillCount'.
[20:58:53] EXEC IGC_Monster_KillCount_Save 'Lenhen', 771
[20:58:53] SQLSTATE: 42S02, Diagnosis: [Microsoft][ODBC SQL Server Driver][SQL Server]Invalid object name 'MonsterKillCount'.
[20:58:53] EXEC IGC_Monster_KillCount_Save 'qwer', 787
[20:58:53] SQLSTATE: 42S02, Diagnosis: [Microsoft][ODBC SQL Server Driver][SQL Server]Invalid object name 'MonsterKillCount'.
[20:58:53] EXEC IGC_Monster_KillCount_Save 'HongAnhSL', 70
[20:58:54] SQLSTATE: 42S02, Diagnosis: [Microsoft][ODBC SQL Server Driver][SQL Server]Invalid object name 'MonsterKillCount'.
[20:58:54] EXEC IGC_Monster_KillCount_Save 'AoVL', 455
[20:58:54] SQLSTATE: 42S02, Diagnosis: [Microsoft][ODBC SQL Server Driver][SQL Server]Invalid object name 'MonsterKillCount'.
[20:58:54] EXEC IGC_Monster_KillCount_Save 'isk7', 20
[20:58:54] SQLSTATE: 42S02, Diagnosis: [Microsoft][ODBC SQL Server Driver][SQL Server]Invalid object name 'MonsterKillCount'.
[20:58:54] EXEC IGC_Monster_KillCount_Save 'isk6', 20
[20:58:54] SQLSTATE: 42S02, Diagnosis: [Microsoft][ODBC SQL Server Driver][SQL Server]Invalid object name 'MonsterKillCount'.
[20:58:54] EXEC IGC_Monster_KillCount_Save '9PORSCHE', 45
[20:58:54] SQLSTATE: 42S02, Diagnosis: [Microsoft][ODBC SQL Server Driver][SQL Server]Invalid object name 'MonsterKillCount'.
[20:58:54] EXEC IGC_Monster_KillCount_Save '3KunDun', 484
[20:58:54] SQLSTATE: 42S02, Diagnosis: [Microsoft][ODBC SQL Server Driver][SQL Server]Invalid object name 'MonsterKillCount'.
[20:58:54] EXEC IGC_Monster_KillCount_Save 'Buff666', 768
[20:58:54] SQLSTATE: 42S02, Diagnosis: [Microsoft][ODBC SQL Server Driver][SQL Server]Invalid object name 'MonsterKillCount'.
[20:58:54] EXEC IGC_Monster_KillCount_Save 'Buff666', 768
[20:58:54] SQLSTATE: 42S02, Diagnosis: [Microsoft][ODBC SQL Server Driver][SQL Server]Invalid object name 'MonsterKillCount'.
[20:58:54] EXEC IGC_Monster_KillCount_Save 'iskerka', 787
[20:58:54] SQLSTATE: 42S02, Diagnosis: [Microsoft][ODBC SQL Server Driver][SQL Server]Invalid object name 'MonsterKillCount'.
[20:58:54] EXEC IGC_Monster_KillCount_Save 'iskerka', 787
[20:58:54] SQLSTATE: 42S02, Diagnosis: [Microsoft][ODBC SQL Server Driver][SQL Server]Invalid object name 'MonsterKillCount'.
[20:58:54] EXEC IGC_Monster_KillCount_Save 'TDLove1', 571
[20:58:54] SQLSTATE: 42S02, Diagnosis: [Microsoft][ODBC SQL Server Driver][SQL Server]Invalid object name 'MonsterKillCount'.
[20:58:54] EXEC IGC_Monster_KillCount_Save 'TDLove1', 571
[20:58:54] SQLSTATE: 42S02, Diagnosis: [Microsoft][ODBC SQL Server Driver][SQL Server]Invalid object name 'MonsterKillCount'.
[20:58:54] EXEC IGC_Monster_KillCount_Save 'Resnais', 768
[20:58:54] SQLSTATE: 42S02, Diagnosis: [Microsoft][ODBC SQL Server Driver][SQL Server]Invalid object name 'MonsterKillCount'.
[20:58:54] EXEC IGC_Monster_KillCount_Save 'bbbbb', 353
[20:58:54] SQLSTATE: 42S02, Diagnosis: [Microsoft][ODBC SQL Server Driver][SQL Server]Invalid object name 'MonsterKillCount'.
[20:58:54] EXEC IGC_Monster_KillCount_Save 'Duud', 444
[20:58:54] SQLSTATE: 42S02, Diagnosis: [Microsoft][ODBC SQL Server Driver][SQL Server]Invalid object name 'MonsterKillCount'.
[20:58:54] EXEC IGC_Monster_KillCount_Save 'pigiVN', 730
[20:58:54] SQLSTATE: 42S02, Diagnosis: [Microsoft][ODBC SQL Server Driver][SQL Server]Invalid object name 'MonsterKillCount'.
[20:58:54] EXEC IGC_Monster_KillCount_Save 'AutoBuff', 786
[20:58:54] SQLSTATE: 42S02, Diagnosis: [Microsoft][ODBC SQL Server Driver][SQL Server]Invalid object name 'MonsterKillCount'.
[20:58:54] EXEC IGC_Monster_KillCount_Save 'Elvis', 789
[20:58:54] SQLSTATE: 42S02, Diagnosis: [Microsoft][ODBC SQL Server Driver][SQL Server]Invalid object name 'MonsterKillCount'.
[20:58:54] EXEC IGC_Monster_KillCount_Save 'G123', 789
[20:58:54] SQLSTATE: 42S02, Diagnosis: [Microsoft][ODBC SQL Server Driver][SQL Server]Invalid object name 'MonsterKillCount'.
[20:58:54] EXEC IGC_Monster_KillCount_Save 'TDLove1', 571
[20:58:54] SQLSTATE: 42S02, Diagnosis: [Microsoft][ODBC SQL Server Driver][SQL Server]Invalid object name 'MonsterKillCount'.
[20:58:55] EXEC IGC_Monster_KillCount_Save 'TDLove1', 571
[20:58:55] SQLSTATE: 42S02, Diagnosis: [Microsoft][ODBC SQL Server Driver][SQL Server]Invalid object name 'MonsterKillCount'.
[20:58:55] EXEC IGC_Monster_KillCount_Save 'TDLove1', 571
[20:58:55] SQLSTATE: 42S02, Diagnosis: [Microsoft][ODBC SQL Server Driver][SQL Server]Invalid object name 'MonsterKillCount'.
[20:58:55] EXEC IGC_Monster_KillCount_Save 'refuseAE', 454
[20:58:55] SQLSTATE: 42S02, Diagnosis: [Microsoft][ODBC SQL Server Driver][SQL Server]Invalid object name 'MonsterKillCount'.
[20:58:55] EXEC IGC_Monster_KillCount_Save 'isk7', 20
[20:58:55] SQLSTATE: 42S02, Diagnosis: [Microsoft][ODBC SQL Server Driver][SQL Server]Invalid object name 'MonsterKillCount'.
[20:58:55] EXEC IGC_Monster_KillCount_Save 'Lancer', 35
[20:58:55] SQLSTATE: 42S02, Diagnosis: [Microsoft][ODBC SQL Server Driver][SQL Server]Invalid object name 'MonsterKillCount'.
[20:58:55] EXEC IGC_Monster_KillCount_Save '8HAPPIER', 45
[20:58:55] SQLSTATE: 42S02, Diagnosis: [Microsoft][ODBC SQL Server Driver][SQL Server]Invalid object name 'MonsterKillCount'.
[20:58:55] EXEC IGC_Monster_KillCount_Save 'aaaaaaaaaa', 443
[20:58:55] SQLSTATE: 42S02, Diagnosis: [Microsoft][ODBC SQL Server Driver][SQL Server]Invalid object name 'MonsterKillCount'.
[20:58:55] EXEC IGC_Monster_KillCount_Save 'aaaaaaaaaa', 443
[20:58:55] SQLSTATE: 42S02, Diagnosis: [Microsoft][ODBC SQL Server Driver][SQL Server]Invalid object name 'MonsterKillCount'.
[20:58:55] EXEC IGC_Monster_KillCount_Save 'ArthurMD', 589
[20:58:55] SQLSTATE: 42S02, Diagnosis: [Microsoft][ODBC SQL Server Driver][SQL Server]Invalid object name 'MonsterKillCount'.
[20:58:55] EXEC IGC_Monster_KillCount_Save 'Zlato4ka', 609
[20:58:55] SQLSTATE: 42S02, Diagnosis: [Microsoft][ODBC SQL Server Driver][SQL Server]Invalid object name 'MonsterKillCount'.
[20:58:55] EXEC IGC_Monster_KillCount_Save 'pigiVN', 731
[20:58:55] SQLSTATE: 42S02, Diagnosis: [Microsoft][ODBC SQL Server Driver][SQL Server]Invalid object name 'MonsterKillCount'.
[20:58:55] EXEC IGC_Monster_KillCount_Save 'The7', 731
[20:58:55] SQLSTATE: 42S02, Diagnosis: [Microsoft][ODBC SQL Server Driver][SQL Server]Invalid object name 'MonsterKillCount'.
[20:58:55] EXEC IGC_Monster_KillCount_Save 'CoDaySinh', 767
[20:58:55] SQLSTATE: 42S02, Diagnosis: [Microsoft][ODBC SQL Server Driver][SQL Server]Invalid object name 'MonsterKillCount'.
[20:58:55] EXEC IGC_Monster_KillCount_Save 'CS114', 768
[20:58:55] SQLSTATE: 42S02, Diagnosis: [Microsoft][ODBC SQL Server Driver][SQL Server]Invalid object name 'MonsterKillCount'.
[20:58:55] EXEC IGC_Monster_KillCount_Save 'VNZzGLzZVN', 786
[20:58:55] SQLSTATE: 42S02, Diagnosis: [Microsoft][ODBC SQL Server Driver][SQL Server]Invalid object name 'MonsterKillCount'.
[20:58:55] EXEC IGC_Monster_KillCount_Save 'AoVL', 455
[20:58:55] SQLSTATE: 42S02, Diagnosis: [Microsoft][ODBC SQL Server Driver][SQL Server]Invalid object name 'MonsterKillCount'.
[20:58:55] EXEC IGC_Monster_KillCount_Save 'Ulquiora', 575
[20:58:55] SQLSTATE: 42S02, Diagnosis: [Microsoft][ODBC SQL Server Driver][SQL Server]Invalid object name 'MonsterKillCount'.
[20:58:55] EXEC IGC_Monster_KillCount_Save 'Ulquiora', 575
[20:58:55] SQLSTATE: 42S02, Diagnosis: [Microsoft][ODBC SQL Server Driver][SQL Server]Invalid object name 'MonsterKillCount'.
[20:58:55] EXEC IGC_Monster_KillCount_Save 'Scythe', 575
[20:58:55] SQLSTATE: 42S02, Diagnosis: [Microsoft][ODBC SQL Server Driver][SQL Server]Invalid object name 'MonsterKillCount'.
[20:58:55] EXEC IGC_Monster_KillCount_Save 'Mrdka', 743
[20:58:55] SQLSTATE: 42S02, Diagnosis: [Microsoft][ODBC SQL Server Driver][SQL Server]Invalid object name 'MonsterKillCount'.
[20:58:55] EXEC IGC_Monster_KillCount_Save 'zZElfHitZz', 770
[20:58:55] SQLSTATE: 42S02, Diagnosis: [Microsoft][ODBC SQL Server Driver][SQL Server]Invalid object name 'MonsterKillCount'.
[20:58:55] EXEC IGC_GetPartyMatchingListJoinAble 950, 100, 0, 1, 6
[20:58:55] EXEC IGC_GetPartyMatchingListJoinAbleTotalCount 950, 100,0
[20:58:55] EXEC IGC_GetPartyMatchingWaitListForLeader 'Yamato'
[20:58:55] EXEC IGC_Monster_KillCount_Save 'Resnais', 768
[20:58:55] SQLSTATE: 42S02, Diagnosis: [Microsoft][ODBC SQL Server Driver][SQL Server]Invalid object name 'MonsterKillCount'.
[20:58:55] EXEC IGC_Monster_KillCount_Save 'Saken', 772
[20:58:55] SQLSTATE: 42S02, Diagnosis: [Microsoft][ODBC SQL Server Driver][SQL Server]Invalid object name 'MonsterKillCount'.
[20:58:55] EXEC IGC_Monster_KillCount_Save 'isk6', 20
[20:58:55] SQLSTATE: 42S02, Diagnosis: [Microsoft][ODBC SQL Server Driver][SQL Server]Invalid object name 'MonsterKillCount'.
[20:58:55] EXEC IGC_Monster_KillCount_Save 'TOP1FARMJW', 351
[20:58:55] SQLSTATE: 42S02, Diagnosis: [Microsoft][ODBC SQL Server Driver][SQL Server]Invalid object name 'MonsterKillCount'.
[20:58:55] EXEC IGC_Monster_KillCount_Save 'H1deaki', 569
[20:58:55] SQLSTATE: 42S02, Diagnosis: [Microsoft][ODBC SQL Server Driver][SQL Server]Invalid object name 'MonsterKillCount'.
[20:58:55] EXEC IGC_Monster_KillCount_Save 'The5', 730
[20:58:55] SQLSTATE: 42S02, Diagnosis: [Microsoft][ODBC SQL Server Driver][SQL Server]Invalid object name 'MonsterKillCount'.
[20:58:55] EXEC IGC_Monster_KillCount_Save 'The5', 731
[20:58:55] SQLSTATE: 42S02, Diagnosis: [Microsoft][ODBC SQL Server Driver][SQL Server]Invalid object name 'MonsterKillCount'.
[20:58:55] EXEC IGC_Monster_KillCount_Save 'FunnyBunny', 771
[20:58:55] SQLSTATE: 42S02, Diagnosis: [Microsoft][ODBC SQL Server Driver][SQL Server]Invalid object name 'MonsterKillCount'.
[20:58:55] EXEC IGC_Monster_KillCount_Save 'VNZzGLzZVN', 786
[20:58:55] SQLSTATE: 42S02, Diagnosis: [Microsoft][ODBC SQL Server Driver][SQL Server]Invalid object name 'MonsterKillCount'.
[20:58:55] EXEC IGC_Monster_KillCount_Save 'HaMyXinh', 786
[20:58:55] SQLSTATE: 42S02, Diagnosis: [Microsoft][ODBC SQL Server Driver][SQL Server]Invalid object name 'MonsterKillCount'.
[20:58:55] EXEC IGC_Monster_KillCount_Save 'TDLove4', 569
[20:58:55] SQLSTATE: 42S02, Diagnosis: [Microsoft][ODBC SQL Server Driver][SQL Server]Invalid object name 'MonsterKillCount'.
[20:58:56] EXEC IGC_Monster_KillCount_Save '8HAPPIER', 45
[20:58:56] SQLSTATE: 42S02, Diagnosis: [Microsoft][ODBC SQL Server Driver][SQL Server]Invalid object name 'MonsterKillCount'.
[20:58:56] EXEC IGC_Monster_KillCount_Save 'refuseDL', 69
[20:58:56] SQLSTATE: 42S02, Diagnosis: [Microsoft][ODBC SQL Server Driver][SQL Server]Invalid object name 'MonsterKillCount'.
[20:58:56] EXEC IGC_Monster_KillCount_Save 'aaaaaaaaaa', 443
[20:58:56] SQLSTATE: 42S02, Diagnosis: [Microsoft][ODBC SQL Server Driver][SQL Server]Invalid object name 'MonsterKillCount'.
[20:58:56] EXEC IGC_Monster_KillCount_Save '06SL', 480
[20:58:56] SQLSTATE: 42S02, Diagnosis: [Microsoft][ODBC SQL Server Driver][SQL Server]Invalid object name 'MonsterKillCount'.
[20:58:56] EXEC IGC_Monster_KillCount_Save 'The7', 730
[20:58:56] SQLSTATE: 42S02, Diagnosis: [Microsoft][ODBC SQL Server Driver][SQL Server]Invalid object name 'MonsterKillCount'.
[20:58:56] EXEC IGC_Monster_KillCount_Save 'The7', 730
[20:58:56] SQLSTATE: 42S02, Diagnosis: [Microsoft][ODBC SQL Server Driver][SQL Server]Invalid object name 'MonsterKillCount'.
[20:58:56] EXEC IGC_Monster_KillCount_Save 'The7', 730
[20:58:56] SQLSTATE: 42S02, Diagnosis: [Microsoft][ODBC SQL Server Driver][SQL Server]Invalid object name 'MonsterKillCount'.
[20:58:56] EXEC IGC_Monster_KillCount_Save 'Ladyzinha', 770
[20:58:56] SQLSTATE: 42S02, Diagnosis: [Microsoft][ODBC SQL Server Driver][SQL Server]Invalid object name 'MonsterKillCount'.
[20:58:56] EXEC IGC_Monster_KillCount_Save 'Ladyzinha', 770
[20:58:56] SQLSTATE: 42S02, Diagnosis: [Microsoft][ODBC SQL Server Driver][SQL Server]Invalid object name 'MonsterKillCount'.
[20:58:56] EXEC IGC_Monster_KillCount_Save 'CS115', 768
[20:58:56] SQLSTATE: 42S02, Diagnosis: [Microsoft][ODBC SQL Server Driver][SQL Server]Invalid object name 'MonsterKillCount'.
[20:58:56] EXEC IGC_Monster_KillCount_Save 'Kundun', 789
[20:58:56] SQLSTATE: 42S02, Diagnosis: [Microsoft][ODBC SQL Server Driver][SQL Server]Invalid object name 'MonsterKillCount'.
[20:58:56] EXEC IGC_Monster_KillCount_Save 'refuseLem', 310
[20:58:56] SQLSTATE: 42S02, Diagnosis: [Microsoft][ODBC SQL Server Driver][SQL Server]Invalid object name 'MonsterKillCount'.
[20:58:56] EXEC IGC_Monster_KillCount_Save 'refuseMG', 311
[20:58:56] SQLSTATE: 42S02, Diagnosis: [Microsoft][ODBC SQL Server Driver][SQL Server]Invalid object name 'MonsterKillCount'.
[20:58:56] EXEC IGC_Monster_KillCount_Save 'DTLove10', 569
[20:58:56] SQLSTATE: 42S02, Diagnosis: [Microsoft][ODBC SQL Server Driver][SQL Server]Invalid object name 'MonsterKillCount'.
[20:58:56] EXEC IGC_Monster_KillCount_Save 'DTLove10', 569
[20:58:56] SQLSTATE: 42S02, Diagnosis: [Microsoft][ODBC SQL Server Driver][SQL Server]Invalid object name 'MonsterKillCount'.
[20:58:56] EXEC IGC_Monster_KillCount_Save 'DTLove10', 569
[20:58:56] SQLSTATE: 42S02, Diagnosis: [Microsoft][ODBC SQL Server Driver][SQL Server]Invalid object name 'MonsterKillCount'.
[20:58:56] EXEC IGC_Monster_KillCount_Save 'TDLove4', 569
[20:58:56] SQLSTATE: 42S02, Diagnosis: [Microsoft][ODBC SQL Server Driver][SQL Server]Invalid object name 'MonsterKillCount'.
[20:58:56] EXEC IGC_Monster_KillCount_Save 'TDLove4', 569
[20:58:56] SQLSTATE: 42S02, Diagnosis: [Microsoft][ODBC SQL Server Driver][SQL Server]Invalid object name 'MonsterKillCount'.
[20:58:56] EXEC IGC_Monster_KillCount_Save 'TDLove4', 569
[20:58:56] SQLSTATE: 42S02, Diagnosis: [Microsoft][ODBC SQL Server Driver][SQL Server]Invalid object name 'MonsterKillCount'.
[20:58:56] EXEC IGC_Monster_KillCount_Save 'TDLove4', 569
[20:58:56] SQLSTATE: 42S02, Diagnosis: [Microsoft][ODBC SQL Server Driver][SQL Server]Invalid object name 'MonsterKillCount'.
[20:58:56] EXEC IGC_Monster_KillCount_Save 'RatLaVLon', 767
[20:58:56] SQLSTATE: 42S02, Diagnosis: [Microsoft][ODBC SQL Server Driver][SQL Server]Invalid object name 'MonsterKillCount'.
[20:58:56] EXEC IGC_Monster_KillCount_Save 'CnokouHo', 767
[20:58:56] SQLSTATE: 42S02, Diagnosis: [Microsoft][ODBC SQL Server Driver][SQL Server]Invalid object name 'MonsterKillCount'.
[20:58:56] EXEC IGC_Monster_KillCount_Save 'Lemberg', 767
[20:58:56] SQLSTATE: 42S02, Diagnosis: [Microsoft][ODBC SQL Server Driver][SQL Server]Invalid object name 'MonsterKillCount'.
[20:58:56] EXEC IGC_Monster_KillCount_Save 'BabyFace', 768
[20:58:56] SQLSTATE: 42S02, Diagnosis: [Microsoft][ODBC SQL Server Driver][SQL Server]Invalid object name 'MonsterKillCount'.
[20:58:56] EXEC IGC_Monster_KillCount_Save 'aaaaaaaaaa', 443
[20:58:56] SQLSTATE: 42S02, Diagnosis: [Microsoft][ODBC SQL Server Driver][SQL Server]Invalid object name 'MonsterKillCount'.
[20:58:56] EXEC IGC_Monster_KillCount_Save 'aaaaaaaaaa', 443
[20:58:56] SQLSTATE: 42S02, Diagnosis: [Microsoft][ODBC SQL Server Driver][SQL Server]Invalid object name 'MonsterKillCount'.
[20:58:56] EXEC IGC_Monster_KillCount_Save '3WindSoul', 445
[20:58:56] SQLSTATE: 42S02, Diagnosis: [Microsoft][ODBC SQL Server Driver][SQL Server]Invalid object name 'MonsterKillCount'.
[20:58:56] EXEC IGC_Monster_KillCount_Save 'isker', 449
[20:58:56] SQLSTATE: 42S02, Diagnosis: [Microsoft][ODBC SQL Server Driver][SQL Server]Invalid object name 'MonsterKillCount'.
[20:58:56] EXEC IGC_Monster_KillCount_Save 'Barawar', 714
[20:58:56] SQLSTATE: 42S02, Diagnosis: [Microsoft][ODBC SQL Server Driver][SQL Server]Invalid object name 'MonsterKillCount'.
[20:58:56] EXEC IGC_Monster_KillCount_Save 'Barawar', 714
[20:58:56] SQLSTATE: 42S02, Diagnosis: [Microsoft][ODBC SQL Server Driver][SQL Server]Invalid object name 'MonsterKillCount'.
[20:58:56] EXEC IGC_Monster_KillCount_Save 'AstroX', 730
[20:58:56] SQLSTATE: 42S02, Diagnosis: [Microsoft][ODBC SQL Server Driver][SQL Server]Invalid object name 'MonsterKillCount'.
[20:58:56] EXEC IGC_Monster_KillCount_Save 'The5', 730
[20:58:56] SQLSTATE: 42S02, Diagnosis: [Microsoft][ODBC SQL Server Driver][SQL Server]Invalid object name 'MonsterKillCount'.
[20:58:56] EXEC IGC_Monster_KillCount_Save 'The5', 730
[20:58:56] SQLSTATE: 42S02, Diagnosis: [Microsoft][ODBC SQL Server Driver][SQL Server]Invalid object name 'MonsterKillCount'.
[20:58:56] EXEC IGC_Monster_KillCount_Save 'The5', 732
[20:58:56] SQLSTATE: 42S02, Diagnosis: [Microsoft][ODBC SQL Server Driver][SQL Server]Invalid object name 'MonsterKillCount'.
[20:58:56] EXEC IGC_Monster_KillCount_Save 'lili', 787
[20:58:56] SQLSTATE: 42S02, Diagnosis: [Microsoft][ODBC SQL Server Driver][SQL Server]Invalid object name 'MonsterKillCount'.
[20:58:56] EXEC IGC_Monster_KillCount_Save 'G123', 789
[20:58:56] SQLSTATE: 42S02, Diagnosis: [Microsoft][ODBC SQL Server Driver][SQL Server]Invalid object name 'MonsterKillCount'.
[20:58:56] EXEC IGC_Monster_KillCount_Save 'GL06', 893
[20:58:56] SQLSTATE: 42S02, Diagnosis: [Microsoft][ODBC SQL Server Driver][SQL Server]Invalid object name 'MonsterKillCount'.
[20:58:56] EXEC IGC_GetPartyMatchingWaitList 'Yamato'
[20:58:56] EXEC IGC_InsertPartyMatchingList 'Yamato', 'aaaaa', '1111', 1, 1650, 5, 0, 1, 1, 1, 2, 0, 950, 103
[20:58:56] EXEC IGC_CreateParty 'Yamato', 0, 950, 103, 0, 1735322336
[20:58:56] EXEC IGC_PartyMatchingInfoSave 'Yamato', 'aaaaa', '1111', 1, 1650, 1, 1, 0
[20:58:56] EXEC IGC_AddPartyMember 'Yamato', 'buffff', 0, 937, 5, 0, 1
[20:58:56] EXEC IGC_UpdatePartyMatchingMemberCount 'Yamato', 5 
[20:58:56] EXEC IGC_UpdatePartyMatchingEnergyElfStatus 'Yamato', 1
[20:58:56] EXEC IGC_AddPartyMember 'Yamato', 'smbuff', 0, 939, 0, 0, 1
[20:58:56] EXEC IGC_UpdatePartyMatchingMemberCount 'Yamato', 5 
[20:58:56] EXEC IGC_UpdatePartyMatchingEnergyElfStatus 'Yamato', 1
[20:58:56] EXEC IGC_AddPartyMember 'Yamato', 'dkbufik', 0, 938, 1, 0, 1
[20:58:56] EXEC IGC_UpdatePartyMatchingMemberCount 'Yamato', 5 
[20:58:56] EXEC IGC_UpdatePartyMatchingEnergyElfStatus 'Yamato', 1
[20:58:56] EXEC IGC_AddPartyMember 'Yamato', 'elfbuff', 0, 939, 2, 0, 1
[20:58:56] EXEC IGC_UpdatePartyMatchingMemberCount 'Yamato', 5 
[20:58:56] EXEC IGC_UpdatePartyMatchingEnergyElfStatus 'Yamato', 1
[20:58:56] EXEC IGC_Monster_KillCount_Save 'Ruub', 358
[20:58:56] SQLSTATE: 42S02, Diagnosis: [Microsoft][ODBC SQL Server Driver][SQL Server]Invalid object name 'MonsterKillCount'.
[20:58:56] EXEC IGC_Monster_KillCount_Save 'AoVL', 455
[20:58:56] EXEC IGC_GetPartyMatchingListJoinAble 950, 100, 0, 1, 6
[20:58:56] SQLSTATE: 42S02, Diagnosis: [Microsoft][ODBC SQL Server Driver][SQL Server]Invalid object name 'MonsterKillCount'.
[20:58:56] EXEC IGC_GetPartyMatchingListJoinAbleTotalCount 950, 100,0
[20:58:57] EXEC IGC_Monster_KillCount_Save 'RatLaVLon', 767
[20:58:57] SQLSTATE: 42S02, Diagnosis: [Microsoft][ODBC SQL Server Driver][SQL Server]Invalid object name 'MonsterKillCount'.
[20:58:57] EXEC IGC_Monster_KillCount_Save 'RatLaVLon', 767
[20:58:57] SQLSTATE: 42S02, Diagnosis: [Microsoft][ODBC SQL Server Driver][SQL Server]Invalid object name 'MonsterKillCount'.
[20:58:57] EXEC IGC_Monster_KillCount_Save 'RatLaVLon', 767
[20:58:57] SQLSTATE: 42S02, Diagnosis: [Microsoft][ODBC SQL Server Driver][SQL Server]Invalid object name 'MonsterKillCount'.
[20:58:57] EXEC IGC_Monster_KillCount_Save 'RatLaVLon', 767
[20:58:57] SQLSTATE: 42S02, Diagnosis: [Microsoft][ODBC SQL Server Driver][SQL Server]Invalid object name 'MonsterKillCount'.
[20:58:57] EXEC IGC_Monster_KillCount_Save 'RatLaVLon', 767
[20:58:57] SQLSTATE: 42S02, Diagnosis: [Microsoft][ODBC SQL Server Driver][SQL Server]Invalid object name 'MonsterKillCount'.
[20:58:57] EXEC IGC_Monster_KillCount_Save 'RatLaVLon', 767
[20:58:57] SQLSTATE: 42S02, Diagnosis: [Microsoft][ODBC SQL Server Driver][SQL Server]Invalid object name 'MonsterKillCount'.
[20:58:57] SELECT Name FROM IGC_FavouriteWarpData WHERE Name = 'Ti4ka'
[20:58:57] UPDATE IGC_FavouriteWarpData SET WarpIndex_1 = 3, WarpMapNum_1 = 2, WarpIndex_2 = 4, WarpMapNum_2 = 3, WarpIndex_3 = 5, WarpMapNum_3 = 31, WarpIndex_4 = 45, WarpMapNum_4 = 51, WarpIndex_5 = -1, WarpMapNum_5 = -1 WHERE Name = 'Ti4ka'
[20:58:57] EXEC IGC_Monster_KillCount_Save 'Mace', 456
[20:58:57] SQLSTATE: 42S02, Diagnosis: [Microsoft][ODBC SQL Server Driver][SQL Server]Invalid object name 'MonsterKillCount'.
[20:58:57] EXEC IGC_Monster_KillCount_Save 'MissMD', 19
[20:58:57] SQLSTATE: 42S02, Diagnosis: [Microsoft][ODBC SQL Server Driver][SQL Server]Invalid object name 'MonsterKillCount'.
[20:58:57] EXEC IGC_Monster_KillCount_Save '7event', 20
[20:58:57] SQLSTATE: 42S02, Diagnosis: [Microsoft][ODBC SQL Server Driver][SQL Server]Invalid object name 'MonsterKillCount'.
[20:58:57] EXEC IGC_Monster_KillCount_Save '7event', 20
[20:58:57] SQLSTATE: 42S02, Diagnosis: [Microsoft][ODBC SQL Server Driver][SQL Server]Invalid object name 'MonsterKillCount'.
[20:58:57] EXEC IGC_Monster_KillCount_Save 'isk6', 20
[20:58:57] SQLSTATE: 42S02, Diagnosis: [Microsoft][ODBC SQL Server Driver][SQL Server]Invalid object name 'MonsterKillCount'.
[20:58:57] EXEC IGC_Monster_KillCount_Save '9PORSCHE', 45
[20:58:57] SQLSTATE: 42S02, Diagnosis: [Microsoft][ODBC SQL Server Driver][SQL Server]Invalid object name 'MonsterKillCount'.
[20:58:57] EXEC IGC_Monster_KillCount_Save 'bbbbb', 353
[20:58:57] SQLSTATE: 42S02, Diagnosis: [Microsoft][ODBC SQL Server Driver][SQL Server]Invalid object name 'MonsterKillCount'.
[20:58:57] EXEC IGC_Monster_KillCount_Save '101IK', 484
[20:58:57] SQLSTATE: 42S02, Diagnosis: [Microsoft][ODBC SQL Server Driver][SQL Server]Invalid object name 'MonsterKillCount'.
[20:58:57] EXEC IGC_Monster_KillCount_Save 'CS114', 768
[20:58:57] SQLSTATE: 42S02, Diagnosis: [Microsoft][ODBC SQL Server Driver][SQL Server]Invalid object name 'MonsterKillCount'.
[20:58:57] EXEC IGC_Monster_KillCount_Save 'refuseMG', 311
[20:58:57] SQLSTATE: 42S02, Diagnosis: [Microsoft][ODBC SQL Server Driver][SQL Server]Invalid object name 'MonsterKillCount'.
[20:58:57] EXEC IGC_Monster_KillCount_Save 'Scythe', 575
[20:58:57] EXEC IGC_RealmItemDropUpdate 23, 1479
[20:58:57] SQLSTATE: 42S02, Diagnosis: [Microsoft][ODBC SQL Server Driver][SQL Server]Invalid object name 'MonsterKillCount'.
[20:58:57] EXEC IGC_Monster_KillCount_Save 'Mrdka', 743
[20:58:57] SQLSTATE: 42S02, Diagnosis: [Microsoft][ODBC SQL Server Driver][SQL Server]Invalid object name 'MonsterKillCount'.
[20:58:57] EXEC IGC_Monster_KillCount_Save 'TOP1FARMJW', 351
[20:58:57] SQLSTATE: 42S02, Diagnosis: [Microsoft][ODBC SQL Server Driver][SQL Server]Invalid object name 'MonsterKillCount'.
[20:58:57] EXEC IGC_Monster_KillCount_Save 'Ruud', 358
[20:58:57] SQLSTATE: 42S02, Diagnosis: [Microsoft][ODBC SQL Server Driver][SQL Server]Invalid object name 'MonsterKillCount'.
[20:58:57] EXEC IGC_Monster_KillCount_Save 'isker', 449
[20:58:57] SQLSTATE: 42S02, Diagnosis: [Microsoft][ODBC SQL Server Driver][SQL Server]Invalid object name 'MonsterKillCount'.
[20:58:57] EXEC IGC_Monster_KillCount_Save 'Summmer', 570
[20:58:57] SQLSTATE: 42S02, Diagnosis: [Microsoft][ODBC SQL Server Driver][SQL Server]Invalid object name 'MonsterKillCount'.
[20:58:57] EXEC IGC_Monster_KillCount_Save 'ArthurMD', 589
[20:58:57] SQLSTATE: 42S02, Diagnosis: [Microsoft][ODBC SQL Server Driver][SQL Server]Invalid object name 'MonsterKillCount'.
[20:58:57] EXEC IGC_Monster_KillCount_Save 'BHuMaHuE', 670
[20:58:57] SQLSTATE: 42S02, Diagnosis: [Microsoft][ODBC SQL Server Driver][SQL Server]Invalid object name 'MonsterKillCount'.
[20:58:57] EXEC IGC_Monster_KillCount_Save 'BHuMaHuE', 670
[20:58:57] SQLSTATE: 42S02, Diagnosis: [Microsoft][ODBC SQL Server Driver][SQL Server]Invalid object name 'MonsterKillCount'.
[20:58:57] EXEC IGC_Monster_KillCount_Save 'BlackWidow', 713
[20:58:57] SQLSTATE: 42S02, Diagnosis: [Microsoft][ODBC SQL Server Driver][SQL Server]Invalid object name 'MonsterKillCount'.
[20:58:57] EXEC IGC_Monster_KillCount_Save 'The6', 737
[20:58:57] SQLSTATE: 42S02, Diagnosis: [Microsoft][ODBC SQL Server Driver][SQL Server]Invalid object name 'MonsterKillCount'.
[20:58:57] EXEC IGC_Monster_KillCount_Save 'ThayDayLy', 770
[20:58:57] SQLSTATE: 42S02, Diagnosis: [Microsoft][ODBC SQL Server Driver][SQL Server]Invalid object name 'MonsterKillCount'.
[20:58:57] EXEC IGC_Monster_KillCount_Save 'ThayDayLy', 770
[20:58:57] SQLSTATE: 42S02, Diagnosis: [Microsoft][ODBC SQL Server Driver][SQL Server]Invalid object name 'MonsterKillCount'.
[20:58:57] EXEC IGC_Monster_KillCount_Save 'GL01', 770
[20:58:57] SQLSTATE: 42S02, Diagnosis: [Microsoft][ODBC SQL Server Driver][SQL Server]Invalid object name 'MonsterKillCount'.
[20:58:57] EXEC IGC_Monster_KillCount_Save 'GL01', 770
[20:58:57] SQLSTATE: 42S02, Diagnosis: [Microsoft][ODBC SQL Server Driver][SQL Server]Invalid object name 'MonsterKillCount'.
[20:58:57] EXEC IGC_Monster_KillCount_Save 'GL01', 770
[20:58:57] SQLSTATE: 42S02, Diagnosis: [Microsoft][ODBC SQL Server Driver][SQL Server]Invalid object name 'MonsterKillCount'.
[20:58:57] EXEC IGC_Monster_KillCount_Save 'GL01', 770
[20:58:57] SQLSTATE: 42S02, Diagnosis: [Microsoft][ODBC SQL Server Driver][SQL Server]Invalid object name 'MonsterKillCount'.
[20:58:57] EXEC IGC_Monster_KillCount_Save 'Resnis', 768
[20:58:57] SQLSTATE: 42S02, Diagnosis: [Microsoft][ODBC SQL Server Driver][SQL Server]Invalid object name 'MonsterKillCount'.
[20:58:57] EXEC IGC_Monster_KillCount_Save 'ThayMocLop', 786
[20:58:57] SQLSTATE: 42S02, Diagnosis: [Microsoft][ODBC SQL Server Driver][SQL Server]Invalid object name 'MonsterKillCount'.
[20:58:57] EXEC IGC_Monster_KillCount_Save 'GL06', 893
[20:58:57] SQLSTATE: 42S02, Diagnosis: [Microsoft][ODBC SQL Server Driver][SQL Server]Invalid object name 'MonsterKillCount'.
[20:58:57] EXEC IGC_Monster_KillCount_Save 'GL04', 893
[20:58:57] SQLSTATE: 42S02, Diagnosis: [Microsoft][ODBC SQL Server Driver][SQL Server]Invalid object name 'MonsterKillCount'.
[20:58:57] EXEC IGC_Monster_KillCount_Save 'refuseMG', 311
[20:58:57] SQLSTATE: 42S02, Diagnosis: [Microsoft][ODBC SQL Server Driver][SQL Server]Invalid object name 'MonsterKillCount'.
[20:58:57] EXEC IGC_Monster_KillCount_Save 'Ruub', 358
[20:58:57] SQLSTATE: 42S02, Diagnosis: [Microsoft][ODBC SQL Server Driver][SQL Server]Invalid object name 'MonsterKillCount'.
[20:58:57] EXEC IGC_Monster_KillCount_Save 'AoVL', 455
[20:58:57] SQLSTATE: 42S02, Diagnosis: [Microsoft][ODBC SQL Server Driver][SQL Server]Invalid object name 'MonsterKillCount'.
[20:58:58] EXEC IGC_Monster_KillCount_Save 'refuseAE', 454
[20:58:58] SQLSTATE: 42S02, Diagnosis: [Microsoft][ODBC SQL Server Driver][SQL Server]Invalid object name 'MonsterKillCount'.
[20:58:58] EXEC IGC_Monster_KillCount_Save '7event', 20
[20:58:58] SQLSTATE: 42S02, Diagnosis: [Microsoft][ODBC SQL Server Driver][SQL Server]Invalid object name 'MonsterKillCount'.
[20:58:58] EXEC IGC_Monster_KillCount_Save 'Duud', 444
[20:58:58] SQLSTATE: 42S02, Diagnosis: [Microsoft][ODBC SQL Server Driver][SQL Server]Invalid object name 'MonsterKillCount'.
[20:58:58] EXEC IGC_Monster_KillCount_Save '3WindSoul', 445
[20:58:58] SQLSTATE: 42S02, Diagnosis: [Microsoft][ODBC SQL Server Driver][SQL Server]Invalid object name 'MonsterKillCount'.
[20:58:58] EXEC IGC_Monster_KillCount_Save '101IK', 484
[20:58:58] SQLSTATE: 42S02, Diagnosis: [Microsoft][ODBC SQL Server Driver][SQL Server]Invalid object name 'MonsterKillCount'.
[20:58:58] EXEC IGC_Monster_KillCount_Save '101IK', 484
[20:58:58] SQLSTATE: 42S02, Diagnosis: [Microsoft][ODBC SQL Server Driver][SQL Server]Invalid object name 'MonsterKillCount'.
[20:58:58] EXEC IGC_Monster_KillCount_Save '100GL', 486
[20:58:58] SQLSTATE: 42S02, Diagnosis: [Microsoft][ODBC SQL Server Driver][SQL Server]Invalid object name 'MonsterKillCount'.
[20:58:58] EXEC IGC_Monster_KillCount_Save 'Tarabas', 586
[20:58:58] SQLSTATE: 42S02, Diagnosis: [Microsoft][ODBC SQL Server Driver][SQL Server]Invalid object name 'MonsterKillCount'.
[20:58:58] EXEC IGC_Monster_KillCount_Save 'The6', 731
[20:58:58] SQLSTATE: 42S02, Diagnosis: [Microsoft][ODBC SQL Server Driver][SQL Server]Invalid object name 'MonsterKillCount'.
[20:58:58] EXEC IGC_Monster_KillCount_Save 'The6', 738
[20:58:58] SQLSTATE: 42S02, Diagnosis: [Microsoft][ODBC SQL Server Driver][SQL Server]Invalid object name 'MonsterKillCount'.
[20:58:58] EXEC IGC_Monster_KillCount_Save 'Kavalski', 771
[20:58:58] SQLSTATE: 42S02, Diagnosis: [Microsoft][ODBC SQL Server Driver][SQL Server]Invalid object name 'MonsterKillCount'.
[20:58:58] EXEC IGC_Monster_KillCount_Save 'VNZzGLzZVN', 786
[20:58:58] SQLSTATE: 42S02, Diagnosis: [Microsoft][ODBC SQL Server Driver][SQL Server]Invalid object name 'MonsterKillCount'.
[20:58:58] EXEC IGC_Monster_KillCount_Save 'Buff', 789
[20:58:58] SQLSTATE: 42S02, Diagnosis: [Microsoft][ODBC SQL Server Driver][SQL Server]Invalid object name 'MonsterKillCount'.
[20:58:58] EXEC IGC_Monster_KillCount_Save 'D123', 789
[20:58:58] SQLSTATE: 42S02, Diagnosis: [Microsoft][ODBC SQL Server Driver][SQL Server]Invalid object name 'MonsterKillCount'.
[20:58:58] EXEC IGC_Monster_KillCount_Save 'Scythe', 575
[20:58:58] SQLSTATE: 42S02, Diagnosis: [Microsoft][ODBC SQL Server Driver][SQL Server]Invalid object name 'MonsterKillCount'.
[20:58:58] EXEC IGC_Monster_KillCount_Save 'uckyBcTBo', 767
[20:58:58] SQLSTATE: 42S02, Diagnosis: [Microsoft][ODBC SQL Server Driver][SQL Server]Invalid object name 'MonsterKillCount'.
[20:58:58] EXEC IGC_Monster_KillCount_Save 'zZElfHitZz', 770
[20:58:58] SQLSTATE: 42S02, Diagnosis: [Microsoft][ODBC SQL Server Driver][SQL Server]Invalid object name 'MonsterKillCount'.
[20:58:58] EXEC IGC_Monster_KillCount_Save 'zZElfHitZz', 770
[20:58:58] SQLSTATE: 42S02, Diagnosis: [Microsoft][ODBC SQL Server Driver][SQL Server]Invalid object name 'MonsterKillCount'.
[20:58:58] EXEC IGC_Monster_KillCount_Save 'Mace', 456
[20:58:58] SQLSTATE: 42S02, Diagnosis: [Microsoft][ODBC SQL Server Driver][SQL Server]Invalid object name 'MonsterKillCount'.
[20:58:58] EXEC IGC_Monster_KillCount_Save 'Hocok', 446
[20:58:58] SQLSTATE: 42S02, Diagnosis: [Microsoft][ODBC SQL Server Driver][SQL Server]Invalid object name 'MonsterKillCount'.
[20:58:58] EXEC IGC_Monster_KillCount_Save 'MisterMD', 608
[20:58:58] SQLSTATE: 42S02, Diagnosis: [Microsoft][ODBC SQL Server Driver][SQL Server]Invalid object name 'MonsterKillCount'.
[20:58:58] EXEC IGC_Monster_KillCount_Save 'Zlato4ka', 609
[20:58:58] SQLSTATE: 42S02, Diagnosis: [Microsoft][ODBC SQL Server Driver][SQL Server]Invalid object name 'MonsterKillCount'.
[20:58:58] EXEC IGC_Monster_KillCount_Save 'BHuMaHuE', 670
[20:58:58] SQLSTATE: 42S02, Diagnosis: [Microsoft][ODBC SQL Server Driver][SQL Server]Invalid object name 'MonsterKillCount'.
[20:58:58] EXEC IGC_Monster_KillCount_Save 'BHuMaHuE', 670
[20:58:58] SQLSTATE: 42S02, Diagnosis: [Microsoft][ODBC SQL Server Driver][SQL Server]Invalid object name 'MonsterKillCount'.
[20:58:58] EXEC IGC_Monster_KillCount_Save 'BHuMaHuE', 670
[20:58:58] SQLSTATE: 42S02, Diagnosis: [Microsoft][ODBC SQL Server Driver][SQL Server]Invalid object name 'MonsterKillCount'.
[20:58:58] EXEC IGC_Monster_KillCount_Save 'BlackWidow', 713
[20:58:58] SQLSTATE: 42S02, Diagnosis: [Microsoft][ODBC SQL Server Driver][SQL Server]Invalid object name 'MonsterKillCount'.
[20:58:58] EXEC IGC_Monster_KillCount_Save 'BlackWidow', 713
[20:58:58] SQLSTATE: 42S02, Diagnosis: [Microsoft][ODBC SQL Server Driver][SQL Server]Invalid object name 'MonsterKillCount'.
[20:58:58] EXEC IGC_Monster_KillCount_Save 'BlackWidow', 713
[20:58:58] SQLSTATE: 42S02, Diagnosis: [Microsoft][ODBC SQL Server Driver][SQL Server]Invalid object name 'MonsterKillCount'.
[20:58:58] EXEC IGC_Monster_KillCount_Save 'BlackWidow', 713
[20:58:58] SQLSTATE: 42S02, Diagnosis: [Microsoft][ODBC SQL Server Driver][SQL Server]Invalid object name 'MonsterKillCount'.
[20:58:58] EXEC IGC_Monster_KillCount_Save 'Barracuda', 714
[20:58:58] SQLSTATE: 42S02, Diagnosis: [Microsoft][ODBC SQL Server Driver][SQL Server]Invalid object name 'MonsterKillCount'.
[20:58:58] EXEC IGC_Monster_KillCount_Save 'DK08', 770
[20:58:58] SQLSTATE: 42S02, Diagnosis: [Microsoft][ODBC SQL Server Driver][SQL Server]Invalid object name 'MonsterKillCount'.
[20:58:58] EXEC IGC_Monster_KillCount_Save 'Lema', 772
[20:58:58] SQLSTATE: 42S02, Diagnosis: [Microsoft][ODBC SQL Server Driver][SQL Server]Invalid object name 'MonsterKillCount'.
[20:58:58] EXEC IGC_Monster_KillCount_Save 'VNZzGLzZVN', 786
[20:58:58] SQLSTATE: 42S02, Diagnosis: [Microsoft][ODBC SQL Server Driver][SQL Server]Invalid object name 'MonsterKillCount'.
[20:58:58] EXEC IGC_Monster_KillCount_Save 'KimChuaXau', 786
[20:58:58] SQLSTATE: 42S02, Diagnosis: [Microsoft][ODBC SQL Server Driver][SQL Server]Invalid object name 'MonsterKillCount'.
[20:58:58] EXEC IGC_Monster_KillCount_Save 'iskerka', 787
[20:58:58] SQLSTATE: 42S02, Diagnosis: [Microsoft][ODBC SQL Server Driver][SQL Server]Invalid object name 'MonsterKillCount'.
[20:58:58] EXEC IGC_Monster_KillCount_Save 'GL06', 893
[20:58:58] SQLSTATE: 42S02, Diagnosis: [Microsoft][ODBC SQL Server Driver][SQL Server]Invalid object name 'MonsterKillCount'.
[20:58:58] EXEC IGC_Monster_KillCount_Save 'zZElfHitZz', 770
[20:58:58] SQLSTATE: 42S02, Diagnosis: [Microsoft][ODBC SQL Server Driver][SQL Server]Invalid object name 'MonsterKillCount'.
[20:58:59] EXEC IGC_Monster_KillCount_Save 'Lancer', 35
[20:58:59] SQLSTATE: 42S02, Diagnosis: [Microsoft][ODBC SQL Server Driver][SQL Server]Invalid object name 'MonsterKillCount'.
[20:58:59] EXEC IGC_Monster_KillCount_Save 'Duud', 444
[20:58:59] SQLSTATE: 42S02, Diagnosis: [Microsoft][ODBC SQL Server Driver][SQL Server]Invalid object name 'MonsterKillCount'.
[20:58:59] EXEC IGC_Monster_KillCount_Save 'H1deaki', 569
[20:58:59] SQLSTATE: 42S02, Diagnosis: [Microsoft][ODBC SQL Server Driver][SQL Server]Invalid object name 'MonsterKillCount'.
[20:58:59] EXEC IGC_Monster_KillCount_Save 'ReflektMD', 608
[20:58:59] SQLSTATE: 42S02, Diagnosis: [Microsoft][ODBC SQL Server Driver][SQL Server]Invalid object name 'MonsterKillCount'.
[20:58:59] EXEC IGC_Monster_KillCount_Save 'AstroX', 730
[20:58:59] SQLSTATE: 42S02, Diagnosis: [Microsoft][ODBC SQL Server Driver][SQL Server]Invalid object name 'MonsterKillCount'.
[20:58:59] EXEC IGC_Monster_KillCount_Save 'AstroX', 731
[20:58:59] SQLSTATE: 42S02, Diagnosis: [Microsoft][ODBC SQL Server Driver][SQL Server]Invalid object name 'MonsterKillCount'.
[20:58:59] EXEC IGC_Monster_KillCount_Save 'Buff666', 768
[20:58:59] SQLSTATE: 42S02, Diagnosis: [Microsoft][ODBC SQL Server Driver][SQL Server]Invalid object name 'MonsterKillCount'.
[20:58:59] EXEC IGC_Monster_KillCount_Save 'Buff666', 768
[20:58:59] SQLSTATE: 42S02, Diagnosis: [Microsoft][ODBC SQL Server Driver][SQL Server]Invalid object name 'MonsterKillCount'.
[20:58:59] EXEC IGC_Monster_KillCount_Save 'cs113', 768
[20:58:59] SQLSTATE: 42S02, Diagnosis: [Microsoft][ODBC SQL Server Driver][SQL Server]Invalid object name 'MonsterKillCount'.
[20:58:59] EXEC IGC_Monster_KillCount_Save 'Ruub', 358
[20:58:59] SQLSTATE: 42S02, Diagnosis: [Microsoft][ODBC SQL Server Driver][SQL Server]Invalid object name 'MonsterKillCount'.
[20:58:59] EXEC IGC_Monster_KillCount_Save 'DTLove9', 573
[20:58:59] SQLSTATE: 42S02, Diagnosis: [Microsoft][ODBC SQL Server Driver][SQL Server]Invalid object name 'MonsterKillCount'.
[20:58:59] EXEC IGC_Monster_KillCount_Save 'DTLove9', 573
[20:58:59] SQLSTATE: 42S02, Diagnosis: [Microsoft][ODBC SQL Server Driver][SQL Server]Invalid object name 'MonsterKillCount'.
[20:58:59] EXEC IGC_Monster_KillCount_Save 'DTLove9', 573
[20:58:59] SQLSTATE: 42S02, Diagnosis: [Microsoft][ODBC SQL Server Driver][SQL Server]Invalid object name 'MonsterKillCount'.
[20:58:59] EXEC IGC_Monster_KillCount_Save 'Scythe', 575
[20:58:59] SQLSTATE: 42S02, Diagnosis: [Microsoft][ODBC SQL Server Driver][SQL Server]Invalid object name 'MonsterKillCount'.
[20:58:59] EXEC IGC_Monster_KillCount_Save 'Mrdka', 743
[20:58:59] SQLSTATE: 42S02, Diagnosis: [Microsoft][ODBC SQL Server Driver][SQL Server]Invalid object name 'MonsterKillCount'.
[20:58:59] UPDATE Character SET cLevel=400, mLevel=546, Class=215,LevelUpPoint=92, mlPoint=25, Experience=3823609196, mlExperience=56499126720, mlNextExp=62824359459, Strength=226, Dexterity=2176, Vitality=15, Energy=10, Money=51462766, Life=7824.000000, MaxLife=1990.000000, Mana=3410.000000, MaxMana=1437.000000, MapNumber=122, MapPosX=23, MapPosY=137, MapDir=4, PkCount=0, PkLevel=3, PkTime=0, Leadership=0, ChatLimitTime=0, RESETS = 0, Married = 0, MarryName = '', WinDuels=0, LoseDuels=0, BlockChatTime=0, PenaltyMask=0, Ruud=5806, OpenHuntingLog=0, StatGP=0, StatCoin=0, i4thSkillPoint=1, AddStrength=0, AddDexterity=0, AddVitality=0, AddEnergy=0, FruitAddPoint=76, FruitDecPoint=0, GrandResets=0, MonStat=0, Age=0, CJL=0, SIC=0, WingCoreType=255, WingCoreLevel=255, GiantMountType=0, GiantMountWear=0, AddLeadership=0 WHERE Name = 'luka'
[20:58:59] EXEC IGC_SaveGuideQuestInfo 278, 26, 0, 1, 0
[20:58:59] UPDATE T_Event_Inventory SET Inventory=? WHERE Name = 'luka'
[20:58:59] EXEC IGC_GensSave 'Ronan', 10, 14
[20:58:59] UPDATE Character SET Inventory=? WHERE Name='luka'
[20:58:59] DELETE FROM IGC_GensAbuse WHERE Name = 'Ronan'
[20:58:59] EXEC IGC_EvolutionMonsterInfoSave 'wwww', 'luka', -1, 0, 0, -1, 0, 0, -1, 0, 0, -1, 0, 0, -1, 0, 0, 0
[20:58:59] UPDATE Character SET MagicList=? WHERE Name='luka'
[20:58:59] UPDATE Character SET Quest=? WHERE Name='luka'
[20:58:59] EXEC IGC_SetSaveRestoreInventory 'wwww', 'luka', ?
[20:58:59] EXEC IGC_ClassQuest_MonsterKillSave 'luka', -1, -1, 0, -1, 0, -1, 0, -1, 0, -1, 0
[20:58:59] EXEC IGC_EventMapEnterCount_Set 'luka', 0, 0, 0, 0, 0, 0, 0
[20:58:59] UPDATE IGC_Muun_Inventory SET Items=? WHERE Name='luka'
[20:58:59] EXEC IGC_HuntingRecordInfoSave 'wwww', 'luka', 122, 2024, 12, 27, 946, 45184, 10506532160, 373953508, 0, 7504, 46801775073, 13, 43910, 968, 696, 86, 0, 169623
[20:58:59] EXEC IGC_MuunConditionInfoSetSave 'luka', 0, 255, 0
[20:58:59] EXEC IGC_HuntingRecordInfoUserOpenSave 'wwww', 'luka', 1
[20:58:59] EXEC IGC_MuunConditionInfoSetSave 'luka', 1, 255, 0
[20:58:59] DELETE FROM IGC_BlockChat WHERE Name = 'luka'
[20:58:59] EXEC IGC_MuunConditionInfoSetSave 'luka', 2, 255, 0
[20:58:59] EXEC IGC_ResetInfoSave 278, 0
[20:58:59] UPDATE Character SET cLevel=400, mLevel=490, Class=118,LevelUpPoint=152, mlPoint=0, Experience=3822691506, mlExperience=34583044866, mlNextExp=46024359459, Strength=600, Dexterity=1826, Vitality=294, Energy=200, Money=213236267, Life=1460273152.000000, MaxLife=2506.000000, Mana=1145.000000, MaxMana=1145.000000, MapNumber=3, MapPosX=182, MapPosY=114, MapDir=3, PkCount=0, PkLevel=3, PkTime=0, Leadership=0, ChatLimitTime=0, RESETS = 0, Married = 0, MarryName = '', WinDuels=0, LoseDuels=0, BlockChatTime=0, PenaltyMask=0, Ruud=68044, OpenHuntingLog=112, StatGP=0, StatCoin=0, i4thSkillPoint=0, AddStrength=0, AddDexterity=0, AddVitality=0, AddEnergy=0, FruitAddPoint=0, FruitDecPoint=0, GrandResets=0, MonStat=0, Age=0, CJL=0, SIC=0, WingCoreType=255, WingCoreLevel=255, GiantMountType=0, GiantMountWear=0, AddLeadership=0 WHERE Name = 'Ronan'
[20:58:59] SELECT character_id FROM IGC_SeasonPass WHERE character_id = 278
[20:58:59] UPDATE IGC_SeasonPass SET pass_id = 1, pass_type = 0, pass_level = 5, pass_experience = 1346, complete_mission = 7, today_exp = 158, mu_pass_reward = 3, gold_pass_reward = 0, premium_pass_reward = 0, last_login = 1735322339 WHERE character_id = 278
[20:58:59] UPDATE Character SET Inventory=? WHERE Name='Ronan'
[20:58:59] UPDATE Character SET MagicList=? WHERE Name='Ronan'
[20:58:59] SELECT character_id FROM IGC_SeasonPassTicket WHERE character_id = 278
[20:58:59] UPDATE IGC_SeasonPassTicket SET ticket_count = 0, special_point = 0 WHERE character_id = 278
[20:58:59] DELETE FROM IGC_SeasonPassMission WHERE character_id = 278
[20:58:59] UPDATE Character SET Quest=? WHERE Name='Ronan'
[20:58:59] INSERT INTO IGC_SeasonPassMission (character_id, mission_index, mission_type, current_step, current_amount) VALUES (278, 0, 0, 10, 2160)
[20:58:59] EXEC IGC_ClassQuest_MonsterKillSave 'Ronan', -1, -1, 0, -1, 0, -1, 0, -1, 0, -1, 0
[20:58:59] INSERT INTO IGC_SeasonPassMission (character_id, mission_index, mission_type, current_step, current_amount) VALUES (278, 1, 1, 4, 748)
[20:58:59] UPDATE IGC_Muun_Inventory SET Items=? WHERE Name='Ronan'
[20:58:59] INSERT INTO IGC_SeasonPassMission (character_id, mission_index, mission_type, current_step, current_amount) VALUES (278, 2, 2, 5, 34470)
[20:58:59] EXEC IGC_MuunConditionInfoSetSave 'Ronan', 0, 255, 0
[20:58:59] INSERT INTO IGC_SeasonPassMission (character_id, mission_index, mission_type, current_step, current_amount) VALUES (278, 3, 3, 3, 15)
[20:58:59] EXEC IGC_MuunConditionInfoSetSave 'Ronan', 1, 255, 0
[20:58:59] INSERT INTO IGC_SeasonPassMission (character_id, mission_index, mission_type, current_step, current_amount) VALUES (278, 4, 4, 3, 6)
[20:58:59] EXEC IGC_MuunConditionInfoSetSave 'Ronan', 2, 255, 0
[20:58:59] INSERT INTO IGC_SeasonPassMission (character_id, mission_index, mission_type, current_step, current_amount) VALUES (278, 7, 7, 1, 5)
[20:58:59] SELECT AccountID FROM warehouse WHERE AccountID='foxnix'
[20:58:59] UPDATE warehouse set WHOpen = 1 WHERE AccountID='foxnix'
[20:58:59] INSERT INTO IGC_SeasonPassMission (character_id, mission_index, mission_type, current_step, current_amount) VALUES (278, 11, 11, 1, 1)
[20:58:59] SELECT Money, pw FROM warehouse WHERE AccountID='foxnix'
[20:58:59] SELECT Items FROM warehouse WHERE AccountID='foxnix'
[20:58:59] INSERT INTO IGC_SeasonPassMission (character_id, mission_index, mission_type, current_step, current_amount) VALUES (278, 24, 24, 1, 1)
[20:58:59] UPDATE IGC_HuntPoint SET HuntPoint=2500,Monsters=0,Buffs='|0=12.5||1=12.5||2=12.5||3=12.5||4=12.5||5=12.5||6=12.5||7=12.5|',Inactive=0,Quest='|0=0.0||1=0.0||2=0.0||3=0.0||4=0.0||5=0.0||6=0.0||7=0.0|', WeekMonsters=0 WHERE Name = 'luka'
[20:58:59] UPDATE IGC_HuntPoint SET QuestState=? where Name='luka'
[20:58:59] UPDATE T_Event_Inventory SET Inventory=? WHERE Name = 'Ronan'
[20:58:59] EXEC IGC_EvolutionMonsterInfoSave 'ametrine', 'Ronan', -1, 0, 0, -1, 0, 0, -1, 0, 0, -1, 0, 0, -1, 0, 0, 0
[20:58:59] EXEC IGC_SetSaveRestoreInventory 'ametrine', 'Ronan', ?
[20:58:59] EXEC IGC_EventMapEnterCount_Set 'Ronan', 1, 0, 1, 0, 0, 0, 0
[20:58:59] EXEC IGC_HuntingRecordInfoUserOpenSave 'ametrine', 'Ronan', 1
[20:58:59] DELETE FROM IGC_BlockChat WHERE Name = 'Ronan'
[20:58:59] EXEC IGC_ResetInfoSave 662, 0
[20:58:59] SELECT character_id FROM IGC_SeasonPass WHERE character_id = 662
[20:58:59] UPDATE IGC_SeasonPass SET pass_id = 1, pass_type = 0, pass_level = 6, pass_experience = 1558, complete_mission = 10, today_exp = 193, mu_pass_reward = 0, gold_pass_reward = 0, premium_pass_reward = 0, last_login = 1735322339 WHERE character_id = 662
[20:58:59] SELECT character_id FROM IGC_SeasonPassTicket WHERE character_id = 662
[20:58:59] UPDATE IGC_SeasonPassTicket SET ticket_count = 0, special_point = 0 WHERE character_id = 662
[20:58:59] DELETE FROM IGC_SeasonPassMission WHERE character_id = 662
[20:58:59] INSERT INTO IGC_SeasonPassMission (character_id, mission_index, mission_type, current_step, current_amount) VALUES (662, 0, 0, 10, 2160)
[20:58:59] INSERT INTO IGC_SeasonPassMission (character_id, mission_index, mission_type, current_step, current_amount) VALUES (662, 1, 1, 7, 1700)
[20:58:59] INSERT INTO IGC_SeasonPassMission (character_id, mission_index, mission_type, current_step, current_amount) VALUES (662, 2, 2, 5, 34473)
[20:58:59] INSERT INTO IGC_SeasonPassMission (character_id, mission_index, mission_type, current_step, current_amount) VALUES (662, 3, 3, 3, 15)
[20:58:59] INSERT INTO IGC_SeasonPassMission (character_id, mission_index, mission_type, current_step, current_amount) VALUES (662, 4, 4, 3, 6)
[20:58:59] INSERT INTO IGC_SeasonPassMission (character_id, mission_index, mission_type, current_step, current_amount) VALUES (662, 7, 7, 1, 5)
[20:58:59] INSERT INTO IGC_SeasonPassMission (character_id, mission_index, mission_type, current_step, current_amount) VALUES (662, 11, 11, 1, 1)
[20:58:59] INSERT INTO IGC_SeasonPassMission (character_id, mission_index, mission_type, current_step, current_amount) VALUES (662, 17, 17, 1, 1)
[20:58:59] INSERT INTO IGC_SeasonPassMission (character_id, mission_index, mission_type, current_step, current_amount) VALUES (662, 18, 18, 1, 1)
[20:58:59] INSERT INTO IGC_SeasonPassMission (character_id, mission_index, mission_type, current_step, current_amount) VALUES (662, 24, 24, 1, 1)
[20:58:59] UPDATE IGC_HuntPoint SET HuntPoint=-1,Monsters=-1,Buffs='|0=12.5||1=12.5||2=12.5||3=12.5||4=12.5||5=12.5||6=12.5||7=12.5|',Inactive=-1,Quest='|0=0.0||1=0.0||2=0.0||3=0.0||4=0.0||5=0.0||6=0.0||7=0.0|', WeekMonsters=-1 WHERE Name = 'Ronan'
[20:58:59] UPDATE IGC_HuntPoint SET QuestState=? where Name='Ronan'
[20:58:59] EXEC IGC_Monster_KillCount_Save 'Lancer', 35
[20:58:59] SQLSTATE: 42S02, Diagnosis: [Microsoft][ODBC SQL Server Driver][SQL Server]Invalid object name 'MonsterKillCount'.
[20:58:59] EXEC IGC_Monster_KillCount_Save 'Lancer', 35
[20:58:59] SQLSTATE: 42S02, Diagnosis: [Microsoft][ODBC SQL Server Driver][SQL Server]Invalid object name 'MonsterKillCount'.
[20:58:59] EXEC IGC_Monster_KillCount_Save 'Canalha', 39
[20:58:59] SQLSTATE: 42S02, Diagnosis: [Microsoft][ODBC SQL Server Driver][SQL Server]Invalid object name 'MonsterKillCount'.
[20:58:59] EXEC IGC_Monster_KillCount_Save 'bbbbb', 353
[20:58:59] SQLSTATE: 42S02, Diagnosis: [Microsoft][ODBC SQL Server Driver][SQL Server]Invalid object name 'MonsterKillCount'.
[20:58:59] EXEC IGC_Monster_KillCount_Save 'Ruud', 358
[20:58:59] SQLSTATE: 42S02, Diagnosis: [Microsoft][ODBC SQL Server Driver][SQL Server]Invalid object name 'MonsterKillCount'.
[20:58:59] EXEC IGC_Monster_KillCount_Save '06SL', 480
[20:58:59] SQLSTATE: 42S02, Diagnosis: [Microsoft][ODBC SQL Server Driver][SQL Server]Invalid object name 'MonsterKillCount'.
[20:58:59] EXEC IGC_Monster_KillCount_Save '06SL', 480
[20:58:59] SQLSTATE: 42S02, Diagnosis: [Microsoft][ODBC SQL Server Driver][SQL Server]Invalid object name 'MonsterKillCount'.
[20:58:59] EXEC IGC_Monster_KillCount_Save '06SL', 480
[20:58:59] SQLSTATE: 42S02, Diagnosis: [Microsoft][ODBC SQL Server Driver][SQL Server]Invalid object name 'MonsterKillCount'.
[20:58:59] EXEC IGC_Monster_KillCount_Save '06SL', 480
[20:58:59] SQLSTATE: 42S02, Diagnosis: [Microsoft][ODBC SQL Server Driver][SQL Server]Invalid object name 'MonsterKillCount'.
[20:58:59] EXEC IGC_Monster_KillCount_Save 'RatLaVL', 575
[20:58:59] SQLSTATE: 42S02, Diagnosis: [Microsoft][ODBC SQL Server Driver][SQL Server]Invalid object name 'MonsterKillCount'.
[20:58:59] EXEC IGC_Monster_KillCount_Save 'RatLaVL', 575
[20:58:59] SQLSTATE: 42S02, Diagnosis: [Microsoft][ODBC SQL Server Driver][SQL Server]Invalid object name 'MonsterKillCount'.
[20:58:59] EXEC IGC_Monster_KillCount_Save 'RatLaVL', 575
[20:58:59] SQLSTATE: 42S02, Diagnosis: [Microsoft][ODBC SQL Server Driver][SQL Server]Invalid object name 'MonsterKillCount'.
[20:58:59] EXEC IGC_Monster_KillCount_Save 'RatLaVL', 575
[20:58:59] SQLSTATE: 42S02, Diagnosis: [Microsoft][ODBC SQL Server Driver][SQL Server]Invalid object name 'MonsterKillCount'.
[20:58:59] EXEC IGC_Monster_KillCount_Save 'RatLaVL', 575
[20:58:59] SQLSTATE: 42S02, Diagnosis: [Microsoft][ODBC SQL Server Driver][SQL Server]Invalid object name 'MonsterKillCount'.
[20:58:59] EXEC IGC_Monster_KillCount_Save 'RatLaVL', 575
[20:58:59] SQLSTATE: 42S02, Diagnosis: [Microsoft][ODBC SQL Server Driver][SQL Server]Invalid object name 'MonsterKillCount'.
[20:58:59] EXEC IGC_Monster_KillCount_Save 'Tarabas', 586
[20:58:59] SQLSTATE: 42S02, Diagnosis: [Microsoft][ODBC SQL Server Driver][SQL Server]Invalid object name 'MonsterKillCount'.
[20:58:59] EXEC IGC_Monster_KillCount_Save 'Insane', 772
[20:58:59] SQLSTATE: 42S02, Diagnosis: [Microsoft][ODBC SQL Server Driver][SQL Server]Invalid object name 'MonsterKillCount'.
[20:58:59] EXEC IGC_Monster_KillCount_Save 'AutoBuff', 786
[20:59:00] SQLSTATE: 42S02, Diagnosis: [Microsoft][ODBC SQL Server Driver][SQL Server]Invalid object name 'MonsterKillCount'.
[20:59:00] EXEC IGC_Monster_KillCount_Save 'Candy', 786
[20:59:00] SQLSTATE: 42S02, Diagnosis: [Microsoft][ODBC SQL Server Driver][SQL Server]Invalid object name 'MonsterKillCount'.
[20:59:00] EXEC IGC_Monster_KillCount_Save 'Elvis', 789
[20:59:00] SQLSTATE: 42S02, Diagnosis: [Microsoft][ODBC SQL Server Driver][SQL Server]Invalid object name 'MonsterKillCount'.
[20:59:00] EXEC IGC_Monster_KillCount_Save 'refuseMG', 311
[20:59:00] SQLSTATE: 42S02, Diagnosis: [Microsoft][ODBC SQL Server Driver][SQL Server]Invalid object name 'MonsterKillCount'.
[20:59:00] EXEC IGC_Monster_KillCount_Save 'DTLove8', 574
[20:59:00] SQLSTATE: 42S02, Diagnosis: [Microsoft][ODBC SQL Server Driver][SQL Server]Invalid object name 'MonsterKillCount'.
[20:59:00] EXEC IGC_Monster_KillCount_Save 'DTLove8', 574
[20:59:00] SQLSTATE: 42S02, Diagnosis: [Microsoft][ODBC SQL Server Driver][SQL Server]Invalid object name 'MonsterKillCount'.
[20:59:00] EXEC IGC_Monster_KillCount_Save 'DTLove8', 574
[20:59:00] SQLSTATE: 42S02, Diagnosis: [Microsoft][ODBC SQL Server Driver][SQL Server]Invalid object name 'MonsterKillCount'.
[20:59:00] EXEC IGC_Monster_KillCount_Save 'DarkIK', 770
[20:59:00] SQLSTATE: 42S02, Diagnosis: [Microsoft][ODBC SQL Server Driver][SQL Server]Invalid object name 'MonsterKillCount'.
[20:59:00] EXEC IGC_Monster_KillCount_Save 'DarkIK', 770
[20:59:00] SQLSTATE: 42S02, Diagnosis: [Microsoft][ODBC SQL Server Driver][SQL Server]Invalid object name 'MonsterKillCount'.
[20:59:00] EXEC IGC_Monster_KillCount_Save 'Resnais', 768
[20:59:00] SQLSTATE: 42S02, Diagnosis: [Microsoft][ODBC SQL Server Driver][SQL Server]Invalid object name 'MonsterKillCount'.
[20:59:00] EXEC IGC_Monster_KillCount_Save 'RatLaVaiL', 40
[20:59:00] SQLSTATE: 42S02, Diagnosis: [Microsoft][ODBC SQL Server Driver][SQL Server]Invalid object name 'MonsterKillCount'.
[20:59:00] EXEC IGC_Monster_KillCount_Save '8HAPPIER', 45
[20:59:00] SQLSTATE: 42S02, Diagnosis: [Microsoft][ODBC SQL Server Driver][SQL Server]Invalid object name 'MonsterKillCount'.
[20:59:00] EXEC IGC_Monster_KillCount_Save 'refuseDL', 69
[20:59:00] SQLSTATE: 42S02, Diagnosis: [Microsoft][ODBC SQL Server Driver][SQL Server]Invalid object name 'MonsterKillCount'.
[20:59:00] EXEC IGC_Monster_KillCount_Save 'Ruud', 358
[20:59:00] SQLSTATE: 42S02, Diagnosis: [Microsoft][ODBC SQL Server Driver][SQL Server]Invalid object name 'MonsterKillCount'.
[20:59:00] EXEC IGC_Monster_KillCount_Save 'isker', 449
[20:59:00] SQLSTATE: 42S02, Diagnosis: [Microsoft][ODBC SQL Server Driver][SQL Server]Invalid object name 'MonsterKillCount'.
[20:59:00] EXEC IGC_Monster_KillCount_Save 'RatLaVL', 575
[20:59:00] SQLSTATE: 42S02, Diagnosis: [Microsoft][ODBC SQL Server Driver][SQL Server]Invalid object name 'MonsterKillCount'.
[20:59:00] EXEC IGC_Monster_KillCount_Save 'MisterMD', 608
[20:59:00] SQLSTATE: 42S02, Diagnosis: [Microsoft][ODBC SQL Server Driver][SQL Server]Invalid object name 'MonsterKillCount'.
[20:59:00] EXEC IGC_Monster_KillCount_Save 'MeFace', 771
[20:59:00] SQLSTATE: 42S02, Diagnosis: [Microsoft][ODBC SQL Server Driver][SQL Server]Invalid object name 'MonsterKillCount'.
[20:59:00] EXEC IGC_Monster_KillCount_Save 'Kavalski', 771
[20:59:00] SQLSTATE: 42S02, Diagnosis: [Microsoft][ODBC SQL Server Driver][SQL Server]Invalid object name 'MonsterKillCount'.
[20:59:00] EXEC IGC_Monster_KillCount_Save 'AAAA', 772
[20:59:00] SQLSTATE: 42S02, Diagnosis: [Microsoft][ODBC SQL Server Driver][SQL Server]Invalid object name 'MonsterKillCount'.
[20:59:00] EXEC IGC_Monster_KillCount_Save 'iskerka', 787
[20:59:00] SQLSTATE: 42S02, Diagnosis: [Microsoft][ODBC SQL Server Driver][SQL Server]Invalid object name 'MonsterKillCount'.
[20:59:00] EXEC IGC_Monster_KillCount_Save 'refuseLem', 310
[20:59:00] SQLSTATE: 42S02, Diagnosis: [Microsoft][ODBC SQL Server Driver][SQL Server]Invalid object name 'MonsterKillCount'.
[20:59:00] EXEC IGC_Monster_KillCount_Save 'ikacko', 487
[20:59:00] SQLSTATE: 42S02, Diagnosis: [Microsoft][ODBC SQL Server Driver][SQL Server]Invalid object name 'MonsterKillCount'.
[20:59:00] EXEC IGC_Monster_KillCount_Save 'DTLove8', 574
[20:59:00] SQLSTATE: 42S02, Diagnosis: [Microsoft][ODBC SQL Server Driver][SQL Server]Invalid object name 'MonsterKillCount'.
[20:59:00] EXEC IGC_Monster_KillCount_Save 'DTLove8', 574
[20:59:00] SQLSTATE: 42S02, Diagnosis: [Microsoft][ODBC SQL Server Driver][SQL Server]Invalid object name 'MonsterKillCount'.
[20:59:00] EXEC IGC_Monster_KillCount_Save 'HongAnhGL', 730
[20:59:00] SQLSTATE: 42S02, Diagnosis: [Microsoft][ODBC SQL Server Driver][SQL Server]Invalid object name 'MonsterKillCount'.
[20:59:00] EXEC IGC_Monster_KillCount_Save 'Mrdka', 743
[20:59:00] SQLSTATE: 42S02, Diagnosis: [Microsoft][ODBC SQL Server Driver][SQL Server]Invalid object name 'MonsterKillCount'.
[20:59:00] EXEC IGC_Monster_KillCount_Save 'Canalha', 39
[20:59:00] SQLSTATE: 42S02, Diagnosis: [Microsoft][ODBC SQL Server Driver][SQL Server]Invalid object name 'MonsterKillCount'.
[20:59:00] EXEC IGC_Monster_KillCount_Save 'Canalha', 39
[20:59:00] SQLSTATE: 42S02, Diagnosis: [Microsoft][ODBC SQL Server Driver][SQL Server]Invalid object name 'MonsterKillCount'.
[20:59:00] EXEC IGC_Monster_KillCount_Save 'RatLaVaiL', 40
[20:59:00] SQLSTATE: 42S02, Diagnosis: [Microsoft][ODBC SQL Server Driver][SQL Server]Invalid object name 'MonsterKillCount'.
[20:59:00] EXEC IGC_Monster_KillCount_Save 'RatLaVaiL', 40
[20:59:00] SQLSTATE: 42S02, Diagnosis: [Microsoft][ODBC SQL Server Driver][SQL Server]Invalid object name 'MonsterKillCount'.
[20:59:00] EXEC IGC_Monster_KillCount_Save '100GL', 486
[20:59:00] SQLSTATE: 42S02, Diagnosis: [Microsoft][ODBC SQL Server Driver][SQL Server]Invalid object name 'MonsterKillCount'.
[20:59:00] EXEC IGC_Monster_KillCount_Save 'pigiVN', 730
[20:59:00] SQLSTATE: 42S02, Diagnosis: [Microsoft][ODBC SQL Server Driver][SQL Server]Invalid object name 'MonsterKillCount'.
[20:59:00] EXEC IGC_Monster_KillCount_Save 'GL01', 770
[20:59:00] SQLSTATE: 42S02, Diagnosis: [Microsoft][ODBC SQL Server Driver][SQL Server]Invalid object name 'MonsterKillCount'.
[20:59:00] EXEC IGC_Monster_KillCount_Save '5MAGUS', 770
[20:59:00] SQLSTATE: 42S02, Diagnosis: [Microsoft][ODBC SQL Server Driver][SQL Server]Invalid object name 'MonsterKillCount'.
[20:59:00] EXEC IGC_Monster_KillCount_Save 'VNZzGLzZVN', 786
[20:59:00] SQLSTATE: 42S02, Diagnosis: [Microsoft][ODBC SQL Server Driver][SQL Server]Invalid object name 'MonsterKillCount'.
[20:59:00] EXEC IGC_Monster_KillCount_Save 'S123', 789
[20:59:00] SQLSTATE: 42S02, Diagnosis: [Microsoft][ODBC SQL Server Driver][SQL Server]Invalid object name 'MonsterKillCount'.
[20:59:00] EXEC IGC_Monster_KillCount_Save 'G123', 789
[20:59:00] SQLSTATE: 42S02, Diagnosis: [Microsoft][ODBC SQL Server Driver][SQL Server]Invalid object name 'MonsterKillCount'.
[20:59:00] EXEC IGC_GetPartyMatchingWaitList 'Yamato'
[20:59:00] EXEC IGC_InsertPartyMatchingList 'Yamato', 'aaaaaa', '1111', 1, 1650, 5, 0, 1, 1, 1, 2, 0, 950, 103
[20:59:00] EXEC IGC_CreateParty 'Yamato', 0, 950, 103, 0, 1735322340
[20:59:00] EXEC IGC_PartyMatchingInfoSave 'Yamato', 'aaaaaa', '1111', 1, 1650, 1, 1, 0
[20:59:00] EXEC IGC_AddPartyMember 'Yamato', 'buffff', 0, 937, 5, 0, 1
[20:59:00] EXEC IGC_UpdatePartyMatchingMemberCount 'Yamato', 5 
[20:59:00] EXEC IGC_UpdatePartyMatchingEnergyElfStatus 'Yamato', 1
[20:59:00] EXEC IGC_AddPartyMember 'Yamato', 'smbuff', 0, 939, 0, 0, 1
[20:59:00] EXEC IGC_UpdatePartyMatchingMemberCount 'Yamato', 5 
[20:59:00] EXEC IGC_UpdatePartyMatchingEnergyElfStatus 'Yamato', 1
[20:59:00] EXEC IGC_AddPartyMember 'Yamato', 'dkbufik', 0, 938, 1, 0, 1
[20:59:00] EXEC IGC_UpdatePartyMatchingMemberCount 'Yamato', 5 
[20:59:00] EXEC IGC_UpdatePartyMatchingEnergyElfStatus 'Yamato', 1
[20:59:00] EXEC IGC_AddPartyMember 'Yamato', 'elfbuff', 0, 939, 2, 0, 1
[20:59:00] EXEC IGC_Monster_KillCount_Save 'HongAnhGL', 731
[20:59:00] SQLSTATE: 42S02, Diagnosis: [Microsoft][ODBC SQL Server Driver][SQL Server]Invalid object name 'MonsterKillCount'.
[20:59:01] EXEC IGC_UpdatePartyMatchingMemberCount 'Yamato', 5 
[20:59:01] EXEC IGC_UpdatePartyMatchingEnergyElfStatus 'Yamato', 1
[20:59:01] EXEC IGC_GetPartyMatchingListJoinAble 950, 100, 0, 1, 6
[20:59:01] EXEC IGC_GetPartyMatchingListJoinAbleTotalCount 950, 100,0
[20:59:01] EXEC IGC_Monster_KillCount_Save '9PORSCHE', 45
[20:59:01] SQLSTATE: 42S02, Diagnosis: [Microsoft][ODBC SQL Server Driver][SQL Server]Invalid object name 'MonsterKillCount'.
[20:59:01] EXEC IGC_Monster_KillCount_Save '3WindSoul', 445
[20:59:01] SQLSTATE: 42S02, Diagnosis: [Microsoft][ODBC SQL Server Driver][SQL Server]Invalid object name 'MonsterKillCount'.
[20:59:01] EXEC IGC_Monster_KillCount_Save 'CoDaySinh', 767
[20:59:01] SQLSTATE: 42S02, Diagnosis: [Microsoft][ODBC SQL Server Driver][SQL Server]Invalid object name 'MonsterKillCount'.
[20:59:01] EXEC IGC_Monster_KillCount_Save 'CoDaySinh', 767
[20:59:01] SQLSTATE: 42S02, Diagnosis: [Microsoft][ODBC SQL Server Driver][SQL Server]Invalid object name 'MonsterKillCount'.
[20:59:01] EXEC IGC_Monster_KillCount_Save 'CoDaySinh', 767
[20:59:01] SQLSTATE: 42S02, Diagnosis: [Microsoft][ODBC SQL Server Driver][SQL Server]Invalid object name 'MonsterKillCount'.
[20:59:01] EXEC IGC_Monster_KillCount_Save 'AutoBuff', 786
[20:59:01] SQLSTATE: 42S02, Diagnosis: [Microsoft][ODBC SQL Server Driver][SQL Server]Invalid object name 'MonsterKillCount'.
[20:59:01] EXEC IGC_Monster_KillCount_Save 'iskerka', 787
[20:59:01] SQLSTATE: 42S02, Diagnosis: [Microsoft][ODBC SQL Server Driver][SQL Server]Invalid object name 'MonsterKillCount'.
[20:59:01] EXEC IGC_Monster_KillCount_Save 'Elvis', 789
[20:59:01] SQLSTATE: 42S02, Diagnosis: [Microsoft][ODBC SQL Server Driver][SQL Server]Invalid object name 'MonsterKillCount'.
[20:59:01] EXEC IGC_Monster_KillCount_Save 'G123', 789
[20:59:01] SQLSTATE: 42S02, Diagnosis: [Microsoft][ODBC SQL Server Driver][SQL Server]Invalid object name 'MonsterKillCount'.
[20:59:01] EXEC IGC_Monster_KillCount_Save 'HolySheet', 57
[20:59:01] SQLSTATE: 42S02, Diagnosis: [Microsoft][ODBC SQL Server Driver][SQL Server]Invalid object name 'MonsterKillCount'.
[20:59:01] EXEC IGC_Monster_KillCount_Save 'HongAnhSL', 70
[20:59:01] SQLSTATE: 42S02, Diagnosis: [Microsoft][ODBC SQL Server Driver][SQL Server]Invalid object name 'MonsterKillCount'.
[20:59:01] EXEC IGC_Monster_KillCount_Save 'HongAnhSL', 70
[20:59:01] SQLSTATE: 42S02, Diagnosis: [Microsoft][ODBC SQL Server Driver][SQL Server]Invalid object name 'MonsterKillCount'.
[20:59:01] EXEC IGC_Monster_KillCount_Save 'DTLove10', 569
[20:59:01] SQLSTATE: 42S02, Diagnosis: [Microsoft][ODBC SQL Server Driver][SQL Server]Invalid object name 'MonsterKillCount'.
[20:59:01] EXEC IGC_Monster_KillCount_Save 'uckyBcTBo', 767
[20:59:01] SQLSTATE: 42S02, Diagnosis: [Microsoft][ODBC SQL Server Driver][SQL Server]Invalid object name 'MonsterKillCount'.
[20:59:01] EXEC IGC_Monster_KillCount_Save 'zZElfHitZz', 770
[20:59:01] SQLSTATE: 42S02, Diagnosis: [Microsoft][ODBC SQL Server Driver][SQL Server]Invalid object name 'MonsterKillCount'.
[20:59:01] EXEC IGC_Monster_KillCount_Save 'Resnais', 768
[20:59:01] SQLSTATE: 42S02, Diagnosis: [Microsoft][ODBC SQL Server Driver][SQL Server]Invalid object name 'MonsterKillCount'.
[20:59:01] EXEC IGC_Monster_KillCount_Save 'isk7', 20
[20:59:01] SQLSTATE: 42S02, Diagnosis: [Microsoft][ODBC SQL Server Driver][SQL Server]Invalid object name 'MonsterKillCount'.
[20:59:01] EXEC IGC_Monster_KillCount_Save 'Canalha', 39
[20:59:01] SQLSTATE: 42S02, Diagnosis: [Microsoft][ODBC SQL Server Driver][SQL Server]Invalid object name 'MonsterKillCount'.
[20:59:01] EXEC IGC_Monster_KillCount_Save '3KunDun', 484
[20:59:01] SQLSTATE: 42S02, Diagnosis: [Microsoft][ODBC SQL Server Driver][SQL Server]Invalid object name 'MonsterKillCount'.
[20:59:01] EXEC IGC_Monster_KillCount_Save 'pigiVN', 730
[20:59:01] SQLSTATE: 42S02, Diagnosis: [Microsoft][ODBC SQL Server Driver][SQL Server]Invalid object name 'MonsterKillCount'.
[20:59:01] EXEC IGC_Monster_KillCount_Save 'CoDaySinh', 767
[20:59:01] SQLSTATE: 42S02, Diagnosis: [Microsoft][ODBC SQL Server Driver][SQL Server]Invalid object name 'MonsterKillCount'.
[20:59:01] EXEC IGC_Monster_KillCount_Save '5MAGUS', 770
[20:59:01] SQLSTATE: 42S02, Diagnosis: [Microsoft][ODBC SQL Server Driver][SQL Server]Invalid object name 'MonsterKillCount'.
[20:59:01] EXEC IGC_Monster_KillCount_Save 'FunnyBunny', 771
[20:59:01] SQLSTATE: 42S02, Diagnosis: [Microsoft][ODBC SQL Server Driver][SQL Server]Invalid object name 'MonsterKillCount'.
[20:59:01] EXEC IGC_Monster_KillCount_Save 'FunnyBunny', 771
[20:59:01] SQLSTATE: 42S02, Diagnosis: [Microsoft][ODBC SQL Server Driver][SQL Server]Invalid object name 'MonsterKillCount'.
[20:59:01] EXEC IGC_Monster_KillCount_Save 'KimChuaXau', 786
[20:59:01] SQLSTATE: 42S02, Diagnosis: [Microsoft][ODBC SQL Server Driver][SQL Server]Invalid object name 'MonsterKillCount'.
[20:59:01] EXEC IGC_Monster_KillCount_Save 'HongAnhGL', 730
[20:59:01] SQLSTATE: 42S02, Diagnosis: [Microsoft][ODBC SQL Server Driver][SQL Server]Invalid object name 'MonsterKillCount'.
[20:59:01] EXEC IGC_Monster_KillCount_Save 'HongAnhGL', 732
[20:59:01] SQLSTATE: 42S02, Diagnosis: [Microsoft][ODBC SQL Server Driver][SQL Server]Invalid object name 'MonsterKillCount'.
[20:59:01] EXEC IGC_Monster_KillCount_Save 'Mrdka', 743
[20:59:01] SQLSTATE: 42S02, Diagnosis: [Microsoft][ODBC SQL Server Driver][SQL Server]Invalid object name 'MonsterKillCount'.
[20:59:02] EXEC IGC_Monster_KillCount_Save 'SacreD', 772
[20:59:02] SQLSTATE: 42S02, Diagnosis: [Microsoft][ODBC SQL Server Driver][SQL Server]Invalid object name 'MonsterKillCount'.
[20:59:02] EXEC IGC_Monster_KillCount_Save 'SacreD', 772
[20:59:02] SQLSTATE: 42S02, Diagnosis: [Microsoft][ODBC SQL Server Driver][SQL Server]Invalid object name 'MonsterKillCount'.
[20:59:02] EXEC IGC_Monster_KillCount_Save '7event', 20
[20:59:02] SQLSTATE: 42S02, Diagnosis: [Microsoft][ODBC SQL Server Driver][SQL Server]Invalid object name 'MonsterKillCount'.
[20:59:02] EXEC IGC_Monster_KillCount_Save 'isk6', 20
[20:59:02] SQLSTATE: 42S02, Diagnosis: [Microsoft][ODBC SQL Server Driver][SQL Server]Invalid object name 'MonsterKillCount'.
[20:59:02] EXEC IGC_Monster_KillCount_Save '8HAPPIER', 45
[20:59:02] SQLSTATE: 42S02, Diagnosis: [Microsoft][ODBC SQL Server Driver][SQL Server]Invalid object name 'MonsterKillCount'.
[20:59:02] EXEC IGC_Monster_KillCount_Save '9PORSCHE', 45
[20:59:02] SQLSTATE: 42S02, Diagnosis: [Microsoft][ODBC SQL Server Driver][SQL Server]Invalid object name 'MonsterKillCount'.
[20:59:02] EXEC IGC_Monster_KillCount_Save 'TOP1FARMJW', 351
[20:59:02] SQLSTATE: 42S02, Diagnosis: [Microsoft][ODBC SQL Server Driver][SQL Server]Invalid object name 'MonsterKillCount'.
[20:59:02] EXEC IGC_Monster_KillCount_Save 'Ruud', 358
[20:59:02] SQLSTATE: 42S02, Diagnosis: [Microsoft][ODBC SQL Server Driver][SQL Server]Invalid object name 'MonsterKillCount'.
[20:59:02] EXEC IGC_Monster_KillCount_Save 'isker', 449
[20:59:02] SQLSTATE: 42S02, Diagnosis: [Microsoft][ODBC SQL Server Driver][SQL Server]Invalid object name 'MonsterKillCount'.
[20:59:02] EXEC IGC_Monster_KillCount_Save '101IK', 484
[20:59:02] SQLSTATE: 42S02, Diagnosis: [Microsoft][ODBC SQL Server Driver][SQL Server]Invalid object name 'MonsterKillCount'.
[20:59:02] EXEC IGC_Monster_KillCount_Save '101IK', 484
[20:59:02] SQLSTATE: 42S02, Diagnosis: [Microsoft][ODBC SQL Server Driver][SQL Server]Invalid object name 'MonsterKillCount'.
[20:59:02] EXEC IGC_Monster_KillCount_Save 'MisterMD', 608
[20:59:02] SQLSTATE: 42S02, Diagnosis: [Microsoft][ODBC SQL Server Driver][SQL Server]Invalid object name 'MonsterKillCount'.
[20:59:02] EXEC IGC_Monster_KillCount_Save 'ThayOngNoi', 770
[20:59:02] SQLSTATE: 42S02, Diagnosis: [Microsoft][ODBC SQL Server Driver][SQL Server]Invalid object name 'MonsterKillCount'.
[20:59:02] SELECT Name FROM IGC_FavouriteWarpData WHERE Name = 'Sword'
[20:59:02] UPDATE IGC_FavouriteWarpData SET WarpIndex_1 = 26, WarpMapNum_1 = 21, WarpIndex_2 = 42, WarpMapNum_2 = 49, WarpIndex_3 = -1, WarpMapNum_3 = -1, WarpIndex_4 = -1, WarpMapNum_4 = -1, WarpIndex_5 = -1, WarpMapNum_5 = -1 WHERE Name = 'Sword'
[20:59:02] EXEC IGC_Monster_KillCount_Save 'refuseLem', 310
[20:59:02] SQLSTATE: 42S02, Diagnosis: [Microsoft][ODBC SQL Server Driver][SQL Server]Invalid object name 'MonsterKillCount'.
[20:59:02] EXEC IGC_Monster_KillCount_Save 'HongAnhSL', 70
[20:59:02] SQLSTATE: 42S02, Diagnosis: [Microsoft][ODBC SQL Server Driver][SQL Server]Invalid object name 'MonsterKillCount'.
[20:59:02] EXEC IGC_Monster_KillCount_Save 'TDLove', 573
[20:59:02] SQLSTATE: 42S02, Diagnosis: [Microsoft][ODBC SQL Server Driver][SQL Server]Invalid object name 'MonsterKillCount'.
[20:59:02] EXEC IGC_Monster_KillCount_Save 'TDLove', 573
[20:59:02] SQLSTATE: 42S02, Diagnosis: [Microsoft][ODBC SQL Server Driver][SQL Server]Invalid object name 'MonsterKillCount'.
[20:59:02] EXEC IGC_Monster_KillCount_Save 'TDLove', 573
[20:59:02] SQLSTATE: 42S02, Diagnosis: [Microsoft][ODBC SQL Server Driver][SQL Server]Invalid object name 'MonsterKillCount'.
[20:59:02] EXEC IGC_Monster_KillCount_Save 'TDLove', 573
[20:59:02] SQLSTATE: 42S02, Diagnosis: [Microsoft][ODBC SQL Server Driver][SQL Server]Invalid object name 'MonsterKillCount'.
[20:59:02] EXEC IGC_Monster_KillCount_Save 'TDLove', 573
[20:59:02] SQLSTATE: 42S02, Diagnosis: [Microsoft][ODBC SQL Server Driver][SQL Server]Invalid object name 'MonsterKillCount'.
[20:59:02] EXEC IGC_Monster_KillCount_Save 'Mrdka', 743
[20:59:02] SQLSTATE: 42S02, Diagnosis: [Microsoft][ODBC SQL Server Driver][SQL Server]Invalid object name 'MonsterKillCount'.
[20:59:02] EXEC IGC_Monster_KillCount_Save 'TARRASQUE', 767
[20:59:02] SQLSTATE: 42S02, Diagnosis: [Microsoft][ODBC SQL Server Driver][SQL Server]Invalid object name 'MonsterKillCount'.
[20:59:02] EXEC IGC_Monster_KillCount_Save 'metaIica', 767
[20:59:02] SQLSTATE: 42S02, Diagnosis: [Microsoft][ODBC SQL Server Driver][SQL Server]Invalid object name 'MonsterKillCount'.
[20:59:02] EXEC IGC_Monster_KillCount_Save 'isk7', 20
[20:59:02] EXEC IGC_RealmItemDropUpdate 13, 1981
[20:59:02] SQLSTATE: 42S02, Diagnosis: [Microsoft][ODBC SQL Server Driver][SQL Server]Invalid object name 'MonsterKillCount'.
[20:59:02] EXEC IGC_Monster_KillCount_Save '9PORSCHE', 45
[20:59:02] SQLSTATE: 42S02, Diagnosis: [Microsoft][ODBC SQL Server Driver][SQL Server]Invalid object name 'MonsterKillCount'.
[20:59:02] EXEC IGC_Monster_KillCount_Save 'Duud', 444
[20:59:02] SQLSTATE: 42S02, Diagnosis: [Microsoft][ODBC SQL Server Driver][SQL Server]Invalid object name 'MonsterKillCount'.
[20:59:02] EXEC IGC_Monster_KillCount_Save 'Duud', 444
[20:59:02] SQLSTATE: 42S02, Diagnosis: [Microsoft][ODBC SQL Server Driver][SQL Server]Invalid object name 'MonsterKillCount'.
[20:59:02] EXEC IGC_Monster_KillCount_Save '3WindSoul', 445
[20:59:02] SQLSTATE: 42S02, Diagnosis: [Microsoft][ODBC SQL Server Driver][SQL Server]Invalid object name 'MonsterKillCount'.
[20:59:02] EXEC IGC_Monster_KillCount_Save 'Impossible', 449
[20:59:02] SQLSTATE: 42S02, Diagnosis: [Microsoft][ODBC SQL Server Driver][SQL Server]Invalid object name 'MonsterKillCount'.
[20:59:02] EXEC IGC_Monster_KillCount_Save '3KunDun', 484
[20:59:02] SQLSTATE: 42S02, Diagnosis: [Microsoft][ODBC SQL Server Driver][SQL Server]Invalid object name 'MonsterKillCount'.
[20:59:02] EXEC IGC_Monster_KillCount_Save 'ArthurMD', 589
[20:59:02] SQLSTATE: 42S02, Diagnosis: [Microsoft][ODBC SQL Server Driver][SQL Server]Invalid object name 'MonsterKillCount'.
[20:59:02] EXEC IGC_Monster_KillCount_Save 'ArthurMD', 589
[20:59:02] SQLSTATE: 42S02, Diagnosis: [Microsoft][ODBC SQL Server Driver][SQL Server]Invalid object name 'MonsterKillCount'.
[20:59:02] EXEC IGC_Monster_KillCount_Save 'Zlato4ka', 609
[20:59:02] SQLSTATE: 42S02, Diagnosis: [Microsoft][ODBC SQL Server Driver][SQL Server]Invalid object name 'MonsterKillCount'.
[20:59:02] EXEC IGC_Monster_KillCount_Save 'AstroX', 730
[20:59:02] SQLSTATE: 42S02, Diagnosis: [Microsoft][ODBC SQL Server Driver][SQL Server]Invalid object name 'MonsterKillCount'.
[20:59:02] EXEC IGC_Monster_KillCount_Save 'ThayOngNoi', 770
[20:59:02] SQLSTATE: 42S02, Diagnosis: [Microsoft][ODBC SQL Server Driver][SQL Server]Invalid object name 'MonsterKillCount'.
[20:59:02] EXEC IGC_Monster_KillCount_Save 'ThayOngNoi', 770
[20:59:02] SQLSTATE: 42S02, Diagnosis: [Microsoft][ODBC SQL Server Driver][SQL Server]Invalid object name 'MonsterKillCount'.
[20:59:02] EXEC IGC_Monster_KillCount_Save 'Kavalski', 771
[20:59:02] SQLSTATE: 42S02, Diagnosis: [Microsoft][ODBC SQL Server Driver][SQL Server]Invalid object name 'MonsterKillCount'.
[20:59:02] EXEC IGC_Monster_KillCount_Save 'Insane', 772
[20:59:02] SQLSTATE: 42S02, Diagnosis: [Microsoft][ODBC SQL Server Driver][SQL Server]Invalid object name 'MonsterKillCount'.
[20:59:02] EXEC IGC_Monster_KillCount_Save 'AAAA', 772
[20:59:02] SQLSTATE: 42S02, Diagnosis: [Microsoft][ODBC SQL Server Driver][SQL Server]Invalid object name 'MonsterKillCount'.
[20:59:02] EXEC IGC_Monster_KillCount_Save 'Insane', 772
[20:59:02] SQLSTATE: 42S02, Diagnosis: [Microsoft][ODBC SQL Server Driver][SQL Server]Invalid object name 'MonsterKillCount'.
[20:59:02] EXEC IGC_Monster_KillCount_Save 'GL06', 893
[20:59:02] SQLSTATE: 42S02, Diagnosis: [Microsoft][ODBC SQL Server Driver][SQL Server]Invalid object name 'MonsterKillCount'.
[20:59:02] EXEC IGC_Monster_KillCount_Save 'ikacko', 487
[20:59:02] SQLSTATE: 42S02, Diagnosis: [Microsoft][ODBC SQL Server Driver][SQL Server]Invalid object name 'MonsterKillCount'.
[20:59:03] EXEC IGC_Monster_KillCount_Save 'refuseAE', 454
[20:59:03] SQLSTATE: 42S02, Diagnosis: [Microsoft][ODBC SQL Server Driver][SQL Server]Invalid object name 'MonsterKillCount'.
[20:59:03] EXEC IGC_Monster_KillCount_Save 'Saken', 772
[20:59:03] SQLSTATE: 42S02, Diagnosis: [Microsoft][ODBC SQL Server Driver][SQL Server]Invalid object name 'MonsterKillCount'.
[20:59:03] EXEC IGC_Monster_KillCount_Save '3KunDun', 484
[20:59:03] SQLSTATE: 42S02, Diagnosis: [Microsoft][ODBC SQL Server Driver][SQL Server]Invalid object name 'MonsterKillCount'.
[20:59:03] EXEC IGC_Monster_KillCount_Save 'ThayOngNoi', 770
[20:59:03] SQLSTATE: 42S02, Diagnosis: [Microsoft][ODBC SQL Server Driver][SQL Server]Invalid object name 'MonsterKillCount'.
[20:59:03] EXEC IGC_Monster_KillCount_Save 'Kiborg', 771
[20:59:03] SQLSTATE: 42S02, Diagnosis: [Microsoft][ODBC SQL Server Driver][SQL Server]Invalid object name 'MonsterKillCount'.
[20:59:03] EXEC IGC_Monster_KillCount_Save 'FunnyBunny', 771
[20:59:03] SQLSTATE: 42S02, Diagnosis: [Microsoft][ODBC SQL Server Driver][SQL Server]Invalid object name 'MonsterKillCount'.
[20:59:03] EXEC IGC_Monster_KillCount_Save 'VNZzGLzZVN', 786
[20:59:03] SQLSTATE: 42S02, Diagnosis: [Microsoft][ODBC SQL Server Driver][SQL Server]Invalid object name 'MonsterKillCount'.
[20:59:03] EXEC IGC_Monster_KillCount_Save 'KimChuaXau', 786
[20:59:03] SQLSTATE: 42S02, Diagnosis: [Microsoft][ODBC SQL Server Driver][SQL Server]Invalid object name 'MonsterKillCount'.
[20:59:03] EXEC IGC_Monster_KillCount_Save 'iskerka', 787
[20:59:03] SQLSTATE: 42S02, Diagnosis: [Microsoft][ODBC SQL Server Driver][SQL Server]Invalid object name 'MonsterKillCount'.
[20:59:03] EXEC IGC_Monster_KillCount_Save 'refuseMG', 311
[20:59:03] SQLSTATE: 42S02, Diagnosis: [Microsoft][ODBC SQL Server Driver][SQL Server]Invalid object name 'MonsterKillCount'.
[20:59:03] EXEC IGC_Monster_KillCount_Save 'TDLove2', 570
[20:59:03] SQLSTATE: 42S02, Diagnosis: [Microsoft][ODBC SQL Server Driver][SQL Server]Invalid object name 'MonsterKillCount'.
[20:59:03] EXEC IGC_Monster_KillCount_Save 'TDLove2', 570
[20:59:03] SQLSTATE: 42S02, Diagnosis: [Microsoft][ODBC SQL Server Driver][SQL Server]Invalid object name 'MonsterKillCount'.
[20:59:03] EXEC IGC_Monster_KillCount_Save 'TDLove2', 570
[20:59:03] SQLSTATE: 42S02, Diagnosis: [Microsoft][ODBC SQL Server Driver][SQL Server]Invalid object name 'MonsterKillCount'.
[20:59:03] EXEC IGC_Monster_KillCount_Save 'TDLove2', 570
[20:59:03] SQLSTATE: 42S02, Diagnosis: [Microsoft][ODBC SQL Server Driver][SQL Server]Invalid object name 'MonsterKillCount'.
[20:59:03] EXEC IGC_Monster_KillCount_Save 'TDLove2', 570
[20:59:03] SQLSTATE: 42S02, Diagnosis: [Microsoft][ODBC SQL Server Driver][SQL Server]Invalid object name 'MonsterKillCount'.
[20:59:03] EXEC IGC_Monster_KillCount_Save 'TARRASQUE', 767
[20:59:03] SQLSTATE: 42S02, Diagnosis: [Microsoft][ODBC SQL Server Driver][SQL Server]Invalid object name 'MonsterKillCount'.
[20:59:03] EXEC IGC_Monster_KillCount_Save 'CnokouHo', 767
[20:59:03] SQLSTATE: 42S02, Diagnosis: [Microsoft][ODBC SQL Server Driver][SQL Server]Invalid object name 'MonsterKillCount'.
[20:59:03] EXEC IGC_Monster_KillCount_Save 'Winter', 787
[20:59:03] SQLSTATE: 42S02, Diagnosis: [Microsoft][ODBC SQL Server Driver][SQL Server]Invalid object name 'MonsterKillCount'.
[20:59:03] EXEC IGC_Monster_KillCount_Save 'ARJHOTV', 569
[20:59:03] SQLSTATE: 42S02, Diagnosis: [Microsoft][ODBC SQL Server Driver][SQL Server]Invalid object name 'MonsterKillCount'.
[20:59:03] EXEC IGC_Monster_KillCount_Save 'Resnais', 768
[20:59:03] SQLSTATE: 42S02, Diagnosis: [Microsoft][ODBC SQL Server Driver][SQL Server]Invalid object name 'MonsterKillCount'.
[20:59:03] EXEC IGC_Monster_KillCount_Save 'Resnais', 768
[20:59:03] SQLSTATE: 42S02, Diagnosis: [Microsoft][ODBC SQL Server Driver][SQL Server]Invalid object name 'MonsterKillCount'.
[20:59:03] EXEC IGC_Monster_KillCount_Save 'Canalha', 39
[20:59:03] SQLSTATE: 42S02, Diagnosis: [Microsoft][ODBC SQL Server Driver][SQL Server]Invalid object name 'MonsterKillCount'.
[20:59:03] EXEC IGC_Monster_KillCount_Save 'TOP1FARMJW', 351
[20:59:03] SQLSTATE: 42S02, Diagnosis: [Microsoft][ODBC SQL Server Driver][SQL Server]Invalid object name 'MonsterKillCount'.
[20:59:03] EXEC IGC_Monster_KillCount_Save '2MeThienHa', 358
[20:59:03] SQLSTATE: 42S02, Diagnosis: [Microsoft][ODBC SQL Server Driver][SQL Server]Invalid object name 'MonsterKillCount'.
[20:59:03] EXEC IGC_Monster_KillCount_Save '2MeThienHa', 358
[20:59:03] SQLSTATE: 42S02, Diagnosis: [Microsoft][ODBC SQL Server Driver][SQL Server]Invalid object name 'MonsterKillCount'.
[20:59:03] EXEC IGC_Monster_KillCount_Save '2MeThienHa', 358
[20:59:03] SQLSTATE: 42S02, Diagnosis: [Microsoft][ODBC SQL Server Driver][SQL Server]Invalid object name 'MonsterKillCount'.
[20:59:03] EXEC IGC_Monster_KillCount_Save '2MeThienHa', 358
[20:59:03] SQLSTATE: 42S02, Diagnosis: [Microsoft][ODBC SQL Server Driver][SQL Server]Invalid object name 'MonsterKillCount'.
[20:59:03] EXEC IGC_Monster_KillCount_Save '2MeThienHa', 358
[20:59:03] SQLSTATE: 42S02, Diagnosis: [Microsoft][ODBC SQL Server Driver][SQL Server]Invalid object name 'MonsterKillCount'.
[20:59:03] EXEC IGC_Monster_KillCount_Save 'isk5', 447
[20:59:03] SQLSTATE: 42S02, Diagnosis: [Microsoft][ODBC SQL Server Driver][SQL Server]Invalid object name 'MonsterKillCount'.
[20:59:03] EXEC IGC_Monster_KillCount_Save 'isk5', 447
[20:59:03] SQLSTATE: 42S02, Diagnosis: [Microsoft][ODBC SQL Server Driver][SQL Server]Invalid object name 'MonsterKillCount'.
[20:59:03] EXEC IGC_Monster_KillCount_Save 'isk5', 447
[20:59:03] SQLSTATE: 42S02, Diagnosis: [Microsoft][ODBC SQL Server Driver][SQL Server]Invalid object name 'MonsterKillCount'.
[20:59:03] EXEC IGC_Monster_KillCount_Save 'isk5', 447
[20:59:03] SQLSTATE: 42S02, Diagnosis: [Microsoft][ODBC SQL Server Driver][SQL Server]Invalid object name 'MonsterKillCount'.
[20:59:03] EXEC IGC_Monster_KillCount_Save 'isk5', 447
[20:59:03] SQLSTATE: 42S02, Diagnosis: [Microsoft][ODBC SQL Server Driver][SQL Server]Invalid object name 'MonsterKillCount'.
[20:59:03] EXEC IGC_Monster_KillCount_Save '4Mage', 484
[20:59:03] SQLSTATE: 42S02, Diagnosis: [Microsoft][ODBC SQL Server Driver][SQL Server]Invalid object name 'MonsterKillCount'.
[20:59:03] EXEC IGC_Monster_KillCount_Save 'Tarabas', 586
[20:59:03] SQLSTATE: 42S02, Diagnosis: [Microsoft][ODBC SQL Server Driver][SQL Server]Invalid object name 'MonsterKillCount'.
[20:59:03] EXEC IGC_Monster_KillCount_Save 'ArthurMD', 589
[20:59:03] SQLSTATE: 42S02, Diagnosis: [Microsoft][ODBC SQL Server Driver][SQL Server]Invalid object name 'MonsterKillCount'.
[20:59:03] EXEC IGC_Monster_KillCount_Save 'Barracuda', 714
[20:59:03] SQLSTATE: 42S02, Diagnosis: [Microsoft][ODBC SQL Server Driver][SQL Server]Invalid object name 'MonsterKillCount'.
[20:59:03] EXEC IGC_Monster_KillCount_Save 'ThayDayLy', 770
[20:59:03] SQLSTATE: 42S02, Diagnosis: [Microsoft][ODBC SQL Server Driver][SQL Server]Invalid object name 'MonsterKillCount'.
[20:59:03] EXEC IGC_Monster_KillCount_Save 'Insane', 772
[20:59:03] SQLSTATE: 42S02, Diagnosis: [Microsoft][ODBC SQL Server Driver][SQL Server]Invalid object name 'MonsterKillCount'.
[20:59:03] EXEC IGC_Monster_KillCount_Save 'Elvis', 789
[20:59:03] SQLSTATE: 42S02, Diagnosis: [Microsoft][ODBC SQL Server Driver][SQL Server]Invalid object name 'MonsterKillCount'.
[20:59:03] EXEC IGC_Monster_KillCount_Save 'D123', 789
[20:59:03] SQLSTATE: 42S02, Diagnosis: [Microsoft][ODBC SQL Server Driver][SQL Server]Invalid object name 'MonsterKillCount'.
[20:59:03] EXEC IGC_HuntingRecordInfoSave 'svin', 'Yamato', 56, 2024, 12, 27, 950, 73, 955586, 5180, 0, 3, 0, 7, 112580, 43730, 1908, 1487, 0, 0
[20:59:03] EXEC IGC_Monster_KillCount_Save 'Ruub', 358
[20:59:03] SQLSTATE: 42S02, Diagnosis: [Microsoft][ODBC SQL Server Driver][SQL Server]Invalid object name 'MonsterKillCount'.
[20:59:03] EXEC IGC_Monster_KillCount_Save 'TDLove3', 569
[20:59:03] SQLSTATE: 42S02, Diagnosis: [Microsoft][ODBC SQL Server Driver][SQL Server]Invalid object name 'MonsterKillCount'.
[20:59:04] EXEC IGC_Monster_KillCount_Save 'TDLove3', 569
[20:59:04] SQLSTATE: 42S02, Diagnosis: [Microsoft][ODBC SQL Server Driver][SQL Server]Invalid object name 'MonsterKillCount'.
[20:59:04] EXEC IGC_Monster_KillCount_Save 'TDLove3', 569
[20:59:04] SQLSTATE: 42S02, Diagnosis: [Microsoft][ODBC SQL Server Driver][SQL Server]Invalid object name 'MonsterKillCount'.
[20:59:04] EXEC IGC_Monster_KillCount_Save 'HongAnhGL', 730
[20:59:04] SQLSTATE: 42S02, Diagnosis: [Microsoft][ODBC SQL Server Driver][SQL Server]Invalid object name 'MonsterKillCount'.
[20:59:04] EXEC IGC_Monster_KillCount_Save 'Winter', 787
[20:59:04] SQLSTATE: 42S02, Diagnosis: [Microsoft][ODBC SQL Server Driver][SQL Server]Invalid object name 'MonsterKillCount'.
[20:59:04] EXEC IGC_Monster_KillCount_Save 'Lancer', 35
[20:59:04] SQLSTATE: 42S02, Diagnosis: [Microsoft][ODBC SQL Server Driver][SQL Server]Invalid object name 'MonsterKillCount'.
[20:59:04] EXEC IGC_Monster_KillCount_Save '3WindSoul', 445
[20:59:04] SQLSTATE: 42S02, Diagnosis: [Microsoft][ODBC SQL Server Driver][SQL Server]Invalid object name 'MonsterKillCount'.
[20:59:04] EXEC IGC_Monster_KillCount_Save 'isker', 449
[20:59:04] SQLSTATE: 42S02, Diagnosis: [Microsoft][ODBC SQL Server Driver][SQL Server]Invalid object name 'MonsterKillCount'.
[20:59:04] EXEC IGC_Monster_KillCount_Save '05IK', 484
[20:59:04] SQLSTATE: 42S02, Diagnosis: [Microsoft][ODBC SQL Server Driver][SQL Server]Invalid object name 'MonsterKillCount'.
[20:59:04] EXEC IGC_Monster_KillCount_Save '05IK', 484
[20:59:04] SQLSTATE: 42S02, Diagnosis: [Microsoft][ODBC SQL Server Driver][SQL Server]Invalid object name 'MonsterKillCount'.
[20:59:04] EXEC IGC_Monster_KillCount_Save '05IK', 484
[20:59:04] SQLSTATE: 42S02, Diagnosis: [Microsoft][ODBC SQL Server Driver][SQL Server]Invalid object name 'MonsterKillCount'.
[20:59:04] EXEC IGC_Monster_KillCount_Save '05IK', 484
[20:59:04] SQLSTATE: 42S02, Diagnosis: [Microsoft][ODBC SQL Server Driver][SQL Server]Invalid object name 'MonsterKillCount'.
[20:59:04] EXEC IGC_Monster_KillCount_Save '05IK', 484
[20:59:04] SQLSTATE: 42S02, Diagnosis: [Microsoft][ODBC SQL Server Driver][SQL Server]Invalid object name 'MonsterKillCount'.
[20:59:04] EXEC IGC_Monster_KillCount_Save '3KunDun', 484
[20:59:04] SQLSTATE: 42S02, Diagnosis: [Microsoft][ODBC SQL Server Driver][SQL Server]Invalid object name 'MonsterKillCount'.
[20:59:04] EXEC IGC_Monster_KillCount_Save 'The6', 730
[20:59:04] SQLSTATE: 42S02, Diagnosis: [Microsoft][ODBC SQL Server Driver][SQL Server]Invalid object name 'MonsterKillCount'.
[20:59:04] EXEC IGC_Monster_KillCount_Save 'The6', 730
[20:59:04] SQLSTATE: 42S02, Diagnosis: [Microsoft][ODBC SQL Server Driver][SQL Server]Invalid object name 'MonsterKillCount'.
[20:59:04] EXEC IGC_Monster_KillCount_Save 'The6', 730
[20:59:04] SQLSTATE: 42S02, Diagnosis: [Microsoft][ODBC SQL Server Driver][SQL Server]Invalid object name 'MonsterKillCount'.
[20:59:04] EXEC IGC_Monster_KillCount_Save 'Buff666', 768
[20:59:04] SQLSTATE: 42S02, Diagnosis: [Microsoft][ODBC SQL Server Driver][SQL Server]Invalid object name 'MonsterKillCount'.
[20:59:04] EXEC IGC_Monster_KillCount_Save 'cs113', 768
[20:59:04] SQLSTATE: 42S02, Diagnosis: [Microsoft][ODBC SQL Server Driver][SQL Server]Invalid object name 'MonsterKillCount'.
[20:59:04] EXEC IGC_Monster_KillCount_Save 'iskerka', 787
[20:59:04] SQLSTATE: 42S02, Diagnosis: [Microsoft][ODBC SQL Server Driver][SQL Server]Invalid object name 'MonsterKillCount'.
[20:59:04] EXEC IGC_HuntingRecordLoad_Current 'svin', 'Yamato', 56, 2024, 12, 27
[20:59:04] EXEC IGC_Monster_KillCount_Save 'TDLove3', 569
[20:59:04] SQLSTATE: 42S02, Diagnosis: [Microsoft][ODBC SQL Server Driver][SQL Server]Invalid object name 'MonsterKillCount'.
[20:59:04] EXEC IGC_Monster_KillCount_Save 'TDLove3', 569
[20:59:04] SQLSTATE: 42S02, Diagnosis: [Microsoft][ODBC SQL Server Driver][SQL Server]Invalid object name 'MonsterKillCount'.
[20:59:04] EXEC IGC_Monster_KillCount_Save 'zZElfHitZz', 770
[20:59:04] SQLSTATE: 42S02, Diagnosis: [Microsoft][ODBC SQL Server Driver][SQL Server]Invalid object name 'MonsterKillCount'.
[20:59:04] EXEC IGC_Monster_KillCount_Save 'Lysandra', 787
[20:59:04] SQLSTATE: 42S02, Diagnosis: [Microsoft][ODBC SQL Server Driver][SQL Server]Invalid object name 'MonsterKillCount'.
[20:59:04] EXEC IGC_Monster_KillCount_Save 'Mace', 456
[20:59:04] SQLSTATE: 42S02, Diagnosis: [Microsoft][ODBC SQL Server Driver][SQL Server]Invalid object name 'MonsterKillCount'.
[20:59:04] EXEC IGC_Monster_KillCount_Save 'ARJHOTV', 569
[20:59:04] SQLSTATE: 42S02, Diagnosis: [Microsoft][ODBC SQL Server Driver][SQL Server]Invalid object name 'MonsterKillCount'.
[20:59:04] EXEC IGC_Monster_KillCount_Save 'RatLaVaiL', 40
[20:59:04] SQLSTATE: 42S02, Diagnosis: [Microsoft][ODBC SQL Server Driver][SQL Server]Invalid object name 'MonsterKillCount'.
[20:59:04] EXEC IGC_Monster_KillCount_Save 'RatLaVaiL', 40
[20:59:04] SQLSTATE: 42S02, Diagnosis: [Microsoft][ODBC SQL Server Driver][SQL Server]Invalid object name 'MonsterKillCount'.
[20:59:04] EXEC IGC_Monster_KillCount_Save 'RatLaVaiL', 40
[20:59:04] SQLSTATE: 42S02, Diagnosis: [Microsoft][ODBC SQL Server Driver][SQL Server]Invalid object name 'MonsterKillCount'.
[20:59:04] EXEC IGC_Monster_KillCount_Save 'bbbbb', 353
[20:59:04] SQLSTATE: 42S02, Diagnosis: [Microsoft][ODBC SQL Server Driver][SQL Server]Invalid object name 'MonsterKillCount'.
[20:59:04] EXEC IGC_Monster_KillCount_Save 'Ruud', 358
[20:59:04] SQLSTATE: 42S02, Diagnosis: [Microsoft][ODBC SQL Server Driver][SQL Server]Invalid object name 'MonsterKillCount'.
[20:59:04] EXEC IGC_Monster_KillCount_Save '4Mage', 484
[20:59:04] SQLSTATE: 42S02, Diagnosis: [Microsoft][ODBC SQL Server Driver][SQL Server]Invalid object name 'MonsterKillCount'.
[20:59:04] EXEC IGC_Monster_KillCount_Save '100GL', 486
[20:59:04] SQLSTATE: 42S02, Diagnosis: [Microsoft][ODBC SQL Server Driver][SQL Server]Invalid object name 'MonsterKillCount'.
[20:59:04] EXEC IGC_Monster_KillCount_Save 'BaLaSuBaS', 573
[20:59:04] SQLSTATE: 42S02, Diagnosis: [Microsoft][ODBC SQL Server Driver][SQL Server]Invalid object name 'MonsterKillCount'.
[20:59:04] EXEC IGC_Monster_KillCount_Save 'BaLaSuBaS', 573
[20:59:04] SQLSTATE: 42S02, Diagnosis: [Microsoft][ODBC SQL Server Driver][SQL Server]Invalid object name 'MonsterKillCount'.
[20:59:04] EXEC IGC_Monster_KillCount_Save 'BaLaSuBaS', 573
[20:59:04] SQLSTATE: 42S02, Diagnosis: [Microsoft][ODBC SQL Server Driver][SQL Server]Invalid object name 'MonsterKillCount'.
[20:59:04] EXEC IGC_Monster_KillCount_Save 'Zlato4ka', 609
[20:59:04] SQLSTATE: 42S02, Diagnosis: [Microsoft][ODBC SQL Server Driver][SQL Server]Invalid object name 'MonsterKillCount'.
[20:59:04] EXEC IGC_Monster_KillCount_Save 'The7', 732
[20:59:04] SQLSTATE: 42S02, Diagnosis: [Microsoft][ODBC SQL Server Driver][SQL Server]Invalid object name 'MonsterKillCount'.
[20:59:04] EXEC IGC_Monster_KillCount_Save 'ThayDayLy', 770
[20:59:04] SQLSTATE: 42S02, Diagnosis: [Microsoft][ODBC SQL Server Driver][SQL Server]Invalid object name 'MonsterKillCount'.
[20:59:04] EXEC IGC_Monster_KillCount_Save 'GL01', 770
[20:59:04] SQLSTATE: 42S02, Diagnosis: [Microsoft][ODBC SQL Server Driver][SQL Server]Invalid object name 'MonsterKillCount'.
[20:59:04] EXEC IGC_Monster_KillCount_Save 'xXxXx', 786
[20:59:04] SQLSTATE: 42S02, Diagnosis: [Microsoft][ODBC SQL Server Driver][SQL Server]Invalid object name 'MonsterKillCount'.
[20:59:04] EXEC IGC_Monster_KillCount_Save 'ThayMocLop', 786
[20:59:04] SQLSTATE: 42S02, Diagnosis: [Microsoft][ODBC SQL Server Driver][SQL Server]Invalid object name 'MonsterKillCount'.
[20:59:04] EXEC IGC_Monster_KillCount_Save 'Mrdka', 743
[20:59:04] SQLSTATE: 42S02, Diagnosis: [Microsoft][ODBC SQL Server Driver][SQL Server]Invalid object name 'MonsterKillCount'.
[20:59:04] EXEC IGC_Monster_KillCount_Save 'Lemberg', 767
[20:59:04] SQLSTATE: 42S02, Diagnosis: [Microsoft][ODBC SQL Server Driver][SQL Server]Invalid object name 'MonsterKillCount'.
[20:59:05] EXEC IGC_Monster_KillCount_Save 'refuseAE', 454
[20:59:05] SQLSTATE: 42S02, Diagnosis: [Microsoft][ODBC SQL Server Driver][SQL Server]Invalid object name 'MonsterKillCount'.
[20:59:05] EXEC IGC_Monster_KillCount_Save 'isk6', 20
[20:59:05] SQLSTATE: 42S02, Diagnosis: [Microsoft][ODBC SQL Server Driver][SQL Server]Invalid object name 'MonsterKillCount'.
[20:59:05] EXEC IGC_Monster_KillCount_Save 'RatLaVaiL', 40
[20:59:05] SQLSTATE: 42S02, Diagnosis: [Microsoft][ODBC SQL Server Driver][SQL Server]Invalid object name 'MonsterKillCount'.
[20:59:05] EXEC IGC_Monster_KillCount_Save '9PORSCHE', 45
[20:59:05] SQLSTATE: 42S02, Diagnosis: [Microsoft][ODBC SQL Server Driver][SQL Server]Invalid object name 'MonsterKillCount'.
[20:59:05] EXEC IGC_Monster_KillCount_Save 'bbbbb', 353
[20:59:05] SQLSTATE: 42S02, Diagnosis: [Microsoft][ODBC SQL Server Driver][SQL Server]Invalid object name 'MonsterKillCount'.
[20:59:05] EXEC IGC_Monster_KillCount_Save 'Tarabas', 586
[20:59:05] SQLSTATE: 42S02, Diagnosis: [Microsoft][ODBC SQL Server Driver][SQL Server]Invalid object name 'MonsterKillCount'.
[20:59:05] EXEC IGC_Monster_KillCount_Save 'pigiVN', 732
[20:59:05] SQLSTATE: 42S02, Diagnosis: [Microsoft][ODBC SQL Server Driver][SQL Server]Invalid object name 'MonsterKillCount'.
[20:59:05] EXEC IGC_Monster_KillCount_Save 'cs113', 768
[20:59:05] SQLSTATE: 42S02, Diagnosis: [Microsoft][ODBC SQL Server Driver][SQL Server]Invalid object name 'MonsterKillCount'.
[20:59:05] EXEC IGC_Monster_KillCount_Save 'CS114', 768
[20:59:05] SQLSTATE: 42S02, Diagnosis: [Microsoft][ODBC SQL Server Driver][SQL Server]Invalid object name 'MonsterKillCount'.
[20:59:05] EXEC IGC_Monster_KillCount_Save 'qwer', 787
[20:59:05] SQLSTATE: 42S02, Diagnosis: [Microsoft][ODBC SQL Server Driver][SQL Server]Invalid object name 'MonsterKillCount'.
[20:59:05] EXEC IGC_Monster_KillCount_Save 'qwer', 787
[20:59:05] SQLSTATE: 42S02, Diagnosis: [Microsoft][ODBC SQL Server Driver][SQL Server]Invalid object name 'MonsterKillCount'.
[20:59:05] EXEC IGC_Monster_KillCount_Save 'qwer', 787
[20:59:05] SQLSTATE: 42S02, Diagnosis: [Microsoft][ODBC SQL Server Driver][SQL Server]Invalid object name 'MonsterKillCount'.
[20:59:05] SELECT Name FROM OptionData WHERE Name='DTLove7'
[20:59:05] UPDATE OptionData SET GameOption=29, Qkey=255, Wkey=255, Ekey=255, ChatWindow=0, Rkey=0, QWERLevel=658184, EnableChangeMode=0, PlayGuideLv=400, PlayGuideCK=0 WHERE Name='DTLove7'
[20:59:05] UPDATE OptionData SET SkillKey=? where Name='DTLove7'
[20:59:05] EXEC IGC_Monster_KillCount_Save 'DarkIK', 770
[20:59:05] SQLSTATE: 42S02, Diagnosis: [Microsoft][ODBC SQL Server Driver][SQL Server]Invalid object name 'MonsterKillCount'.
[20:59:05] EXEC IGC_Monster_KillCount_Save 'Lysandra', 787
[20:59:05] SQLSTATE: 42S02, Diagnosis: [Microsoft][ODBC SQL Server Driver][SQL Server]Invalid object name 'MonsterKillCount'.
[20:59:05] EXEC IGC_Monster_KillCount_Save 'Lysandra', 787
[20:59:05] SQLSTATE: 42S02, Diagnosis: [Microsoft][ODBC SQL Server Driver][SQL Server]Invalid object name 'MonsterKillCount'.
[20:59:05] EXEC IGC_Monster_KillCount_Save 'Lysandra', 787
[20:59:05] SQLSTATE: 42S02, Diagnosis: [Microsoft][ODBC SQL Server Driver][SQL Server]Invalid object name 'MonsterKillCount'.
[20:59:05] EXEC IGC_Monster_KillCount_Save 'Hocok', 446
[20:59:05] SQLSTATE: 42S02, Diagnosis: [Microsoft][ODBC SQL Server Driver][SQL Server]Invalid object name 'MonsterKillCount'.
[20:59:05] EXEC IGC_Monster_KillCount_Save 'Hocok', 446
[20:59:05] SQLSTATE: 42S02, Diagnosis: [Microsoft][ODBC SQL Server Driver][SQL Server]Invalid object name 'MonsterKillCount'.
[20:59:05] EXEC IGC_Monster_KillCount_Save '4Mage', 484
[20:59:05] SQLSTATE: 42S02, Diagnosis: [Microsoft][ODBC SQL Server Driver][SQL Server]Invalid object name 'MonsterKillCount'.
[20:59:05] EXEC IGC_Monster_KillCount_Save '4Mage', 484
[20:59:05] SQLSTATE: 42S02, Diagnosis: [Microsoft][ODBC SQL Server Driver][SQL Server]Invalid object name 'MonsterKillCount'.
[20:59:05] EXEC IGC_Monster_KillCount_Save 'BaLaSuBaS', 573
[20:59:05] SQLSTATE: 42S02, Diagnosis: [Microsoft][ODBC SQL Server Driver][SQL Server]Invalid object name 'MonsterKillCount'.
[20:59:05] EXEC IGC_Monster_KillCount_Save 'BaLaSuBaS', 573
[20:59:05] SQLSTATE: 42S02, Diagnosis: [Microsoft][ODBC SQL Server Driver][SQL Server]Invalid object name 'MonsterKillCount'.
[20:59:05] EXEC IGC_Monster_KillCount_Save 'KimChuaXau', 786
[20:59:05] SQLSTATE: 42S02, Diagnosis: [Microsoft][ODBC SQL Server Driver][SQL Server]Invalid object name 'MonsterKillCount'.
[20:59:05] EXEC IGC_Monster_KillCount_Save 'iskerka', 787
[20:59:05] SQLSTATE: 42S02, Diagnosis: [Microsoft][ODBC SQL Server Driver][SQL Server]Invalid object name 'MonsterKillCount'.
[20:59:05] EXEC IGC_Monster_KillCount_Save 'Elvis', 789
[20:59:05] SQLSTATE: 42S02, Diagnosis: [Microsoft][ODBC SQL Server Driver][SQL Server]Invalid object name 'MonsterKillCount'.
[20:59:05] SELECT Name FROM IGC_FavouriteWarpData WHERE Name = 'DTLove7'
[20:59:05] UPDATE IGC_FavouriteWarpData SET WarpIndex_1 = -1, WarpMapNum_1 = -1, WarpIndex_2 = -1, WarpMapNum_2 = -1, WarpIndex_3 = -1, WarpMapNum_3 = -1, WarpIndex_4 = -1, WarpMapNum_4 = -1, WarpIndex_5 = -1, WarpMapNum_5 = -1 WHERE Name = 'DTLove7'
